candidate,window,starts,trades,net_bp,gross_per_trade_bp
rule:order_flow,1,2024-02-03,554,-8219.208796253293,1.4518156568168725
rule:order_flow,2,2024-02-05,584,-8532.795471948737,2.0079116587082106
rule:order_flow,3,2024-02-07,566,-8386.980113559875,2.343574598627263
rule:order_flow,4,2024-02-09,457,-6714.342488818283,2.0911220006935616
rule:order_flow,5,2024-02-11,591,-9412.363113829086,1.3145171433923635
rule:order_flow,6,2024-02-13,550,-7474.232607687193,3.001903387311433
rule:order_flow,7,2024-02-15,568,-8602.37963435582,2.115319715154541
rule:order_flow,8,2024-02-17,523,-8185.72578892397,1.1702492853234097
rule:order_flow,9,2024-02-19,554,-8769.683530115417,1.4795421339213417
rule:order_flow,10,2024-02-21,583,-9585.41448718167,1.7851248612786865
rule:order_flow,11,2024-02-23,599,-8771.231837177114,2.5592306119291917
rule:order_flow,12,2024-02-25,604,-8390.184753463162,2.8237159972764867
rule:order_flow,13,2024-02-27,659,-10298.350183453698,1.4893971362542944
rule:order_flow,14,2024-02-29,647,-10576.994484982253,-0.19207146602988134
rule:order_flow,15,2024-03-02,645,-7358.095848181902,4.5182779803289
rule:order_flow,16,2024-03-04,603,-7426.393396295925,4.77634723864914
rule:order_flow,17,2024-03-06,434,-6364.713304387851,2.312528054443978
rule:order_flow,18,2024-03-08,524,-7988.038380963593,0.5864454764767973
rule:momentum,1,2024-02-03,37,-509.9136566820951,2.9868656889752074
rule:momentum,2,2024-02-05,15,-161.37355487830428,6.889212926264023
rule:momentum,3,2024-02-07,19,-323.8845060529654,0.6965638539800848
rule:momentum,4,2024-02-09,21,-322.37171148468235,2.1549812077638006
rule:momentum,5,2024-02-11,19,-406.75868805082723,-3.545488635846232
rule:momentum,6,2024-02-13,32,-615.4450563050775,-0.6849158194364655
rule:momentum,7,2024-02-15,21,-523.6969369955414,-7.29291245487532
rule:momentum,8,2024-02-17,25,-323.6872927260589,4.688154637340914
rule:momentum,9,2024-02-19,12,-58.25832206507768,13.93759611842099
rule:momentum,10,2024-02-21,7,-85.60597043013692,7.916886833060831
rule:momentum,11,2024-02-23,15,-435.409494867599,-12.229651935235548
rule:momentum,12,2024-02-25,22,-297.75951100605045,3.751734166102729
rule:momentum,13,2024-02-27,31,-183.25614871374972,13.836816358460803
rule:momentum,14,2024-02-29,44,-535.5332334277989,6.2427862695506455
rule:momentum,15,2024-03-02,23,360.4132919074208,35.541546007461804
rule:momentum,16,2024-03-04,14,352.5362637082997,46.9075939473563
rule:momentum,17,2024-03-06,19,-454.8930212614242,-6.864247062086397
rule:momentum,18,2024-03-08,42,-738.4279205105519,0.16409504061946156
rule:mean_reversion,1,2024-02-03,49,-854.0457295917402,-0.8244908527404208
rule:mean_reversion,2,2024-02-05,19,-343.49895766551174,-0.18858315124001698
rule:mean_reversion,3,2024-02-07,29,-395.0524595239764,4.159094207102557
rule:mean_reversion,4,2024-02-09,25,-464.65373077598065,-0.9041127597045673
rule:mean_reversion,5,2024-02-11,20,-377.1638457782432,-1.1594231808880193
rule:mean_reversion,6,2024-02-13,41,-899.2102305034671,-3.3399447730289236
rule:mean_reversion,7,2024-02-15,23,-566.3317407236352,-6.843425686478146
rule:mean_reversion,8,2024-02-17,30,-430.27319703718746,3.219474916552685
rule:mean_reversion,9,2024-02-19,13,-410.6268968991625,-12.436698675308406
rule:mean_reversion,10,2024-02-21,7,-153.3864406460815,-1.7660374835026798
rule:mean_reversion,11,2024-02-23,15,-97.00841019259379,10.330420376431467
rule:mean_reversion,12,2024-02-25,24,-734.2967082074865,-12.645709117960573
rule:mean_reversion,13,2024-02-27,42,-2001.779152996104,-27.43926155469698
rule:mean_reversion,14,2024-02-29,51,-1234.018542480268,-6.547734936967247
rule:mean_reversion,15,2024-03-02,35,-1145.6021583434072,-10.85096766237127
rule:mean_reversion,16,2024-03-04,18,421.96449081123205,47.85487303562905
rule:mean_reversion,17,2024-03-06,5,55.65312881986033,28.6908449745511
rule:mean_reversion,18,2024-03-08,30,-725.5809988128483,-5.325371119689411
rule:breakout,10,2024-02-21,14,-179.9129682402804,7.573911072568504
rule:breakout,11,2024-02-23,32,-793.4616504358846,-6.292871086663597
rule:breakout,12,2024-02-25,25,-497.83782867004686,-1.7031633319402937
rule:breakout,13,2024-02-27,3,-7.7086026884392815,16.292141464328
rule:breakout,17,2024-03-06,13,-370.99936227434137,-8.222332371423581
rule:spread_capture,1,2024-02-03,446,-5916.545957117188,1.6365376345152352
rule:spread_capture,2,2024-02-05,434,-5776.142767726604,1.7086209566059054
rule:spread_capture,3,2024-02-07,395,-4907.953773556394,2.598155520142555
rule:spread_capture,4,2024-02-09,322,-4427.211568124752,1.2545662920639884
rule:spread_capture,5,2024-02-11,465,-5820.735927287704,2.4150974522412123
rule:spread_capture,6,2024-02-13,488,-6764.439882751749,1.0119146478230399
rule:spread_capture,7,2024-02-15,510,-6205.540506636078,2.724166001961054
rule:spread_capture,8,2024-02-17,239,-3039.1059087732274,2.2401074883514145
rule:spread_capture,9,2024-02-19,498,-7465.216822894474,0.2714453984882242
rule:spread_capture,10,2024-02-21,517,-6640.6671297616185,3.498290068747175
rule:spread_capture,11,2024-02-23,487,-6871.158168147453,1.3285946805544349
rule:spread_capture,12,2024-02-25,497,-5475.083710899558,3.9900671667130996
rule:spread_capture,13,2024-02-27,540,-7311.038547184205,1.4042095385399243
rule:spread_capture,14,2024-02-29,476,-8915.578726281281,-4.119036793136218
rule:spread_capture,15,2024-03-02,461,-5617.037326761678,1.8418088646658313
rule:spread_capture,16,2024-03-04,426,-3902.537908545878,5.242097424060154
rule:spread_capture,17,2024-03-06,393,-4217.669682003379,3.8592422375592395
rule:spread_capture,18,2024-03-08,450,-5634.448550717531,1.5523636904991367
ml:logistic,1,2024-02-03,342,-5238.828749348064,1.0249087086622213
ml:logistic,2,2024-02-05,23,-354.81554010593015,0.9046058594891254
ml:logistic,3,2024-02-07,50,-595.1902833519666,3.9477822556912567
ml:logistic,4,2024-02-09,231,-3703.49910929595,1.4037254860502526
ml:logistic,5,2024-02-11,310,-4747.23737034423,2.912800261182597
ml:logistic,6,2024-02-13,325,-5759.911269912801,0.34003020007140095
ml:logistic,7,2024-02-15,24,11.23560871069244,15.079599579079044
ml:logistic,8,2024-02-17,34,-628.6166456724103,-3.1540292280567246
ml:logistic,9,2024-02-19,9,101.19505111136417,26.82487998666167
ml:logistic,10,2024-02-21,3,-149.27846730484333,-34.42279888571709
ml:logistic,11,2024-02-23,28,-295.274922060238,4.557158637726125
ml:logistic,12,2024-02-25,16,-85.44128951151961,10.130166998777584
ml:logistic,13,2024-02-27,29,-316.42114848933267,4.4192202295437095
ml:logistic,14,2024-02-29,123,-2662.9585037464285,-5.794073246806593
ml:logistic,15,2024-03-02,15,-5.047176322539499,14.081722321816374
ml:logistic,16,2024-03-04,2,629.4791729406923,338.46180819538944
ml:logistic,17,2024-03-06,6,-333.6751185850206,-41.47273030109847
ml:logistic,18,2024-03-08,12,27.653365321923587,16.614522936957144
ml:xgboost_depth,1,2024-02-03,153,-2423.2655402405303,1.2885909971498906
ml:xgboost_depth,2,2024-02-05,27,-474.1154543819506,-0.1733003233763935
ml:xgboost_depth,3,2024-02-07,28,-229.07228368210298,8.960510212634482
ml:xgboost_depth,4,2024-02-09,15,-133.9728773892785,9.363685387330603
ml:xgboost_depth,5,2024-02-11,28,-460.33338499099375,1.2470454950970287
ml:xgboost_depth,6,2024-02-13,74,-1261.739493457848,0.3118437348240357
ml:xgboost_depth,7,2024-02-15,125,-2292.125374617026,-0.6292550759534079
ml:xgboost_depth,8,2024-02-17,19,-352.7537830952809,-1.8160582571680182
ml:xgboost_depth,9,2024-02-19,23,-148.55684800447455,9.40210221502205
ml:xgboost_depth,10,2024-02-21,13,-177.62113090972753,3.32068608615036
ml:xgboost_depth,11,2024-02-23,17,-273.05985112262,-0.2852195006802461
ml:xgboost_depth,12,2024-02-25,30,-513.9123400394254,0.46393125812497576
ml:xgboost_depth,13,2024-02-27,55,-824.3985761759576,5.500217320711123
ml:xgboost_depth,14,2024-02-29,41,-485.3359332693867,5.0355563056981305
ml:xgboost_depth,15,2024-03-02,389,-7022.613640097052,-0.9285784047707863
ml:xgboost_depth,16,2024-03-04,141,-2948.8331993479815,-3.104312710180105
ml:xgboost_depth,17,2024-03-06,43,-465.1511825151011,4.606498218788934
ml:xgboost_depth,18,2024-03-08,19,-156.4237515724491,7.611954603106562
ml:ridge_smoothed,1,2024-02-03,254,-3925.108705099303,1.2061917822541812
ml:ridge_smoothed,2,2024-02-05,20,-64.30424072830033,12.734882383158006
ml:ridge_smoothed,3,2024-02-07,63,-836.4733681754888,2.25104108947966
ml:ridge_smoothed,4,2024-02-09,10,-164.50850354336052,-1.5675824053159604
ml:ridge_smoothed,5,2024-02-11,222,-2857.8250335951534,4.7935523045535415
ml:ridge_smoothed,6,2024-02-13,218,-3049.38993081803,3.2456141460624783
ml:ridge_smoothed,7,2024-02-15,281,-4534.122177264863,1.623687754869994
ml:ridge_smoothed,8,2024-02-17,11,186.13204525472807,33.943809671659125
ml:ridge_smoothed,9,2024-02-19,9,38.18101907629576,26.655891081060297
ml:ridge_smoothed,10,2024-02-21,7,-12.577781195946145,16.639536912646285
ml:ridge_smoothed,11,2024-02-23,16,-152.30500350548698,6.802697996118253
ml:ridge_smoothed,12,2024-02-25,21,-201.9172485293311,5.309789343866945
ml:ridge_smoothed,13,2024-02-27,32,-346.8605083800302,4.723527758343678
ml:ridge_smoothed,14,2024-02-29,179,-4066.144413049102,-6.5317038100239095
ml:ridge_smoothed,15,2024-03-02,9,-627.6539416765429,-55.28590064495255
ml:ridge_smoothed,16,2024-03-04,4,-116.40911510481624,-9.544229276958749
ml:ridge_smoothed,17,2024-03-06,229,-3700.7131263571346,0.15042625926985445
ml:ridge_smoothed,18,2024-03-08,146,-1994.0407657265441,1.9659612947261549
mix:winner240,1,2024-02-03,44,-573.8268242259982,2.627056596673681
mix:winner240,2,2024-02-05,29,-278.8507679611194,7.08745683136445
mix:winner240,3,2024-02-07,69,-897.9343905522113,3.297500695134544
mix:winner240,4,2024-02-09,13,-146.10777153898613,4.762494418508136
mix:winner240,5,2024-02-11,20,-298.8422738239899,0.12502494207278209
mix:winner240,6,2024-02-13,32,-343.02851208576567,4.815077196966485
mix:winner240,7,2024-02-15,22,-252.75900685525014,3.479440127258749
mix:winner240,8,2024-02-17,21,-440.4193613359865,-5.6020695722777285
mix:winner240,9,2024-02-19,18,-111.07289490846688,8.386560103946474
mix:winner240,10,2024-02-21,10,-90.76976266076245,5.6747989375717225
mix:winner240,11,2024-02-23,27,-135.15025372769747,10.481505357950633
mix:winner240,12,2024-02-25,14,-156.7931442668472,4.407325389323027
mix:winner240,13,2024-02-27,26,-357.38619997625335,1.8398668340283353
mix:winner240,14,2024-02-29,95,-2855.821735777897,-14.333487692826154
mix:winner240,15,2024-03-02,17,-517.9700670403093,-13.689453174751904
mix:winner240,16,2024-03-04,17,-100.21470388951003,13.825677188052747
mix:winner240,17,2024-03-06,6,-123.0085107812518,-5.482509106344291
mix:winner240,18,2024-03-08,17,-420.31162221608105,-8.130685671632724
