candidate,apply_starts,trades,net_bp,net_per_trade_bp
rule:order_flow,2024-02-15,2069,-31963.087332535128,-15.44856806792418
rule:order_flow,2024-02-17,2017,-31528.698581405788,-15.631481696284476
rule:order_flow,2024-02-19,2004,-31597.434610871045,-15.76718293955641
rule:order_flow,2024-02-21,2052,-30814.716641587478,-15.016918441319433
rule:order_flow,2024-02-23,2121,-32994.0153020885,-15.555877087264733
rule:order_flow,2024-02-25,2120,-33862.03145504495,-15.972656346719315
rule:order_flow,2024-02-27,2237,-33445.0992965368,-14.95087138870666
rule:order_flow,2024-02-29,2227,-33202.83806519095,-14.909222301387942
rule:order_flow,2024-03-02,2198,-29660.714099466928,-13.494410418319804
ml:logistic,2024-02-15,529,-8872.77070627566,-16.77272345231694
ml:logistic,2024-02-17,40,-1121.1009126427734,-28.027522816069336
ml:logistic,2024-02-19,34,-254.77813928881204,-7.49347468496506
ml:logistic,2024-02-21,84,-879.7660756013361,-10.473405661920667
ml:logistic,2024-02-23,77,-819.7143573969145,-10.645641005154733
ml:logistic,2024-02-25,158,-1439.6437859603197,-9.111669531394428
ml:logistic,2024-02-27,168,-2065.503328490012,-12.294662669583404
ml:logistic,2024-02-29,545,-8724.794568385005,-16.008797373183494
ml:logistic,2024-03-02,46,-2354.593643563975,-51.18681833834729
ml:xgboost_depth,2024-02-15,240,-3634.76362225327,-15.144848426055292
ml:xgboost_depth,2024-02-17,1000,-18209.5966189081,-18.2095966189081
ml:xgboost_depth,2024-02-19,64,-723.4098778392724,-11.303279341238632
ml:xgboost_depth,2024-02-21,43,-114.81544595412778,-2.670126650095995
ml:xgboost_depth,2024-02-23,83,-1360.6470922111403,-16.393338460375183
ml:xgboost_depth,2024-02-25,146,-4382.941086483289,-30.020144427967733
ml:xgboost_depth,2024-02-27,107,-2174.983644415609,-20.326949947809428
ml:xgboost_depth,2024-02-29,127,-1716.0177872392176,-13.51195108062376
ml:xgboost_depth,2024-03-02,991,-18590.047490833924,-18.758877387319803
