trained_on,applied_to,trades,net_bp,net_per_trade_bp
2024-02-01..2024-02-07,2024-02-07..2024-02-10,22,-340.7578575728204,-15.48899352603729
2024-02-07..2024-02-10,2024-02-10..2024-02-13,335,-5401.813030873957,-16.1248150175342
2024-02-10..2024-02-13,2024-02-13..2024-02-17,287,-4301.513044828544,-14.987850330413044
2024-02-13..2024-02-17,2024-02-17..2024-02-20,34,-480.84832042143216,-14.142597659453887
2024-02-17..2024-02-20,2024-02-20..2024-02-22,7,86.29429999486561,12.327757142123659
2024-02-20..2024-02-22,2024-02-22..2024-02-24,7,-102.01145260930082,-14.573064658471546
2024-02-22..2024-02-24,2024-02-24..2024-02-26,14,-3.279460136272501,-0.23424715259089293
2024-02-24..2024-02-26,2024-02-26..2024-02-28,20,-317.5267219412291,-15.876336097061454
2024-02-26..2024-02-28,2024-02-28..2024-03-01,107,-468.20753860999434,-4.3757713888784515
2024-02-28..2024-03-01,2024-03-01..2024-03-03,7,-300.439167287106,-42.91988104101514
2024-03-01..2024-03-03,2024-03-03..2024-03-05,1,0.431863823276883,0.431863823276883
2024-03-03..2024-03-05,2024-03-05..2024-03-07,14,-966.3328288307384,-69.02377348790989
2024-03-05..2024-03-07,2024-03-07..2024-03-10,3,53.14009293528008,17.713364311760028
