day,strategy,trades,net_bp,net_per_trade_bp
2024-02-22,order_flow,177.0,-2260.716865985447,-12.772411672234163
2024-02-23,order_flow,173.0,-1997.615305590598,-11.546909280870508
2024-02-24,order_flow,142.0,-1524.2810950831695,-10.734373909036405
2024-02-25,order_flow,154.0,-1848.0742953956715,-12.000482437634231
2024-02-26,order_flow,157.0,-1825.121223935871,-11.624975948636122
2024-02-27,order_flow,174.0,-1460.7061624417684,-8.394863002538898
2024-02-28,order_flow,187.0,-2870.6197330580753,-15.350907663412167
2024-02-29,order_flow,211.0,-2171.4587663063594,-10.29127377396379
2024-03-01,order_flow,175.0,-2156.1975259369065,-12.321128719639466
2024-03-02,order_flow,177.0,-2215.751173549192,-12.51836821214233
2024-03-03,order_flow,170.0,-1878.9436993086547,-11.052609995933263
2024-03-04,order_flow,204.0,-2668.758963271358,-13.08215178074195
2024-03-05,order_flow,254.0,-2629.634695930188,-10.352892503662158
2024-02-23,logistic,3.0,-95.45085160447259,-31.816950534824198
2024-02-24,logistic,1.0,-20.16909659236457,-20.16909659236457
2024-02-26,logistic,1.0,19.074543836795925,19.074543836795925
2024-02-27,logistic,6.0,-68.14735328755656,-11.35789221459276
2024-02-28,logistic,16.0,-445.0652442613394,-27.81657776633371
2024-02-29,logistic,13.0,-119.29451113710485,-9.176500856700374
2024-03-01,logistic,1.0,36.293247726572645,36.293247726572645
2024-03-02,logistic,2.0,71.54935720148984,35.77467860074492
2024-03-03,logistic,6.0,269.59447999543255,44.93241333257209
2024-03-04,logistic,15.0,-86.48717414052527,-5.765811609368352
2024-03-05,logistic,72.0,-1250.1722141068126,-17.36350297370573
2024-02-22,model_gated_by_rule,177.0,-2267.7261947202996,-12.812012399549715
2024-02-23,model_gated_by_rule,170.0,-2000.9684318475502,-11.770402540279706
2024-02-24,model_gated_by_rule,141.0,-1524.2652515825193,-10.810391855195173
2024-02-25,model_gated_by_rule,151.0,-1750.8067252598878,-11.59474652489992
2024-02-26,model_gated_by_rule,150.0,-1755.9731475944895,-11.70648765062993
2024-02-27,model_gated_by_rule,166.0,-1365.4212415944346,-8.225429166231534
2024-02-28,model_gated_by_rule,176.0,-1756.0697135766366,-9.977668827139981
2024-02-29,model_gated_by_rule,199.0,-2132.778559941502,-10.717480200711066
2024-03-01,model_gated_by_rule,171.0,-2169.4795428050447,-12.68701487020494
2024-03-02,model_gated_by_rule,171.0,-2060.9717892158997,-12.052466603601752
2024-03-03,model_gated_by_rule,168.0,-1969.5050984003378,-11.723244633335344
2024-03-04,model_gated_by_rule,189.0,-2557.258264052187,-13.530467005567127
2024-03-05,model_gated_by_rule,239.0,-2674.473570336525,-11.190265984671653
2024-02-22,breakout,221.0,-3048.6566361447244,-13.79482640789468
2024-02-23,breakout,224.0,-3093.1897839917606,-13.808882964248932
2024-02-24,breakout,182.0,-2322.342622394648,-12.760124298871693
2024-02-25,breakout,163.0,-2177.8884775818715,-13.361279003569763
2024-02-26,breakout,210.0,-2624.669533383292,-12.498426349444248
2024-02-27,breakout,260.0,-3160.2723460469506,-12.154893638642118
2024-02-28,breakout,270.0,-3023.685560624197,-11.198835409719248
2024-02-29,breakout,296.0,-3359.9511014166496,-11.351186153434627
2024-03-01,breakout,268.0,-3232.5268034021483,-12.061667176873687
2024-03-02,breakout,275.0,-3265.6746569265124,-11.875180570641863
2024-03-03,breakout,261.0,-3499.3491682499125,-13.407468077585872
2024-03-04,breakout,293.0,-3756.4850073509065,-12.820767943177156
2024-03-05,breakout,288.0,-3104.1002755696527,-10.778125956839071
2024-02-22,spread_capture,1.0,-0.11745505009802137,-0.11745505009802137
2024-02-26,spread_capture,14.0,-126.78790926460613,-9.056279233186151
2024-02-27,spread_capture,259.0,-3145.612217398052,-12.145220916594795
2024-02-28,spread_capture,274.0,-3351.905270987533,-12.233230916012895
2024-02-29,spread_capture,280.0,-2984.196981419559,-10.65784636221271
2024-03-01,spread_capture,261.0,-2985.8538686718416,-11.440053136673722
2024-03-02,spread_capture,268.0,-2987.664319162577,-11.14800119090514
2024-03-03,spread_capture,254.0,-3041.126268088512,-11.972938063340598
2024-03-04,spread_capture,271.0,-3200.4670917509306,-11.809841666977604
2024-03-05,spread_capture,207.0,-2707.571775314281,-13.080056885576235
