symbol,features,n_features,smoothing,ic,rows,target_sd,edge_bp
BTCUSDT,touch,3,1,0.04223858308736143,262598,14.878047973639369,0.6284276655123158
BTCUSDT,touch+depth,16,1,0.04095752932595559,262598,14.878047973639369,0.6093680861933085
BTCUSDT,touch,3,20,0.4239936064658579,262598,12.597099103765851,5.341089480013509
BTCUSDT,touch+depth,16,20,0.424148465593906,262598,12.597099103765851,5.343040255796654
XRPUSDT,touch,3,1,0.04045444434198007,239024,22.385063234552344,0.9055752947139022
XRPUSDT,touch+depth,16,1,0.0358481204779361,239024,22.385063234552344,0.8024624437384503
XRPUSDT,touch,3,20,0.4185189501361971,239024,18.96165717197895,7.935812852459122
XRPUSDT,touch+depth,16,20,0.41934757017004654,239024,18.96165717197895,7.951524861466808
CRVUSDT,touch,3,1,0.02046636680811315,161759,36.37411914636788,0.7444460647715766
CRVUSDT,touch+depth,16,1,0.02075798809148789,161759,36.37411914636788,0.7550535320786662
CRVUSDT,touch,3,20,0.4719618872791696,161759,30.921734496382072,14.593880170857886
CRVUSDT,touch+depth,16,20,0.4688957843724969,161759,30.921734496382072,14.499070950839167
BICOUSDT,touch,3,1,-0.0012235880316779856,96907,52.7668675539797,0.0
BICOUSDT,touch+depth,16,1,-0.011833846421161504,96907,52.7668675539797,0.0
BICOUSDT,touch,3,20,0.476392549168673,96907,44.9348893441375,21.406646481265906
BICOUSDT,touch+depth,16,20,0.47097044791226855,96907,44.9348893441375,21.163004961296664
