policy,family,trades,hit_rate,gross_per_trade_bp,net_per_trade_bp,net_bp
hold6,clock only,482.0,0.5726141078838174,4.822979580969749,-6.283372828509259,-3028.585703341463
hold24/conf<0.45,confidence decay,333.0,0.6426426426426426,4.545815515905374,-6.596047563069649,-2196.483838502193
hold24/tp22/sl11,take-profit + stop-loss,377.0,0.5013262599469496,4.43072417642883,-6.698367787249184,-2525.2846557929424
hold24/conf<0.4,confidence decay,297.0,0.5791245791245792,4.0680258297281,-7.085846094954305,-2104.4962902014286
hold24/sl22,stop-loss,291.0,0.5463917525773195,4.05483624654598,-7.100374678323386,-2066.2090313921053
hold24/tp22,take-profit,294.0,0.5782312925170068,3.995433907803212,-7.157738955262453,-2104.3752528471614
hold24/sl11,stop-loss,317.0,0.4479495268138801,3.7347155212828023,-7.408911752149036,-2348.6250254312445
hold12,clock only,358.0,0.5614525139664804,3.651748524560444,-7.48077283891029,-2678.116676329884
hold24/sl4,stop-loss,368.0,0.32608695652173914,3.629472210737969,-7.498126461228146,-2759.310537731958
hold48,clock only,218.0,0.5642201834862385,3.2114358789068924,-7.978363003402347,-1739.2831347417116
hold24/trail4,trailing stop,399.0,0.5238095238095238,3.085570262760698,-8.03522530417543,-3206.0548963659967
hold24/trail11,trailing stop,325.0,0.4676923076923077,3.029988009806182,-8.109609863736331,-2635.6232057143075
hold24/flip,prediction flip,483.0,0.6190476190476191,2.979047726903732,-8.126952702865205,-3925.318155483894
hold24,clock only,268.0,0.5410447761194029,2.9674601148713577,-8.198162931683045,-2197.1076656910564
hold24/trail22,trailing stop,297.0,0.5185185185185185,2.538098367820488,-8.612860503724077,-2558.019569606051
hold24/tp11/sl11,take-profit + stop-loss,440.0,0.5409090909090909,1.9635327537687919,-9.152362980003563,-4027.0397112015676
hold24/conf<0.34,confidence decay,281.0,0.501779359430605,1.6950821353190977,-9.46356942143362,-2659.2630074228473
hold24/tp11,take-profit,329.0,0.5957446808510638,1.4013675807212937,-9.742501606203373,-3205.2830284409097
hold24/tp4,take-profit,419.0,0.7494033412887828,1.269601779161742,-9.849111551337584,-4126.777740010448
