symbol,model,cooldown,trades,gross_per_trade_bp,net_per_trade_bp,net_at_5bp,net_at_4bp,net_at_3bp,net_at_2.25bp,net_at_1.7bp,net_at_1bp,net_at_0.5bp,net_at_0bp,spread_and_slippage_bp,break_even_fee_bp_per_side
BTCUSDT,logistic,0,1221.0,-0.10404403014829887,-11.248938546580314,-11.248938546580314,-9.248938546580314,-7.248938546580314,-5.748938546580314,-4.648938546580315,-3.2489385465803142,-2.2489385465803142,-1.2489385465803142,1.1448945164320161,
BTCUSDT,logistic,24,1000.0,1.8120782081683637,-9.320178171413593,-9.320178171413593,-7.320178171413593,-5.320178171413593,-3.820178171413593,-2.7201781714135933,-1.320178171413593,-0.32017817141359295,0.679821828586407,1.132256379581957,0.3399109142932034
BTCUSDT,logistic,120,730.0,0.8139145352925599,-10.327097797704758,-10.327097797704758,-8.327097797704758,-6.3270977977047576,-4.8270977977047576,-3.727097797704758,-2.3270977977047576,-1.3270977977047576,-0.32709779770475755,1.1410123329973167,
BTCUSDT,tcn,0,856.0,-1.8537631198894082,-13.224415151350815,-13.224415151350815,-11.224415151350815,-9.224415151350815,-7.724415151350815,-6.624415151350815,-5.224415151350815,-4.224415151350815,-3.224415151350815,1.3706520314614075,
BTCUSDT,tcn,24,636.0,-1.752170647932727,-13.222259902320994,-13.222259902320994,-11.222259902320994,-9.222259902320994,-7.722259902320994,-6.6222599023209945,-5.222259902320994,-4.222259902320994,-3.222259902320994,1.4700892543882667,
BTCUSDT,tcn,120,453.0,-1.8093613911471302,-13.291092573331548,-13.291092573331548,-11.291092573331548,-9.291092573331548,-7.791092573331548,-6.691092573331549,-5.291092573331548,-4.291092573331548,-3.2910925733315484,1.4817311821844186,
BTCUSDT,xgboost,0,1634.0,-0.6277134248869221,-11.644331089437815,-11.644331089437815,-9.644331089437815,-7.644331089437815,-6.144331089437815,-5.044331089437815,-3.6443310894378147,-2.6443310894378147,-1.6443310894378147,1.0166176645508926,
BTCUSDT,xgboost,24,1360.0,-1.7286916697052777,-12.745332724288975,-12.745332724288975,-10.745332724288975,-8.745332724288975,-7.245332724288975,-6.145332724288975,-4.745332724288975,-3.745332724288975,-2.745332724288975,1.0166410545836975,
BTCUSDT,xgboost,120,924.0,-1.492984660834437,-12.509626697870212,-12.509626697870212,-10.509626697870212,-8.509626697870212,-7.009626697870212,-5.9096266978702126,-4.509626697870212,-3.509626697870212,-2.509626697870212,1.0166420370357745,
