rung,budget,candidate,trades,net_per_trade_bp,net_bp,trades_per_day,hit_rate,max_drawdown_bp,dispersion_bp
0,6,bound_mixed/touch/magnitude/h60/hold60/cd120/flip/net_per_trade_bp/5d/tr20/tight_only,0.0,,0.0,,,,
0,6,rule_gated_by_model/touch/triple_barrier/h24/hold60/cd60/clock/net_per_trade_bp/5d/tr5/open,634.0,-10.418785743421054,-6605.510161328948,47.02202268796113,0.17823343848580442,6588.709286267046,15.176932425704559
0,6,meta_rule_model/wide/smoothed_direction/h120/hold24/cd48/take_profit_stop/net_per_trade_bp/1d/tr10/tight_only,2515.0,-11.756606998196427,-29567.86660046401,186.53057895934109,0.04135188866799205,29562.86624468741,8.230232694918021
0,6,meta_rule_tree/wide/smoothed_direction/h12/hold240/cd480/take_profit_stop/net_per_trade_bp/5d/tr5/quiet_out,156.0,-10.561948453626673,-1647.663958765761,11.570087601454158,0.05128205128205128,1644.711600694783,10.363533139685913
0,6,meta_rule_tree/micro/smoothed_direction/h12/hold60/cd0/clock/net_per_trade_bp/breaks/tr20/tight_only,430.0,-10.901122279979406,-4687.482580391144,31.891908132213384,0.2255813953488372,4788.038198247768,23.30748461804843
0,6,rule_gated_by_model/touch/smoothed_direction/h12/hold24/cd48/take_profit_stop/net_per_trade_bp/1d/tr20/tight_only,4124.0,-11.596366998013988,-47823.417499809686,305.8656491563907,0.03758486905916586,47817.34911706744,8.129346914714999
0,6,xgboost/depth/smoothed_direction/h12/hold12/cd24/trailing/net_per_trade_bp/breaks/tr5/open,874.0,-11.851914515632075,-10358.573286662433,64.82215745942906,0.08123569794050343,10342.347645852416,9.267945853002125
0,6,bound_ridge/touch/forward_smoothed/h240/hold24/cd0/take_profit_stop/net_bp/2d/tr20/quiet_out,0.0,,0.0,,,,
0,6,ensemble/micro/triple_barrier/h120/hold240/cd240/confidence/net_bp/5d/tr20/tight_only,80.0,-20.78451263655118,-1662.7610109240945,5.9333782571559786,0.2,1655.6698860380216,38.23143359725982
0,6,breakout/micro/smoothed_direction/h60/hold12/cd12/flip/net_per_trade_bp/5d/tr20/quiet_out,84.0,-11.890844420519613,-998.8309313236475,6.230047170013778,0.023809523809523808,986.5624414038953,4.514112298142226
0,6,xgboost/depth/smoothed_direction/h24/hold24/cd0/take_profit_stop/net_per_trade_bp/breaks/tr10/tight_only,2408.0,-11.935797049209834,-28741.399294497278,178.59468554039495,0.08513289036544851,28714.314476680735,9.927541022013544
0,6,momentum/micro/triple_barrier/h12/hold60/cd0/take_profit_stop/net_bp/1d/tr20/tight_only,2387.0,-12.478034477859836,-29785.06829865143,177.03717374789153,0.11855886049434436,29773.71722867011,11.969046733524543
0,6,meta_rule_tree/depth/direction/h24/hold120/cd0/trailing/net_bp/2d/tr5/tight_only,1632.0,-12.008728892257865,-19598.245552164837,121.04091644598196,0.12071078431372549,19580.723696359186,13.415190351361684
0,6,xgboost/wide/smoothed_direction/h12/hold120/cd120/flip/net_bp/breaks/tr10/open,157.0,-10.884036328449982,-1708.793703566647,11.644254829668608,0.1337579617834395,1789.5695390354401,21.200847075569243
0,6,momentum/micro/direction/h120/hold12/cd12/take_profit_stop/net_per_trade_bp/breaks/tr5/tight_only,3981.0,-11.897728067708725,-47364.85543754843,295.2597355217244,0.021351419241396635,47337.77061973196,6.056401740008123
0,6,bound_ridge/touch/net_pnl/h60/hold60/cd0/clock/net_per_trade_bp/1d/tr5/tight_only,218.0,-13.763228793868416,-3000.3838770633147,16.16845575075004,0.11009174311926606,3000.0159718543987,15.958298767218192
0,6,spread_capture/micro/direction/h24/hold60/cd0/take_profit_stop/net_per_trade_bp/2d/tr20/tight_only,4016.0,-11.200324407883022,-44980.50282205822,297.85558850923013,0.06050796812749004,44960.0527601875,9.732623412014137
0,6,order_flow/micro/smoothed_direction/h240/hold60/cd0/take_profit_stop/net_bp/2d/tr20/open,10374.0,-11.067989301996842,-114819.32101891525,769.4108254967016,0.03537690379795643,114798.87095704487,8.713056185011082
0,6,xgboost_regressor/depth/net_pnl/h60/hold120/cd240/trailing/net_bp/2d/tr20/tight_only,515.0,-11.975578445683002,-6167.422899526746,38.19612253044161,0.0970873786407767,6156.149718121954,11.04083939783696
0,6,spread_capture/micro/smoothed_direction/h120/hold120/cd0/flip/net_per_trade_bp/2d/tr10/quiet_out,21828.0,-10.918378783120481,-238326.37207795386,1618.922257465009,0.009987172439069086,238318.51656064167,3.386245325095077
0,6,momentum/micro/triple_barrier/h24/hold12/cd12/trailing/net_per_trade_bp/breaks/tr5/quiet_out,3242.0,-11.977423387754966,-38830.8066231016,240.45015387124604,0.038864898210980874,38814.50917660648,6.667108073430774
0,6,bound_ridge/wide/normalised_magnitude/h240/hold60/cd0/take_profit_stop/net_bp/2d/tr5/tight_only,458.0,-12.041656267308305,-5515.078570427204,33.96859052221798,0.06550218340611354,5513.221996400382,10.92059930034387
0,6,logistic/wide/direction/h24/hold240/cd0/take_profit_stop/net_bp/2d/tr10/tight_only,2569.0,-12.129724044527059,-31161.261070390014,190.53560928292137,0.07318022576878162,31140.811008519308,10.832887559089137
0,6,momentum/micro/direction/h12/hold24/cd24/confidence/net_per_trade_bp/1d/tr10/open,8829.0,-11.911392059207527,-105165.68049074325,654.8224579053767,0.05470608222901801,105151.04767500456,7.742844711006041
0,6,xgboost/depth/triple_barrier/h120/hold240/cd480/trailing/net_bp/5d/tr5/quiet_out,70.0,-13.839874166367373,-968.7911916457161,5.191705975011481,0.1,970.148323442821,25.04372021866874
0,6,xgboost_regressor/wide/net_pnl/h120/hold240/cd240/flip/net_bp/1d/tr5/quiet_out,627.0,-14.078185670015813,-8827.022415099915,46.50285209045998,0.2583732057416268,8833.842912584552,29.1827708171532
0,6,agree/wide/smoothed_direction/h60/hold12/cd24/confidence/net_per_trade_bp/5d/tr5/tight_only,1938.0,-10.93468739238257,-21191.42416643742,143.7360882796036,0.010835913312693499,21178.255804282595,3.2832361178481335
0,6,meta_rule_model/touch/triple_barrier/h60/hold120/cd240/flip/net_per_trade_bp/breaks/tr20/quiet_out,461.0,-10.941022716544074,-5043.811472326818,34.19109220686133,0.010845986984815618,5045.7132381042165,3.3150373007991267
0,6,meta_rule_model/depth/direction/h240/hold24/cd48/flip/net_per_trade_bp/1d/tr10/open,3366.0,-11.077794763951113,-37287.857175459445,249.6468901698378,0.020499108734402853,37276.85388053779,4.2739997469174575
0,6,spread_capture/micro/direction/h12/hold24/cd24/clock/net_bp/2d/tr20/open,2392.0,-11.054000694387739,-26441.16966097547,177.40800988896376,0.10493311036789298,26416.92285897661,10.36949346616901
0,6,meta_rule_tree/wide/direction/h120/hold24/cd24/flip/net_bp/5d/tr5/quiet_out,218.0,-11.004157929706372,-2398.906428675989,16.16845575075004,0.027522935779816515,2385.933617587799,5.114249634098534
0,6,xgboost/depth/smoothed_direction/h240/hold120/cd0/confidence/net_per_trade_bp/2d/tr10/open,13716.0,-11.707428358588821,-160579.08736640427,1017.2777021893926,0.034412365121026536,160562.57113053693,6.889756964235119
0,6,xgboost/touch/direction/h12/hold120/cd240/flip/net_bp/2d/tr10/tight_only,450.0,-10.921863847831956,-4914.83873152438,33.37525269650238,0.07111111111111111,4909.671595290699,10.429151538697138
0,6,bound_ridge/depth/net_pnl/h24/hold120/cd0/trailing/net_per_trade_bp/1d/tr20/quiet_out,623.0,-11.419829331872133,-7114.553673756339,46.206183177602185,0.08828250401284109,7100.996021440613,9.414118616871933
0,6,mean_reversion/micro/direction/h12/hold120/cd120/trailing/net_bp/2d/tr20/open,256.0,-13.283546855349694,-3400.587994969522,18.986810422899133,0.16015625,3388.4956154699207,19.576595141760517
0,6,order_flow/micro/direction/h120/hold60/cd120/take_profit_stop/net_bp/1d/tr10/tight_only,4532.0,-11.246281075442242,-50968.145833904244,336.1258782678862,0.0324360105913504,50947.69577203383,8.39571832895619
0,6,agree/micro/direction/h12/hold240/cd480/clock/net_per_trade_bp/5d/tr20/quiet_out,128.0,-11.62862000265557,-1488.463360339913,9.493405211449566,0.28125,1468.4511442977387,29.603614418388098
0,6,rule_gated_by_model/depth/triple_barrier/h60/hold12/cd12/confidence/net_bp/5d/tr10/open,206.0,-11.700269100073225,-2410.255434615084,15.278449012176646,0.014563106796116505,2401.597680604387,6.713981663147633
0,6,ensemble/depth/triple_barrier/h60/hold60/cd120/clock/net_per_trade_bp/5d/tr20/open,191.0,-11.134070115797236,-2126.607392117272,14.165940588959899,0.2356020942408377,2136.1362768336085,18.153149475520294
0,6,xgboost_regressor/wide/magnitude/h240/hold240/cd0/flip/net_bp/5d/tr10/tight_only,206.0,-12.961343954802814,-2670.0368546893797,15.278449012176646,0.23786407766990292,2694.265087924425,28.333766235500786
0,6,mean_reversion/micro/direction/h24/hold60/cd0/confidence/net_per_trade_bp/5d/tr10/open,137.0,-12.209933855054402,-1672.7609381424531,10.160910265379613,0.23357664233576642,1665.131460256241,20.80212780006055
0,6,meta_rule_model/wide/smoothed_direction/h12/hold24/cd48/trailing/net_bp/breaks/tr20/open,188.0,-10.614085648730113,-1995.4481019612613,13.94343890431655,0.13829787234042554,1989.6452101182188,12.369786343236942
0,6,bound_ridge/micro/normalised_magnitude/h60/hold240/cd480/confidence/net_per_trade_bp/breaks/tr10/open,0.0,,0.0,,,,
0,6,meta_rule_model/wide/triple_barrier/h24/hold60/cd60/clock/net_bp/5d/tr20/tight_only,152.0,-13.092417212618342,-1990.0474163179879,11.27341868859636,0.21710526315789475,1972.9792105906836,22.11059389214945
0,6,momentum/micro/smoothed_direction/h240/hold240/cd0/confidence/net_bp/5d/tr10/tight_only,138.0,-11.566792414695062,-1596.2173532279185,10.235077493594064,0.15942028985507245,1646.8011116779967,20.556296731086118
0,6,ridge/touch/forward_smoothed/h24/hold120/cd240/trailing/net_per_trade_bp/5d/tr5/quiet_out,286.0,-10.032670149526192,-2869.343662764491,21.211827269332623,0.13636363636363635,2869.8460420420306,10.588323361720557
0,6,xgboost/wide/triple_barrier/h120/hold240/cd240/take_profit_stop/net_bp/breaks/tr10/open,42.0,-14.575693748232757,-612.1791374257758,3.115023585006889,0.11904761904761904,591.3864514187229,10.514958371513522
0,6,ridge/wide/net_pnl/h24/hold240/cd480/clock/net_per_trade_bp/5d/tr5/tight_only,72.0,-12.962041563827093,-933.2669925955507,5.34004043144038,0.4027777777777778,1084.461785600562,42.82372726761161
0,6,xgboost_regressor/depth/magnitude/h120/hold240/cd240/flip/net_bp/breaks/tr20/quiet_out,56.0,-17.428513707282434,-975.9967676078163,4.153364780009185,0.3392857142857143,980.5116395045947,37.62818512620128
0,6,bound_mixed/depth/net_pnl/h12/hold12/cd0/take_profit_stop/net_bp/5d/tr5/quiet_out,0.0,,0.0,,,,
0,6,logistic/wide/smoothed_direction/h240/hold60/cd0/trailing/net_per_trade_bp/1d/tr5/quiet_out,7228.0,-11.931036909014113,-86237.534778354,536.0807255340427,0.0996126175982291,86224.01276492835,11.333857958721598
0,6,agree/depth/triple_barrier/h60/hold60/cd120/clock/net_bp/5d/tr20/tight_only,122.0,-12.17546746203262,-1485.4070303679796,9.048401842162868,0.22131147540983606,1461.1805602315785,19.296292840311338
0,6,mean_reversion/micro/triple_barrier/h120/hold60/cd0/flip/net_bp/2d/tr10/open,426.0,-11.930240707565297,-5082.282541422816,31.595239219355587,0.20187793427230047,5073.423444409329,19.12380913672732
0,6,momentum/micro/smoothed_direction/h24/hold240/cd0/take_profit_stop/net_bp/5d/tr10/open,373.0,-12.946672488920052,-4829.1088383671795,27.66437612398975,0.13404825737265416,4808.063961051478,13.552169503193298
0,6,spread_capture/micro/smoothed_direction/h240/hold12/cd0/trailing/net_bp/2d/tr10/open,6406.0,-10.996944525600696,-70446.42663099806,475.115263941765,0.049172650640024976,70427.3887712486,6.872176960993878
0,6,meta_rule_model/touch/smoothed_direction/h12/hold120/cd240/take_profit_stop/net_bp/5d/tr20/quiet_out,156.0,-10.20971192580641,-1592.7150604258,11.570087601454158,0.0641025641025641,1586.1439420761803,11.690506501385439
0,6,bound_ridge/micro/net_pnl/h120/hold60/cd0/confidence/net_per_trade_bp/1d/tr5/quiet_out,1.0,-8.731653631948973,-8.731653631948973,0.07416722821444974,0.0,0.0,
0,6,meta_rule_tree/wide/smoothed_direction/h24/hold24/cd48/confidence/net_per_trade_bp/2d/tr20/quiet_out,3230.0,-11.192293802834664,-36151.108983155966,239.56014713267265,0.0058823529411764705,36141.09498645137,3.5790448818776004
0,6,meta_rule_tree/wide/direction/h24/hold60/cd60/take_profit_stop/net_per_trade_bp/2d/tr5/quiet_out,1353.0,-11.41022501162924,-15438.034440734362,100.34825977415049,0.04730229120473023,15423.391900729584,9.415764042642843
0,6,spread_capture/micro/triple_barrier/h24/hold240/cd240/trailing/net_bp/1d/tr20/open,1107.0,-11.479567787342319,-12707.881540587947,82.10312163339586,0.10659439927732611,12688.843680838134,12.54608510847957
0,6,bound_mixed/depth/net_pnl/h240/hold60/cd0/trailing/net_per_trade_bp/1d/tr10/open,145.0,-12.2697684875601,-1779.1164306962146,10.754248091095212,0.12413793103448276,1777.1869068618144,19.91874911061178
0,6,xgboost_regressor/touch/normalised_magnitude/h12/hold240/cd240/flip/net_bp/breaks/tr10/quiet_out,24.0,-6.780966465368093,-162.74319516883423,1.7800134771467937,0.16666666666666666,211.89405766785967,17.169747562298824
0,6,logistic/wide/direction/h24/hold24/cd0/flip/net_bp/breaks/tr20/open,166.0,-12.619467242352705,-2094.831562230549,12.311759883598656,0.10240963855421686,2045.4673262745425,12.535640408834487
0,6,mean_reversion/micro/direction/h12/hold240/cd480/flip/net_bp/1d/tr20/quiet_out,304.0,-10.812474860589283,-3286.9923576191422,22.54683737719272,0.28289473684210525,3283.743111261325,21.55686912085542
0,6,logistic/wide/triple_barrier/h240/hold24/cd48/trailing/net_bp/1d/tr10/quiet_out,651.0,-10.906950192621478,-7100.424575396582,48.28286556760678,0.14746543778801843,7101.875251360409,12.51974103370127
0,6,bound_mixed/micro/normalised_magnitude/h240/hold240/cd0/flip/net_per_trade_bp/1d/tr10/tight_only,0.0,,0.0,,,,
0,6,bound_ridge/micro/forward_smoothed/h120/hold24/cd24/trailing/net_per_trade_bp/5d/tr5/quiet_out,0.0,,0.0,,,,
0,6,ridge/depth/forward_smoothed/h12/hold120/cd0/confidence/net_bp/5d/tr20/open,115.0,-10.875971234486702,-1250.7366919659707,8.52923124466172,0.30434782608695654,1249.2412453108602,22.74131627772686
0,6,breakout/micro/triple_barrier/h240/hold60/cd0/trailing/net_bp/breaks/tr10/tight_only,45.0,-8.482032833920345,-381.6914775264155,3.337525269650238,0.13333333333333333,373.5018675782455,8.679654471448654
0,6,logistic/touch/direction/h240/hold120/cd0/take_profit_stop/net_per_trade_bp/breaks/tr10/tight_only,890.0,-12.682376699640763,-11287.315262680278,66.00883311086027,0.10449438202247191,11286.131670435745,11.464515645071732
0,6,spread_capture/micro/smoothed_direction/h240/hold60/cd120/confidence/net_per_trade_bp/breaks/tr10/quiet_out,319.0,-10.68202134695727,-3407.5648096793693,23.659345800409465,0.025078369905956112,3409.4665754567686,4.257932505933535
0,6,agree/touch/smoothed_direction/h12/hold240/cd480/take_profit_stop/net_bp/5d/tr10/open,182.0,-11.987556601077163,-2181.7353013960437,13.498435535029852,0.038461538461538464,2160.8682127216384,9.42893940136324
0,6,spread_capture/micro/direction/h120/hold60/cd120/confidence/net_bp/5d/tr20/tight_only,346.0,-10.626365325455385,-3676.7224026075633,25.661860962199608,0.023121387283236993,3663.5539066604933,4.207734288881433
0,6,ridge/depth/forward_smoothed/h12/hold120/cd240/clock/net_per_trade_bp/5d/tr5/open,61.0,-9.253486686556053,-564.4626878799193,4.524200921081434,0.32786885245901637,610.9167727661361,36.93916198673548
0,6,logistic/depth/direction/h12/hold24/cd0/trailing/net_bp/breaks/tr10/quiet_out,144.0,-11.326208027388804,-1630.9739559439877,10.68008086288076,0.20833333333333334,1661.8986702898453,19.67544474899515
0,6,ridge/wide/normalised_magnitude/h60/hold240/cd480/take_profit_stop/net_per_trade_bp/breaks/tr5/quiet_out,200.0,-11.85131803938604,-2370.263607877208,14.833445642889947,0.065,2343.881079897953,9.508752659007106
0,6,breakout/micro/direction/h120/hold240/cd0/take_profit_stop/net_bp/5d/tr20/open,71.0,-10.62580760459279,-754.432339926088,5.265873203225931,0.014084507042253521,733.3862949375052,9.191954338016481
0,6,breakout/micro/direction/h60/hold120/cd240/take_profit_stop/net_per_trade_bp/5d/tr5/open,0.0,,0.0,,,,
0,6,momentum/micro/smoothed_direction/h120/hold24/cd0/take_profit_stop/net_per_trade_bp/2d/tr10/quiet_out,10984.0,-12.028596481304648,-132122.10375065025,814.6528347075159,0.04342680262199563,132107.4709349113,8.359171320125956
0,6,agree/micro/triple_barrier/h24/hold12/cd12/confidence/net_per_trade_bp/1d/tr20/open,6779.0,-11.027807759182512,-74757.50879949825,502.77964006575473,0.013423808821360083,74748.64921655042,4.283963559562515
0,6,meta_rule_tree/wide/smoothed_direction/h60/hold240/cd480/take_profit_stop/net_per_trade_bp/breaks/tr5/quiet_out,79.0,-12.927361094053337,-1021.2615264302136,5.859211028941529,0.0379746835443038,1000.5277641253425,9.680400245029087
0,6,meta_rule_model/micro/smoothed_direction/h12/hold24/cd24/confidence/net_bp/5d/tr20/quiet_out,302.0,-11.089588963749309,-3349.0558670522914,22.39850292076382,0.026490066225165563,3336.4702710736956,5.648151559537314
0,6,breakout/micro/triple_barrier/h24/hold12/cd24/trailing/net_bp/5d/tr20/quiet_out,72.0,-11.465603359538237,-825.5234418867531,5.34004043144038,0.041666666666666664,808.2698078302341,6.049202558484901
0,6,momentum/micro/direction/h120/hold12/cd24/clock/net_bp/5d/tr10/quiet_out,121.0,-12.371417484781377,-1496.9415156585467,8.974234613948418,0.1652892561983471,1511.8060555389206,16.359711319462015
0,6,momentum/micro/smoothed_direction/h240/hold240/cd480/confidence/net_per_trade_bp/5d/tr20/tight_only,151.0,-11.727747826326473,-1770.8899217752974,11.19925146038191,0.07947019867549669,1757.674589422803,12.875408025280606
0,6,breakout/micro/smoothed_direction/h12/hold240/cd0/clock/net_per_trade_bp/breaks/tr20/open,114.0,-5.541121649832794,-631.6878680809385,8.45506401644727,0.39473684210526316,598.4263390578401,25.132946762036244
0,6,ridge/micro/magnitude/h24/hold120/cd240/clock/net_per_trade_bp/2d/tr20/tight_only,667.0,-11.991742614434004,-7998.4923238274805,49.46954121903797,0.19790104947526238,7988.211635805866,20.021371090528806
0,6,xgboost/wide/triple_barrier/h24/hold60/cd60/trailing/net_per_trade_bp/1d/tr10/open,3145.0,-11.515045739743009,-36214.818851491764,233.2559327344444,0.09920508744038156,36204.27872412887,10.454270824653788
0,6,meta_rule_model/touch/direction/h240/hold240/cd240/flip/net_bp/1d/tr5/quiet_out,2986.0,-10.879426108100038,-32485.96635878671,221.4633434483469,0.006028131279303416,32476.952819009413,2.901880776843563
0,6,order_flow/micro/triple_barrier/h240/hold24/cd24/take_profit_stop/net_bp/2d/tr20/quiet_out,7840.0,-11.111134375925287,-87111.29350725425,581.4710692012859,0.019642857142857142,87090.84344538393,6.700425138714326
0,6,logistic/touch/triple_barrier/h60/hold12/cd0/take_profit_stop/net_bp/5d/tr10/quiet_out,518.0,-11.318869637232298,-5863.174472086331,38.41862421508496,0.07528957528957529,5850.10745647038,9.697892003887779
0,6,ridge/depth/forward_smoothed/h240/hold60/cd0/take_profit_stop/net_per_trade_bp/2d/tr5/tight_only,5181.0,-11.877760132419972,-61538.675246067876,384.2604093790641,0.04767419417100946,61534.86654875051,9.763542144513163
0,6,agree/touch/direction/h24/hold240/cd240/confidence/net_bp/breaks/tr10/open,129.0,-10.549615618616468,-1360.9004148015242,9.567572439664016,0.03875968992248062,1351.535326400381,6.763800208718159
0,6,order_flow/micro/direction/h240/hold60/cd120/take_profit_stop/net_per_trade_bp/breaks/tr10/open,747.0,-11.14565514776721,-8325.804395382105,55.40291947619395,0.038821954484605084,8327.706161159507,8.662647558713289
0,6,agree/micro/triple_barrier/h120/hold240/cd480/take_profit_stop/net_bp/breaks/tr10/tight_only,27.0,-15.55360282399176,-419.9472762477775,2.002515161790143,0.037037037037037035,399.0995922870497,10.118414296227614
0,6,spread_capture/micro/triple_barrier/h60/hold240/cd480/trailing/net_bp/2d/tr10/open,344.0,-13.32274831219722,-4583.0254193958435,25.51352650577071,0.05813953488372093,4580.585538259016,14.22886470649045
0,6,breakout/micro/direction/h60/hold240/cd0/flip/net_per_trade_bp/2d/tr20/tight_only,105.0,-7.166957728227283,-752.5305614638647,7.787558962517222,0.21904761904761905,740.2620715441129,15.98345170522222
0,6,ensemble/micro/direction/h24/hold120/cd240/flip/net_bp/5d/tr10/open,74.0,-15.582891066317059,-1153.1339389074624,5.488374887869281,0.12162162162162163,1141.1572850928708,20.911232250649743
0,6,bound_ridge/wide/net_pnl/h60/hold24/cd0/confidence/net_bp/2d/tr5/open,1735.0,-11.290618422649208,-19589.222963296375,128.68014095207027,0.005187319884726225,19576.573992668084,2.297181786489252
0,6,rule_gated_by_model/micro/triple_barrier/h120/hold24/cd48/trailing/net_per_trade_bp/5d/tr20/quiet_out,105.0,-11.373025739941301,-1194.1677026938366,7.787558962517222,0.17142857142857143,1204.4280344853264,13.276218189795575
0,6,ridge/touch/magnitude/h12/hold12/cd24/confidence/net_bp/breaks/tr20/quiet_out,259.0,-10.493222746713146,-2717.7446913987046,19.20931210754248,0.04633204633204633,2708.320000803732,7.016711521944457
0,6,momentum/micro/direction/h12/hold60/cd60/take_profit_stop/net_per_trade_bp/breaks/tr5/quiet_out,1179.0,-12.003124391183189,-14151.68365720498,87.44316206483623,0.030534351145038167,14127.906052201874,8.620938110235786
0,6,ensemble/micro/direction/h240/hold240/cd480/trailing/net_per_trade_bp/5d/tr20/tight_only,69.0,-13.066188822170849,-901.5670287297886,5.117538746797032,0.13043478260869565,887.651187880092,15.87452577503312
0,6,mean_reversion/micro/triple_barrier/h24/hold24/cd48/confidence/net_bp/2d/tr5/open,306.0,-11.420450854682597,-3494.6579615328747,22.695171833621618,0.21241830065359477,3485.244587521762,17.426605680830242
0,6,rule_gated_by_model/wide/triple_barrier/h12/hold60/cd120/trailing/net_per_trade_bp/2d/tr5/open,1818.0,-11.755103278657186,-21370.777760598765,134.83602089386963,0.08745874587458746,21353.39231910952,9.952714737230911
0,6,ensemble/wide/direction/h12/hold240/cd240/trailing/net_bp/2d/tr10/open,280.0,-12.669187622797578,-3547.3725343833216,20.766823900045924,0.12857142857142856,3535.8330692169566,17.790749051225585
0,6,ridge/wide/forward_smoothed/h24/hold120/cd120/take_profit_stop/net_per_trade_bp/2d/tr10/tight_only,1462.0,-11.724966971613195,-17141.901712498493,108.43248764952551,0.023255813953488372,17121.45165062781,9.114000452528352
0,6,ensemble/wide/direction/h12/hold120/cd120/clock/net_per_trade_bp/5d/tr20/open,349.0,-12.742449087099684,-4447.11473139779,25.884362646842956,0.20057306590257878,4443.032285763629,17.746843704134186
0,6,xgboost/micro/triple_barrier/h60/hold240/cd0/clock/net_bp/5d/tr20/tight_only,82.0,-10.214474841389618,-837.5869369939487,6.081712713584878,0.3170731707317073,820.7125900570466,27.926686343126747
0,6,meta_rule_tree/touch/triple_barrier/h120/hold60/cd60/flip/net_bp/1d/tr5/quiet_out,1895.0,-10.826148910410778,-20515.552185228426,140.54689746638223,0.02058047493403694,20504.440746752567,4.478448582733096
0,6,mean_reversion/micro/smoothed_direction/h120/hold120/cd120/flip/net_bp/1d/tr20/tight_only,628.0,-12.542315362439185,-7876.574047611808,46.57701931867443,0.18471337579617833,7864.064174025693,19.031017338788175
0,6,meta_rule_model/depth/smoothed_direction/h12/hold12/cd12/flip/net_bp/1d/tr20/quiet_out,2879.0,-11.114231109297886,-31997.871363668615,213.5274500294008,0.038555053838138245,31989.571279547847,6.5637021804953575
0,6,bound_ridge/micro/normalised_magnitude/h240/hold12/cd12/confidence/net_per_trade_bp/5d/tr5/quiet_out,0.0,,0.0,,,,
0,6,mean_reversion/micro/smoothed_direction/h240/hold240/cd480/take_profit_stop/net_per_trade_bp/2d/tr20/quiet_out,313.0,-11.31717087663399,-3542.2744843864384,23.214342431122766,0.07348242811501597,3602.456561521215,11.821055342419806
0,6,logistic/micro/smoothed_direction/h240/hold24/cd24/take_profit_stop/net_bp/1d/tr5/tight_only,2036.0,-11.719697160494743,-23861.303418767297,151.00447664461967,0.05255402750491159,23846.670603028662,9.04841157125108
0,6,agree/touch/direction/h120/hold24/cd48/flip/net_per_trade_bp/5d/tr20/quiet_out,314.0,-10.79096697927173,-3388.363631491323,23.288509659337215,0.10191082802547771,3377.7764397715523,11.147615288913158
0,6,momentum/micro/direction/h12/hold12/cd0/flip/net_per_trade_bp/1d/tr20/quiet_out,36240.0,-11.823824621286358,-428495.4042754176,2687.8203504916582,0.02880794701986755,428473.35982757836,5.642037769247368
0,6,order_flow/micro/triple_barrier/h240/hold24/cd48/flip/net_per_trade_bp/1d/tr20/open,13294.0,-10.72578378686567,-142588.5696625922,985.9791318828948,0.007597412366481119,142579.55612281535,2.724252114894039
0,6,bound_ridge/depth/net_pnl/h12/hold60/cd60/trailing/net_bp/1d/tr5/quiet_out,818.0,-11.341640926385086,-9277.462277783,60.66879267941988,0.09046454767726161,9265.462277783003,8.43062278097102
0,6,spread_capture/micro/smoothed_direction/h120/hold60/cd60/clock/net_bp/breaks/tr20/tight_only,298.0,-10.345431444672124,-3082.938570512293,22.10183400790602,0.22483221476510068,3164.0986105963034,18.346958687579175
0,6,logistic/micro/smoothed_direction/h60/hold240/cd0/confidence/net_bp/2d/tr20/quiet_out,417.0,-12.345405186057379,-5148.033962585927,30.92773416542554,0.15827338129496402,5132.84686984961,17.966702323083055
0,6,mean_reversion/micro/triple_barrier/h12/hold60/cd60/trailing/net_bp/1d/tr5/open,547.0,-13.527652952318618,-7399.626164918284,40.569473833304,0.12431444241316271,7387.533785418679,15.180528423303112
0,6,logistic/depth/smoothed_direction/h120/hold240/cd0/confidence/net_bp/1d/tr5/tight_only,973.0,-12.944623259356124,-12595.118431353509,72.1647130526596,0.1880781089414183,12584.92616497701,22.422584019162123
0,6,agree/touch/smoothed_direction/h120/hold60/cd0/take_profit_stop/net_bp/5d/tr5/tight_only,957.0,-11.206903032971539,-10725.006202553763,70.97803740122839,0.06896551724137931,10710.716014723312,10.182088906681935
0,6,xgboost/depth/direction/h120/hold12/cd12/clock/net_bp/2d/tr20/open,1033.0,-11.815819793819239,-12205.741847015273,76.61474674552657,0.09196515004840271,12193.858641747378,10.384894723983948
0,6,ensemble/wide/triple_barrier/h60/hold60/cd60/take_profit_stop/net_per_trade_bp/1d/tr10/tight_only,2045.0,-12.25810656833329,-25067.827932241576,151.6719816985497,0.040097799511002445,25059.176689102118,9.694089210277886
0,6,momentum/micro/triple_barrier/h120/hold240/cd480/trailing/net_bp/2d/tr10/quiet_out,165.0,-14.517643943788425,-2395.41125072509,12.237592655384207,0.15151515151515152,2394.476840385183,19.876956874109805
0,6,xgboost/micro/triple_barrier/h120/hold120/cd0/clock/net_per_trade_bp/5d/tr5/tight_only,163.0,-13.082395233911353,-2132.4304231275505,12.089258198955307,0.2822085889570552,2130.759159046491,33.27755557869229
0,6,bound_mixed/micro/net_pnl/h60/hold12/cd12/clock/net_bp/1d/tr5/open,270.0,-11.852223183824771,-3200.100259632688,20.02515161790143,0.03333333333333333,3187.9839387685665,6.847232809331805
0,6,order_flow/micro/smoothed_direction/h120/hold240/cd240/clock/net_bp/5d/tr10/quiet_out,299.0,-12.57907789776392,-3761.144291431412,22.17600123612047,0.2508361204013378,3789.6912194397532,26.563772181870977
0,6,meta_rule_model/micro/triple_barrier/h60/hold240/cd240/trailing/net_bp/breaks/tr20/quiet_out,25.0,-8.964929333846845,-224.1232333461711,1.8541807053612434,0.2,215.37750579118722,8.962041217040705
0,6,bound_ridge/wide/forward_smoothed/h240/hold12/cd24/take_profit_stop/net_per_trade_bp/breaks/tr20/quiet_out,0.0,,0.0,,,,
0,6,xgboost_regressor/micro/net_pnl/h60/hold120/cd240/take_profit_stop/net_per_trade_bp/5d/tr5/open,402.0,-13.314149801850377,-5352.288220343851,29.815225742208792,0.022388059701492536,5331.151746015594,9.36247008138836
0,6,breakout/micro/smoothed_direction/h24/hold240/cd0/confidence/net_bp/2d/tr5/tight_only,0.0,,0.0,,,,
0,6,xgboost_regressor/wide/forward_smoothed/h24/hold120/cd120/take_profit_stop/net_per_trade_bp/2d/tr5/quiet_out,1151.0,-12.153641525498342,-13988.84139584859,85.36647967483164,0.03909643788010426,13985.037747083064,9.516216244468252
0,6,momentum/micro/triple_barrier/h12/hold120/cd120/clock/net_bp/5d/tr20/open,63.0,-12.290396499712722,-774.2949794819015,4.672535377510333,0.25396825396825395,845.8029582714041,39.74893108555858
0,6,rule_gated_by_model/micro/direction/h60/hold120/cd0/take_profit_stop/net_bp/2d/tr10/quiet_out,759.0,-11.297880437286949,-8575.091251900794,56.29292621476735,0.12911725955204217,8567.086295259805,12.378457239224261
0,6,order_flow/micro/triple_barrier/h12/hold60/cd60/take_profit_stop/net_per_trade_bp/1d/tr20/quiet_out,7783.0,-11.14791109945029,-86764.19208702161,577.2435371930623,0.026853398432481048,86743.74202515114,8.220206834415581
0,6,ridge/depth/normalised_magnitude/h240/hold60/cd0/take_profit_stop/net_bp/5d/tr10/quiet_out,251.0,-12.385824343611812,-3108.841910246565,18.615974281826883,0.13545816733067728,3105.606591378844,13.437342084641434
0,6,logistic/wide/smoothed_direction/h240/hold120/cd240/take_profit_stop/net_per_trade_bp/5d/tr20/quiet_out,98.0,-10.876955728748253,-1065.9416614173288,7.268388365016074,0.12244897959183673,1065.1525150121872,12.206839049402332
0,6,mean_reversion/micro/triple_barrier/h24/hold24/cd24/clock/net_bp/2d/tr20/open,353.0,-11.934310163049773,-4212.81148755657,26.181031559700756,0.2096317280453258,4203.398113545458,19.062926254037286
0,6,mean_reversion/micro/smoothed_direction/h60/hold240/cd0/clock/net_bp/5d/tr20/quiet_out,63.0,-8.304694960074979,-523.1957824847237,4.672535377510333,0.4126984126984127,597.0716141898374,48.6078528206841
0,6,bound_ridge/wide/normalised_magnitude/h240/hold120/cd120/trailing/net_bp/2d/tr10/tight_only,63.0,-14.276393527174589,-899.4127922119991,4.672535377510333,0.07936507936507936,861.331287509803,19.1589060888197
0,6,momentum/micro/triple_barrier/h60/hold60/cd60/flip/net_per_trade_bp/breaks/tr5/tight_only,820.0,-11.895231184651422,-9754.089571414166,60.81712713584878,0.07682926829268293,9813.349320674522,11.431353030964143
0,6,bound_mixed/depth/net_pnl/h60/hold60/cd120/take_profit_stop/net_bp/2d/tr5/tight_only,198.0,-13.205170379181245,-2614.6237350778865,14.685111186461047,0.04040404040404041,2602.6237350778856,8.580709458308295
0,6,mean_reversion/micro/smoothed_direction/h24/hold12/cd24/clock/net_bp/breaks/tr20/quiet_out,115.0,-12.809026124283365,-1473.038004292587,8.52923124466172,0.21739130434782608,1445.878123502455,17.841550728788597
0,6,ensemble/depth/triple_barrier/h12/hold120/cd240/trailing/net_bp/breaks/tr10/quiet_out,58.0,-11.95172933431844,-693.2003013904695,4.301699236438084,0.1896551724137931,714.2967990134553,23.579247428100064
0,6,meta_rule_tree/depth/smoothed_direction/h12/hold12/cd0/trailing/net_per_trade_bp/1d/tr20/open,7350.0,-11.571698605218094,-85051.98474835299,545.1291273762056,0.07156462585034014,85044.40086695447,8.89610344166464
0,6,xgboost_regressor/micro/forward_smoothed/h120/hold24/cd48/take_profit_stop/net_bp/breaks/tr20/open,129.0,-11.720712188256915,-1511.971872285142,9.567572439664016,0.09302325581395349,1517.0555892723698,11.358471665282211
0,6,xgboost_regressor/micro/forward_smoothed/h240/hold12/cd24/confidence/net_bp/1d/tr10/quiet_out,2208.0,-11.730255206250947,-25900.40349540209,163.76123989750502,0.07427536231884058,25895.65831876217,9.27810407767128
0,6,xgboost/touch/direction/h240/hold24/cd0/confidence/net_per_trade_bp/2d/tr10/tight_only,7809.0,-11.929636852333662,-93158.53417987356,579.171885126638,0.06057113586886925,93147.99080538077,8.987165705981461
0,6,agree/touch/direction/h12/hold60/cd60/clock/net_per_trade_bp/breaks/tr20/open,169.0,-12.117681671732448,-2047.8882025227838,12.534261568242005,0.20710059171597633,1975.8235791722327,24.26179661442068
0,6,rule_gated_by_model/touch/triple_barrier/h24/hold60/cd0/take_profit_stop/net_bp/2d/tr20/tight_only,2986.0,-11.79519728458928,-35220.45909178359,221.4633434483469,0.06296048225050234,35219.76528024555,10.090727147154224
0,6,meta_rule_model/touch/smoothed_direction/h12/hold60/cd120/take_profit_stop/net_per_trade_bp/breaks/tr20/quiet_out,216.0,-9.611118655312158,-2076.001629547426,16.020121294321143,0.09722222222222222,2055.114802949826,10.84344970534237
0,6,xgboost_regressor/touch/magnitude/h120/hold120/cd120/trailing/net_per_trade_bp/5d/tr5/quiet_out,426.0,-10.790637501253258,-4596.811575533888,31.595239219355587,0.11267605633802817,4595.245326490797,11.005650355853353
0,6,meta_rule_model/micro/triple_barrier/h120/hold240/cd240/take_profit_stop/net_per_trade_bp/2d/tr5/quiet_out,334.0,-10.539673507028684,-3520.2509513475807,24.77185422362621,0.0748502994011976,3499.960776709726,10.16907989713876
0,6,momentum/micro/smoothed_direction/h24/hold24/cd24/trailing/net_bp/1d/tr20/quiet_out,727.0,-12.591835715613055,-9154.26456525069,53.91957491190496,0.15405777166437415,9140.093647010002,15.999683773261236
0,6,logistic/depth/triple_barrier/h240/hold12/cd24/clock/net_bp/5d/tr10/open,82.0,-11.83616873759211,-970.5658364825531,6.081712713584878,0.18292682926829268,972.1793750243573,14.993946188482532
0,6,ridge/depth/normalised_magnitude/h24/hold120/cd0/trailing/net_per_trade_bp/2d/tr20/open,5679.0,-11.702002040902261,-66455.66959028394,421.19568902986003,0.1100545870751893,66438.293551428,11.867642776867122
0,6,logistic/depth/smoothed_direction/h24/hold240/cd0/take_profit_stop/net_per_trade_bp/5d/tr20/quiet_out,2756.0,-11.847185824290499,-32650.844131744616,204.40488095902347,0.07619738751814223,32628.659270662625,10.757109624369855
0,6,logistic/touch/triple_barrier/h12/hold240/cd0/trailing/net_bp/1d/tr20/open,1248.0,-12.00509249860107,-14982.355438254133,92.56070081163327,0.13541666666666666,14956.432999190793,15.196897629353863
0,6,rule_gated_by_model/depth/direction/h120/hold120/cd120/clock/net_bp/breaks/tr20/quiet_out,53.0,-15.11613931920746,-801.1553839179953,3.930863095365836,0.32075471698113206,889.2977538907126,41.31032614166228
0,6,ridge/wide/normalised_magnitude/h12/hold24/cd0/trailing/net_bp/5d/tr20/tight_only,171.0,-12.530023996289797,-2142.6341033655553,12.682596024670904,0.16374269005847952,2124.627556931099,14.869935678471666
0,6,meta_rule_tree/micro/smoothed_direction/h120/hold24/cd0/clock/net_per_trade_bp/2d/tr10/open,3262.0,-11.618953628342002,-37901.02673565161,241.93349843553503,0.09687308399754752,37889.11940300003,10.618470415150771
0,6,order_flow/micro/smoothed_direction/h240/hold12/cd0/confidence/net_per_trade_bp/1d/tr20/quiet_out,70304.0,-10.776677807335268,-757643.5565668987,5214.252812388674,0.005718024578971324,757634.5430271112,2.7847437406236626
0,6,momentum/micro/direction/h12/hold240/cd240/take_profit_stop/net_per_trade_bp/2d/tr10/open,997.0,-11.35250355435035,-11318.446043687298,73.94472652980639,0.062186559679037114,11315.73018339744,9.729128725067818
0,6,mean_reversion/micro/direction/h120/hold12/cd24/clock/net_bp/breaks/tr10/open,115.0,-13.193856839851023,-1517.2935365828675,8.52923124466172,0.20869565217391303,1490.1336557927355,17.561727978789833
0,6,order_flow/micro/triple_barrier/h24/hold24/cd24/clock/net_bp/2d/tr10/open,7182.0,-10.965891836509783,-78757.03516981326,532.669033036178,0.07212475633528265,78732.7883678146,8.307050240529342
0,6,spread_capture/micro/direction/h240/hold120/cd120/clock/net_bp/5d/tr5/quiet_out,218.0,-9.845375923880773,-2146.2919514060086,16.16845575075004,0.3119266055045872,2188.10304578174,25.86713131851508
0,6,logistic/micro/direction/h60/hold24/cd0/clock/net_per_trade_bp/2d/tr10/open,773.0,-12.024585137057842,-9295.004310945713,57.331267409769644,0.15653298835705046,9282.703999199008,14.42558857004117
0,6,spread_capture/micro/direction/h240/hold120/cd240/trailing/net_per_trade_bp/1d/tr20/open,1137.0,-11.437944581698682,-13004.942989391402,84.32813847982935,0.09850483729111698,12985.905129641596,9.876752795338941
0,6,ridge/wide/normalised_magnitude/h60/hold240/cd240/trailing/net_per_trade_bp/2d/tr20/tight_only,1262.0,-11.553188928793176,-14580.124428136987,93.59904200663557,0.09746434231378764,14561.086568387165,9.576008102589672
0,6,ridge/touch/normalised_magnitude/h12/hold12/cd0/flip/net_per_trade_bp/2d/tr20/quiet_out,7967.0,-11.610795276110599,-92503.20596477314,590.890307184521,0.04330362746328605,92485.53571196104,6.932949337681013
0,6,breakout/micro/smoothed_direction/h12/hold24/cd48/trailing/net_bp/breaks/tr20/quiet_out,137.0,-11.606056446273328,-1590.0297331394459,10.160910265379613,0.051094890510948905,1583.9008363994924,6.306255614855303
0,6,mean_reversion/micro/smoothed_direction/h24/hold240/cd0/trailing/net_bp/5d/tr5/open,186.0,-11.496452896997543,-2138.340238841543,13.79510444788765,0.1774193548387097,2132.5641726038834,21.285284831321874
0,6,bound_mixed/wide/normalised_magnitude/h120/hold24/cd24/clock/net_per_trade_bp/1d/tr5/quiet_out,0.0,,0.0,,,,
0,6,bound_mixed/depth/normalised_magnitude/h240/hold24/cd0/clock/net_per_trade_bp/breaks/tr10/tight_only,0.0,,0.0,,,,
0,6,bound_mixed/touch/forward_smoothed/h120/hold240/cd480/trailing/net_bp/breaks/tr5/quiet_out,0.0,,0.0,,,,
0,6,xgboost_regressor/wide/forward_smoothed/h120/hold120/cd240/flip/net_per_trade_bp/2d/tr20/tight_only,966.0,-12.555220288806098,-12128.34279898669,71.64554245515845,0.07142857142857142,12116.319649579276,12.524050144553007
0,6,logistic/depth/triple_barrier/h120/hold60/cd0/trailing/net_bp/5d/tr10/quiet_out,170.0,-10.305774320571377,-1751.981634497134,12.608428796456455,0.17058823529411765,1758.6725920331428,16.116977884963244
0,6,xgboost_regressor/micro/forward_smoothed/h60/hold120/cd120/confidence/net_per_trade_bp/2d/tr10/tight_only,1638.0,-11.6526455772063,-19087.03345546392,121.48591981526866,0.05616605616605617,19072.371107203275,8.335199487037638
0,6,meta_rule_model/micro/triple_barrier/h120/hold24/cd24/clock/net_per_trade_bp/breaks/tr20/open,488.0,-12.293440553800504,-5999.198990254647,36.19360736865147,0.1413934426229508,5991.2362720285255,15.756924450318342
0,6,ensemble/wide/direction/h60/hold240/cd480/trailing/net_per_trade_bp/2d/tr20/tight_only,268.0,-10.668416151276672,-2859.135528542148,19.87681716147253,0.11567164179104478,2840.0976687923417,9.866221427194896
0,6,order_flow/micro/direction/h24/hold24/cd0/confidence/net_bp/breaks/tr10/tight_only,9535.0,-10.723640128648547,-102249.9086266639,707.1845210247782,0.007865757734661772,102251.81039244139,3.263789975534365
0,6,breakout/micro/smoothed_direction/h240/hold240/cd0/flip/net_bp/breaks/tr10/tight_only,46.0,-6.375756455613775,-293.28479695823364,3.4116924978646876,0.2391304347826087,333.7907099925234,16.272845739519983
0,6,breakout/micro/direction/h120/hold12/cd12/trailing/net_per_trade_bp/2d/tr5/quiet_out,0.0,,0.0,,,,
0,6,bound_mixed/wide/net_pnl/h120/hold12/cd24/trailing/net_per_trade_bp/breaks/tr20/open,27.0,-11.970364229363613,-323.19983419281755,2.002515161790143,0.037037037037037035,308.42898649459437,11.27368491529193
0,6,rule_gated_by_model/depth/smoothed_direction/h24/hold60/cd0/flip/net_per_trade_bp/2d/tr10/quiet_out,12780.0,-10.94786987246882,-139913.77697015152,947.8571765806676,0.04679186228482003,139901.75379407924,6.982912019940217
0,6,ridge/micro/net_pnl/h24/hold12/cd24/take_profit_stop/net_per_trade_bp/1d/tr5/open,11512.0,-11.48284002821731,-132190.45440483768,853.8131312047453,0.009815844336344684,132189.51414215687,5.278198616748601
0,6,logistic/micro/triple_barrier/h24/hold24/cd24/take_profit_stop/net_per_trade_bp/1d/tr20/tight_only,5098.0,-11.829323016526018,-60305.88873824964,378.1045294372648,0.031188701451549627,60292.96478534797,7.904226144011506
0,6,ensemble/micro/direction/h24/hold24/cd48/take_profit_stop/net_bp/breaks/tr20/quiet_out,142.0,-11.18836253410331,-1588.7474798426701,10.531746406451862,0.1267605633802817,1579.9307161831507,11.144778551022123
0,6,xgboost_regressor/wide/magnitude/h120/hold120/cd240/trailing/net_bp/2d/tr10/open,224.0,-10.370002257217282,-2322.880505616671,16.61345912003674,0.17410714285714285,2313.4804013887097,14.872515299522105
0,6,bound_ridge/micro/net_pnl/h60/hold120/cd0/confidence/net_per_trade_bp/1d/tr10/tight_only,763.0,-11.150734026995938,-8508.010062597901,56.589595127625145,0.005242463958060288,8494.737855966101,2.7843517519788596
0,6,bound_mixed/depth/magnitude/h120/hold240/cd480/clock/net_bp/2d/tr5/tight_only,0.0,,0.0,,,,
0,6,agree/touch/triple_barrier/h60/hold12/cd12/confidence/net_bp/breaks/tr10/tight_only,513.0,-11.637410172615803,-5969.991418551907,38.047788074012715,0.023391812865497075,5955.82667755896,5.033145006715361
0,6,momentum/micro/direction/h24/hold120/cd0/flip/net_bp/breaks/tr10/quiet_out,135.0,-11.384829304945068,-1536.9519561675843,10.012575808950714,0.14814814814814814,1681.0679802137265,23.82590749413528
0,6,rule_gated_by_model/touch/smoothed_direction/h60/hold240/cd0/confidence/net_bp/breaks/tr20/open,170.0,-12.054690892861895,-2049.2974517865223,12.608428796456455,0.08235294117647059,2074.825614020553,9.891159498526624
0,6,bound_ridge/wide/net_pnl/h60/hold60/cd0/take_profit_stop/net_bp/2d/tr20/quiet_out,696.0,-11.373852644702058,-7916.201440712633,51.62039083725701,0.017241379310344827,7897.827622041977,7.763205943741732
0,6,momentum/micro/smoothed_direction/h240/hold240/cd480/take_profit_stop/net_per_trade_bp/breaks/tr10/quiet_out,222.0,-12.284941962441652,-2727.2571156620465,16.465124663607842,0.04954954954954955,2700.1722978455036,9.479556204062703
0,6,rule_gated_by_model/touch/triple_barrier/h240/hold240/cd0/take_profit_stop/net_per_trade_bp/1d/tr10/quiet_out,6641.0,-11.60894102821884,-77094.97736840132,492.54456257216066,0.04818551422978467,77091.1596217199,10.500610521784063
0,6,agree/depth/triple_barrier/h12/hold12/cd24/clock/net_bp/5d/tr20/open,212.0,-11.948874894328373,-2533.161477597615,15.723452381463344,0.09905660377358491,2530.258446399199,11.301758713365157
0,6,bound_mixed/micro/normalised_magnitude/h240/hold240/cd0/confidence/net_bp/5d/tr20/tight_only,0.0,,0.0,,,,
0,6,bound_ridge/depth/net_pnl/h120/hold120/cd0/trailing/net_per_trade_bp/1d/tr5/open,8.0,-11.043917017463949,-88.35133613971159,0.5933378257155979,0.0,81.48334909097116,5.245492647484508
0,6,order_flow/micro/triple_barrier/h60/hold12/cd12/flip/net_per_trade_bp/1d/tr5/open,31665.0,-10.782474547245977,-341427.05653854384,2348.5052814105507,0.005558187273014369,341418.0429987673,2.719223919514366
0,6,order_flow/micro/direction/h24/hold240/cd0/confidence/net_bp/5d/tr5/tight_only,18404.0,-10.805466962691478,-198863.81398137397,1364.973668058733,0.005813953488372093,198850.5282001257,2.873338935351254
0,6,xgboost/micro/smoothed_direction/h240/hold60/cd120/flip/net_bp/2d/tr5/tight_only,419.0,-13.174690841534666,-5520.195462603025,31.07606862185444,0.1957040572792363,5525.383415664545,19.245242202371347
0,6,ensemble/wide/direction/h24/hold12/cd24/trailing/net_per_trade_bp/2d/tr20/tight_only,1873.0,-11.955387236421672,-22392.440293817792,138.91521844566435,0.04271222637479979,22383.651497453127,7.229090332413277
0,6,ridge/touch/normalised_magnitude/h60/hold240/cd0/take_profit_stop/net_bp/1d/tr10/open,1134.0,-13.480127534065371,-15286.46462363013,84.105636795186,0.17195767195767195,15283.748763340318,13.702239921989277
0,6,mean_reversion/micro/triple_barrier/h12/hold120/cd0/flip/net_bp/5d/tr5/quiet_out,136.0,-11.887241615186985,-1616.66485966543,10.086743037165164,0.2426470588235294,1609.0353817792181,21.281066390745195
0,6,logistic/wide/smoothed_direction/h240/hold240/cd0/confidence/net_per_trade_bp/1d/tr20/tight_only,2927.0,-12.39844690685081,-36290.25409635232,217.08747698369436,0.11308507003758114,36280.149180342705,19.326198460176283
0,6,mean_reversion/micro/direction/h240/hold120/cd120/clock/net_per_trade_bp/5d/tr20/open,63.0,-11.797638995915666,-743.2512567426869,4.672535377510333,0.3333333333333333,748.9024191098307,39.73556010287567
0,6,bound_ridge/touch/net_pnl/h240/hold240/cd480/trailing/net_bp/breaks/tr5/open,0.0,,0.0,,,,
0,6,momentum/micro/triple_barrier/h24/hold120/cd240/confidence/net_bp/breaks/tr5/tight_only,49.0,-13.355322486840782,-654.4108018551983,3.634194182508037,0.1836734693877551,696.3608164177607,25.69029737606077
0,6,bound_mixed/wide/net_pnl/h24/hold12/cd12/clock/net_bp/5d/tr5/tight_only,116.0,-11.216584708745064,-1301.1238262144275,8.603398472876169,0.1206896551724138,1292.0685185817188,9.489720717671448
0,6,meta_rule_tree/wide/triple_barrier/h60/hold60/cd0/flip/net_bp/breaks/tr5/quiet_out,1150.0,-11.365295669239483,-13070.090019625406,85.29231244661719,0.04173913043478261,13063.046477354275,7.07060745072517
0,6,bound_ridge/depth/forward_smoothed/h60/hold60/cd0/flip/net_bp/1d/tr20/tight_only,0.0,,0.0,,,,
0,6,spread_capture/micro/direction/h120/hold24/cd0/take_profit_stop/net_bp/1d/tr20/quiet_out,9796.0,-11.25552139416941,-110259.08757728354,726.5421675887496,0.04032258064516129,110238.63751541344,8.370706395404024
0,6,mean_reversion/micro/triple_barrier/h60/hold120/cd0/take_profit_stop/net_per_trade_bp/1d/tr5/tight_only,7387.0,-11.775851171038443,-86988.21260046097,547.8733148201402,0.06173006633274672,86984.40895169586,10.362401029744145
0,6,bound_ridge/wide/normalised_magnitude/h60/hold24/cd48/trailing/net_per_trade_bp/1d/tr10/quiet_out,0.0,,0.0,,,,
0,6,mean_reversion/micro/smoothed_direction/h12/hold12/cd0/confidence/net_per_trade_bp/5d/tr20/open,204.0,-11.395075587569302,-2324.5954198641375,15.130114555747745,0.18627450980392157,2318.788940506672,15.068443367106136
0,6,xgboost_regressor/depth/net_pnl/h120/hold60/cd0/clock/net_bp/breaks/tr10/tight_only,380.0,-14.323827810308668,-5443.054567917294,28.1835467214909,0.1868421052631579,5413.063323093995,22.162612030869376
0,6,spread_capture/micro/direction/h120/hold24/cd48/take_profit_stop/net_bp/5d/tr20/open,657.0,-10.988998202733653,-7219.77181919601,48.72786893689347,0.0365296803652968,7205.804428693596,8.007368277762309
0,6,xgboost_regressor/wide/net_pnl/h240/hold240/cd0/flip/net_per_trade_bp/5d/tr20/quiet_out,246.0,-12.7354177235728,-3132.9127599989088,18.245138140754634,0.25609756097560976,3134.9751849885756,27.71564504085071
0,6,xgboost/touch/triple_barrier/h120/hold120/cd120/clock/net_per_trade_bp/2d/tr5/open,529.0,-13.413590371402792,-7095.789306472077,39.23446372544391,0.2495274102079395,7120.1432147997,23.009500669170137
0,6,momentum/micro/triple_barrier/h60/hold24/cd24/take_profit_stop/net_per_trade_bp/5d/tr20/quiet_out,2038.0,-12.161977582388277,-24786.11031290731,151.15281110104857,0.025024533856722278,24780.20400815928,7.499632464873488
0,6,agree/micro/direction/h120/hold240/cd480/take_profit_stop/net_per_trade_bp/breaks/tr5/open,80.0,-12.891152422559653,-1031.2921938047723,5.9333782571559786,0.025,1010.2074596441624,10.136853647585879
0,6,mean_reversion/micro/triple_barrier/h24/hold120/cd120/clock/net_bp/1d/tr20/quiet_out,391.0,-11.382980474652582,-4450.7453655891595,28.999386231849847,0.3069053708439898,4429.415036129215,36.05998158215718
0,6,ensemble/depth/triple_barrier/h60/hold12/cd12/trailing/net_bp/5d/tr5/tight_only,738.0,-11.80721145575043,-8713.722054343818,54.7354144222639,0.06910569105691057,8707.992472538754,8.470554318342968
0,6,bound_ridge/micro/magnitude/h120/hold240/cd480/flip/net_bp/1d/tr5/quiet_out,0.0,,0.0,,,,
0,6,spread_capture/micro/direction/h240/hold12/cd12/take_profit_stop/net_bp/5d/tr20/open,1420.0,-10.933861437546398,-15526.083241315884,105.31746406451862,0.03169014084507042,15511.55373924132,6.593469907270237
0,6,ensemble/micro/triple_barrier/h120/hold240/cd240/take_profit_stop/net_per_trade_bp/breaks/tr20/open,38.0,-14.559306641997575,-553.2536523959078,2.81835467214909,0.07894736842105263,526.3991237931382,11.34408934981426
0,6,agree/depth/direction/h120/hold24/cd48/confidence/net_per_trade_bp/1d/tr20/quiet_out,3177.0,-11.001097405685693,-34950.486457863444,235.6292840373068,0.008183821214982689,34938.52445846847,4.168293190388748
0,6,bound_ridge/depth/net_pnl/h24/hold12/cd12/clock/net_per_trade_bp/5d/tr20/tight_only,294.0,-11.558588508233848,-3398.2250214207515,21.80516509504822,0.02040816326530612,3385.8977882589415,4.889746724917344
0,6,bound_mixed/depth/net_pnl/h24/hold240/cd0/trailing/net_bp/breaks/tr20/quiet_out,48.0,-11.478467358497246,-550.9664332078678,3.5600269542935874,0.0625,531.2028440180827,6.412869937781057
0,6,order_flow/micro/triple_barrier/h240/hold120/cd120/confidence/net_bp/2d/tr20/tight_only,3020.0,-10.725434583992133,-32390.812443656243,223.9850292076382,0.00728476821192053,32381.798903878924,2.8734474604634697
0,6,agree/touch/smoothed_direction/h60/hold24/cd24/clock/net_bp/breaks/tr10/quiet_out,232.0,-11.306482936920826,-2623.1040413656315,17.206796945752338,0.16379310344827586,2568.7634464385956,14.604032481678338
0,6,agree/touch/smoothed_direction/h120/hold60/cd120/clock/net_per_trade_bp/2d/tr10/quiet_out,529.0,-9.80032633176886,-5184.372629505727,39.23446372544391,0.2060491493383743,5213.680319674527,18.634677236411854
0,6,momentum/micro/triple_barrier/h12/hold24/cd0/confidence/net_per_trade_bp/5d/tr10/open,6790.0,-11.722452868657436,-79595.45497818399,503.5954795761137,0.04329896907216495,79589.54867343615,6.376941020199055
0,6,momentum/micro/direction/h24/hold24/cd24/clock/net_per_trade_bp/5d/tr20/open,1838.0,-12.002957654298767,-22061.436168601133,136.31936545815861,0.07072905331882481,22055.529863853066,9.455921771373985
0,6,order_flow/micro/smoothed_direction/h12/hold120/cd0/trailing/net_per_trade_bp/1d/tr5/tight_only,15790.0,-11.009420212839144,-173838.7451607301,1171.1005335061614,0.11165294490183661,173819.70730097994,10.37339330903143
1,12,breakout/micro/smoothed_direction/h12/hold240/cd0/clock/net_per_trade_bp/breaks/tr20/open,393.0,-9.790916439010976,-3847.8301605313136,14.573860344139373,0.3053435114503817,3812.8364706783927,24.261778829335583
1,12,breakout/micro/smoothed_direction/h240/hold240/cd0/flip/net_bp/breaks/tr10/tight_only,293.0,-10.7205028800743,-3141.1073438617696,10.865498933416886,0.14675767918088736,3181.613256896059,14.135848134630915
1,12,breakout/micro/direction/h60/hold240/cd0/flip/net_per_trade_bp/2d/tr20/tight_only,646.0,-11.200068957998209,-7235.244546866843,23.956014713267265,0.13312693498452013,7222.976056947093,13.980943577864776
1,12,mean_reversion/micro/smoothed_direction/h60/hold240/cd0/clock/net_bp/5d/tr20/quiet_out,159.0,-10.851240144467118,-1725.3471829702717,5.896294643048754,0.36477987421383645,1930.9011234994591,43.145555263736924
1,12,breakout/micro/triple_barrier/h240/hold60/cd0/trailing/net_bp/breaks/tr10/tight_only,284.0,-11.011212023095576,-3127.1842145591436,10.531746406451862,0.08450704225352113,3122.5699810814976,8.719882828202694
1,12,ridge/depth/forward_smoothed/h12/hold120/cd240/clock/net_per_trade_bp/5d/tr5/open,235.0,-10.886794676230629,-2558.396748914198,8.714649315197844,0.28936170212765955,2619.0059553693764,26.15662169005474
1,12,meta_rule_model/touch/smoothed_direction/h12/hold60/cd120/take_profit_stop/net_per_trade_bp/breaks/tr20/quiet_out,1332.0,-11.309454934820808,-15064.193973181316,49.39537399082352,0.033783783783783786,15041.335627812347,8.802182862394115
1,12,agree/touch/smoothed_direction/h120/hold60/cd120/clock/net_per_trade_bp/2d/tr10/quiet_out,2108.0,-11.260560854795319,-23737.262281908534,78.17225853803002,0.16129032258064516,23725.91121192717,16.036180818889523
1,12,spread_capture/micro/direction/h240/hold120/cd120/clock/net_bp/5d/tr5/quiet_out,562.0,-11.42521145453559,-6420.9688374490015,20.840991128260374,0.25444839857651247,6399.553468615986,23.288852440320227
1,12,ridge/touch/forward_smoothed/h24/hold120/cd240/trailing/net_per_trade_bp/5d/tr5/quiet_out,790.0,-10.674145485863756,-8432.574933832368,29.296055144707644,0.12784810126582277,8420.164543210833,11.533474235996739
1,12,meta_rule_model/touch/smoothed_direction/h12/hold120/cd240/take_profit_stop/net_bp/5d/tr20/quiet_out,307.0,-11.120175898586083,-3413.8940008659274,11.384669530918034,0.05211726384364821,3407.3228825163114,10.933032046342005
1,12,xgboost/micro/triple_barrier/h60/hold240/cd0/clock/net_bp/5d/tr20/tight_only,133.0,-13.820740110077642,-1838.1584346403263,4.932120676260907,0.3308270676691729,2093.7031065473525,38.75556864782226
1,12,logistic/depth/triple_barrier/h120/hold60/cd0/trailing/net_bp/5d/tr10/quiet_out,305.0,-10.329005460384193,-3150.346665417179,11.310502302703584,0.16721311475409836,3157.037622953189,14.976283284583456
1,12,spread_capture/micro/smoothed_direction/h120/hold60/cd60/clock/net_bp/breaks/tr20/tight_only,1196.0,-11.130240461715267,-13311.76759221146,44.35200247224094,0.19230769230769232,13334.812362696308,18.23796283444589
1,12,xgboost_regressor/wide/magnitude/h120/hold120/cd240/trailing/net_bp/2d/tr10/open,392.0,-11.343557900007712,-4446.674696803023,14.536776730032148,0.15816326530612246,4450.121177420313,16.000996823352747
1,12,rule_gated_by_model/touch/triple_barrier/h24/hold60/cd60/clock/net_per_trade_bp/5d/tr5/open,1497.0,-10.724640932336525,-16054.787475707777,55.514170318515625,0.17768871075484302,16039.289766078724,14.965184544441698
1,12,ridge/touch/magnitude/h12/hold12/cd24/confidence/net_bp/breaks/tr20/quiet_out,1113.0,-10.605839549641445,-11804.299418750928,41.27406250134128,0.034141958670260555,11794.874728155964,6.303833915354269
1,12,meta_rule_model/micro/triple_barrier/h120/hold240/cd240/take_profit_stop/net_per_trade_bp/2d/tr5/quiet_out,655.0,-10.957602008179958,-7177.229315357872,24.289767240232287,0.06870229007633588,7156.939140720017,10.111637867588211
1,12,agree/touch/direction/h24/hold240/cd240/confidence/net_bp/breaks/tr10/open,357.0,-11.060257357789123,-3948.5118767307167,13.238850236279278,0.025210084033613446,3939.087186135746,5.674771555550476
1,12,meta_rule_tree/wide/smoothed_direction/h12/hold240/cd480/take_profit_stop/net_per_trade_bp/5d/tr5/quiet_out,387.0,-10.497551836410834,-4062.5525606909923,14.351358659496023,0.06201550387596899,4059.600202620014,10.27656992510218
1,12,meta_rule_model/wide/smoothed_direction/h12/hold24/cd48/trailing/net_bp/breaks/tr20/open,508.0,-10.344614854162565,-5255.064345914583,18.83847596647023,0.13976377952755906,5249.261454071536,11.143612375582476
1,12,breakout/micro/direction/h120/hold240/cd0/take_profit_stop/net_bp/5d/tr20/open,248.0,-11.41713635648615,-2831.4498164085653,9.196736298591768,0.008064516129032258,2810.4037714199812,8.989902297969875
1,12,spread_capture/micro/direction/h120/hold60/cd120/confidence/net_bp/5d/tr20/tight_only,950.0,-10.701281032669863,-10166.21698103637,35.22943340186362,0.016842105263157894,10153.048485089312,3.4995787827257803
1,12,ensemble/wide/direction/h60/hold240/cd480/trailing/net_per_trade_bp/2d/tr20/tight_only,476.0,-10.679458214021508,-5083.422109874238,17.651800315039036,0.12184873949579832,5064.384250124436,9.871122956777771
1,12,spread_capture/micro/smoothed_direction/h240/hold60/cd120/confidence/net_per_trade_bp/breaks/tr10/quiet_out,1228.0,-10.699155440865386,-13138.562881382693,45.538678123672135,0.013843648208469055,13140.464647160097,3.4783949715164453
1,12,order_flow/micro/direction/h24/hold24/cd0/confidence/net_bp/breaks/tr10/tight_only,34810.0,-10.775827421567291,-375106.5525447574,1290.8806070724977,0.006549841999425453,375108.4543105365,3.01023341959356
1,12,order_flow/micro/triple_barrier/h240/hold120/cd120/confidence/net_bp/2d/tr20/tight_only,7218.0,-10.738723823292943,-77512.10855652846,267.6695266259491,0.007065669160432253,77503.09501675084,2.803410071165675
1,12,order_flow/micro/triple_barrier/h240/hold24/cd48/flip/net_per_trade_bp/1d/tr20/open,32028.0,-10.733807937207118,-343782.4006128696,1187.713992626198,0.006962657674534782,343773.38707309304,2.818822443071811
1,12,order_flow/micro/smoothed_direction/h240/hold12/cd0/confidence/net_per_trade_bp/1d/tr20/quiet_out,188088.0,-10.787249918961766,-2028952.2627576808,6974.982810199711,0.005279443664667602,2028943.2492178804,2.809866622428768
1,12,order_flow/micro/triple_barrier/h60/hold12/cd12/flip/net_per_trade_bp/1d/tr5/open,86480.0,-10.808755500337426,-934741.1756691807,3206.9909479928065,0.004891304347826087,934732.1621293911,2.746135695719697
1,12,xgboost_regressor/touch/magnitude/h120/hold120/cd120/trailing/net_per_trade_bp/5d/tr5/quiet_out,942.0,-11.670944360650118,-10994.029587732412,34.93276448900583,0.10934182590233546,10992.46333868932,12.007301127489365
1,12,agree/touch/direction/h120/hold24/cd48/flip/net_per_trade_bp/5d/tr20/quiet_out,1681.0,-10.983794610031422,-18463.75873946282,62.337555314245,0.03331350386674598,18451.315843341737,8.896361091068998
1,12,order_flow/micro/direction/h24/hold240/cd0/confidence/net_bp/5d/tr5/tight_only,29287.0,-10.809338143767576,-316573.086216521,1086.0678063582948,0.006521664902516475,316559.80043527303,3.03270717692652
1,12,mean_reversion/micro/direction/h12/hold240/cd480/flip/net_bp/1d/tr20/quiet_out,674.0,-12.533589469843395,-8447.639302674448,24.99435590826956,0.1795252225519288,8457.810814416864,18.03510072532715
1,12,meta_rule_tree/touch/triple_barrier/h120/hold60/cd60/flip/net_bp/1d/tr5/quiet_out,3261.0,-10.960451689329995,-35742.03295890511,120.9296656036603,0.020239190432382703,35730.9215204293,4.590549448586533
1,12,ridge/depth/forward_smoothed/h12/hold120/cd0/confidence/net_bp/5d/tr20/open,180.0,-11.109543647124076,-1999.7178564823337,6.675050539300476,0.2722222222222222,1993.4905502385907,24.054338074550476
1,12,logistic/wide/smoothed_direction/h240/hold120/cd240/take_profit_stop/net_per_trade_bp/5d/tr20/quiet_out,416.0,-11.794533778566246,-4906.5260518835585,15.426783468605544,0.05048076923076923,4905.736905478418,9.629512770567949
1,12,meta_rule_model/touch/direction/h240/hold240/cd240/flip/net_bp/1d/tr5/quiet_out,5746.0,-10.965471658302935,-63007.60014860867,213.08244666011407,0.005395057431256526,62998.586608831625,3.0094414968161085
1,12,xgboost/wide/smoothed_direction/h12/hold120/cd120/flip/net_bp/breaks/tr10/open,644.0,-10.785838855440176,-6946.080222903473,23.881847485052816,0.13509316770186336,7026.856058372268,16.754898309963146
1,12,meta_rule_tree/micro/smoothed_direction/h12/hold60/cd0/clock/net_per_trade_bp/breaks/tr20/tight_only,2421.0,-11.525987815188698,-27904.41650057184,89.7794297535914,0.17306897976042956,28004.97211842844,17.98388012567366
1,12,logistic/wide/triple_barrier/h240/hold24/cd48/trailing/net_bp/1d/tr10/quiet_out,1150.0,-11.077122312800434,-12738.690659720498,42.646156223308594,0.1373913043478261,12729.063014806236,14.054803107747448
1,12,spread_capture/micro/smoothed_direction/h120/hold120/cd0/flip/net_per_trade_bp/2d/tr10/quiet_out,53046.0,-10.89913101195319,-578155.3036600689,1967.1373939318503,0.00944463296007239,578147.448142764,3.4585746543247913
1,12,xgboost/touch/direction/h12/hold120/cd240/flip/net_bp/2d/tr10/tight_only,591.0,-10.409404735200644,-6151.95819850358,21.916415937369898,0.1319796954314721,6157.978659187374,13.419721196906629
1,12,spread_capture/micro/direction/h240/hold12/cd12/take_profit_stop/net_bp/5d/tr20/open,2569.0,-11.150867487192555,-28646.578574597672,95.26780464146069,0.02646944336317633,28633.39252086377,6.654561064773063
1,12,agree/wide/smoothed_direction/h60/hold12/cd24/confidence/net_per_trade_bp/5d/tr5/tight_only,3657.0,-10.985268683394786,-40173.12757517473,135.61477679012134,0.012305168170631665,40159.95921301994,3.618015844654335
1,12,meta_rule_model/touch/triple_barrier/h60/hold120/cd240/flip/net_per_trade_bp/breaks/tr20/quiet_out,1610.0,-11.04125882570559,-17776.426709386,59.70461871263203,0.004968944099378882,17778.328475163387,2.804093962396726
1,12,rule_gated_by_model/depth/smoothed_direction/h24/hold60/cd0/flip/net_per_trade_bp/2d/tr10/quiet_out,23422.0,-10.989505799619309,-257396.20483868345,868.5724096194208,0.05106310306549398,257384.18166261233,7.443901373540176
1,12,order_flow/micro/triple_barrier/h24/hold24/cd24/clock/net_bp/2d/tr10/open,16628.0,-11.09567340595849,-184498.85739427776,616.6263353749351,0.06645417368294443,184474.61059227886,8.35436101789756
1,12,spread_capture/micro/direction/h120/hold24/cd48/take_profit_stop/net_bp/5d/tr20/open,1265.0,-11.180186299213794,-14142.93566850545,46.91077184563946,0.03241106719367589,14128.968278003049,7.8615080877440615
1,12,spread_capture/micro/smoothed_direction/h240/hold12/cd0/trailing/net_bp/2d/tr10/open,14467.0,-10.998991107372966,-159122.4043503647,536.4886452892222,0.049008087371258724,159108.04287210226,6.978047230646278
1,12,agree/depth/direction/h120/hold24/cd48/confidence/net_per_trade_bp/1d/tr20/quiet_out,4849.0,-11.09411818985468,-53795.37910260534,179.81844480593338,0.007630439265828006,53783.35593002416,3.9206127870366982
1,12,meta_rule_tree/wide/direction/h120/hold24/cd24/flip/net_bp/5d/tr5/quiet_out,533.0,-11.212655844111936,-5976.345564911661,19.765566319150853,0.020637898686679174,5963.3727538234725,4.65945489154174
1,12,order_flow/micro/smoothed_direction/h12/hold120/cd0/trailing/net_per_trade_bp/1d/tr5/tight_only,35427.0,-11.153989383703841,-395152.38189647597,1313.7611969766554,0.11050893386400203,395133.34403672646,10.606229842829643
1,12,agree/micro/triple_barrier/h24/hold12/cd12/confidence/net_per_trade_bp/1d/tr20/open,11749.0,-10.93907078521736,-128523.14265551876,435.69538214578495,0.016256702698101966,128514.28307257098,4.2987120374064105
1,12,spread_capture/micro/direction/h12/hold24/cd24/clock/net_bp/2d/tr20/open,5177.0,-10.945093735009133,-56662.75026614228,191.98187023310314,0.1016032451226579,56643.72683045887,10.298696174956113
1,12,order_flow/micro/smoothed_direction/h240/hold60/cd0/take_profit_stop/net_bp/2d/tr20/open,24469.0,-11.228730850125165,-274755.81517171266,907.3989535896852,0.03138665249908047,274735.3651098382,8.736444322024468
1,12,meta_rule_model/depth/direction/h240/hold24/cd48/flip/net_per_trade_bp/1d/tr10/open,6248.0,-11.027595321561014,-68900.41556911322,231.69842094194098,0.0190460947503201,68889.41227419174,4.460580256469548
1,12,meta_rule_model/micro/smoothed_direction/h12/hold24/cd24/confidence/net_bp/5d/tr20/quiet_out,580.0,-10.703547296595824,-6208.057432025577,21.508496182190424,0.039655172413793106,6195.47183604698,6.179931589623172
1,12,order_flow/micro/triple_barrier/h240/hold24/cd24/take_profit_stop/net_bp/2d/tr20/quiet_out,18189.0,-11.192486886503332,-203580.1439786091,674.513856996313,0.01682335477486393,203559.69391673908,6.749910470113098
1,12,meta_rule_model/depth/smoothed_direction/h12/hold12/cd12/flip/net_bp/1d/tr20/quiet_out,5230.0,-10.9938818808168,-57498.00223667187,193.94730178078606,0.042256214149139576,57489.70215255084,6.607394434434854
1,12,ensemble/depth/triple_barrier/h60/hold60/cd120/clock/net_per_trade_bp/5d/tr20/open,670.0,-10.709575864196083,-7175.4158290113755,24.84602145184066,0.17313432835820897,7293.768041856449,16.112040103067233
1,12,order_flow/micro/direction/h240/hold60/cd120/take_profit_stop/net_per_trade_bp/breaks/tr10/open,3019.0,-11.183398877025832,-33762.681209740986,111.95543098971187,0.02285525008280888,33764.58297551838,8.17449298735207
1,12,order_flow/micro/triple_barrier/h12/hold60/cd60/take_profit_stop/net_per_trade_bp/1d/tr20/quiet_out,18536.0,-11.226627541741207,-208096.76811371502,687.3818710915201,0.024762624082865774,208076.31805184443,8.188617787713882
1,12,bound_ridge/micro/net_pnl/h60/hold120/cd0/confidence/net_per_trade_bp/1d/tr10/tight_only,1578.0,-11.407559708180743,-18001.129219509214,58.51794306120084,0.008238276299112801,17987.857012877394,3.2885592154963947
1,12,ensemble/micro/direction/h24/hold24/cd48/take_profit_stop/net_bp/breaks/tr20/quiet_out,190.0,-11.020721472649006,-2093.937079803311,7.045886680372725,0.12631578947368421,2085.1203161437907,11.367721758312308
1,12,meta_rule_tree/wide/smoothed_direction/h24/hold24/cd48/confidence/net_per_trade_bp/2d/tr20/quiet_out,9686.0,-11.214770335962038,-108626.2654741283,359.19188624258004,0.006504232913483378,108616.25147742366,3.2053026344331164
1,12,spread_capture/micro/direction/h24/hold60/cd0/take_profit_stop/net_per_trade_bp/2d/tr20/tight_only,9425.0,-11.337366400949662,-106854.67832895057,349.51306296059437,0.049973474801061006,106834.22826708005,9.467840602571362
1,12,agree/touch/smoothed_direction/h120/hold60/cd0/take_profit_stop/net_bp/5d/tr5/tight_only,1422.0,-11.346019870938202,-16134.040256474122,52.73289926047376,0.0850914205344585,16119.750068643676,10.915683100825502
1,12,bound_mixed/wide/net_pnl/h24/hold12/cd12/clock/net_bp/5d/tr5/tight_only,116.0,-11.216584708745064,-1301.1238262144275,4.301699236438084,0.1206896551724138,1292.0685185817188,9.489720717671448
1,12,order_flow/micro/direction/h120/hold60/cd120/take_profit_stop/net_bp/1d/tr10/tight_only,10748.0,-11.22995016420552,-120699.50436488094,398.57468442445287,0.02791216970599181,120679.05430301119,8.26037445297718
1,12,spread_capture/micro/direction/h120/hold24/cd0/take_profit_stop/net_bp/1d/tr20/quiet_out,19230.0,-11.280773977749012,-216929.2835921135,713.1178992819342,0.03426937077483099,216910.17697858578,8.14749336643096
1,12,bound_ridge/wide/net_pnl/h60/hold24/cd0/confidence/net_bp/2d/tr5/open,2623.0,-11.380884789749098,-29852.060803511886,97.27031980325083,0.0057186427754479605,29839.41183288355,2.752393470594697
2,24,breakout/micro/smoothed_direction/h12/hold240/cd0/clock/net_per_trade_bp/breaks/tr20/open,703.0,-13.492115962406928,-9484.95752157207,13.034890358689541,0.310099573257468,9472.626166626194,33.417688999210085
2,24,logistic/depth/triple_barrier/h120/hold60/cd0/trailing/net_bp/5d/tr10/quiet_out,931.0,-9.782387746970477,-9107.402992429514,17.262422366913174,0.21804511278195488,9114.09394996554,23.704534131998553
2,24,meta_rule_model/wide/smoothed_direction/h12/hold24/cd48/trailing/net_bp/breaks/tr20/open,1186.0,-10.505096190387912,-12459.044081800062,21.990583165584347,0.16779089376053963,12453.241189957014,17.54647936289783
2,24,xgboost/touch/direction/h12/hold120/cd240/flip/net_bp/2d/tr10/tight_only,888.0,-10.885174398114449,-9666.034865525631,16.465124663607842,0.18693693693693694,9723.151104689621,22.340498055505865
2,24,meta_rule_tree/wide/smoothed_direction/h12/hold240/cd480/take_profit_stop/net_per_trade_bp/5d/tr5/quiet_out,1083.0,-11.326329162110124,-12266.414482565264,20.080777039062266,0.0729455216989843,12263.462124494292,10.485328164140622
2,24,ridge/touch/magnitude/h12/hold12/cd24/confidence/net_bp/breaks/tr20/quiet_out,3647.0,-11.005970220255808,-40138.77339327293,67.62197032452454,0.03783931998903208,40129.34870267803,9.789527180577291
2,24,ridge/touch/forward_smoothed/h24/hold120/cd240/trailing/net_per_trade_bp/5d/tr5/quiet_out,1398.0,-10.895498592758187,-15231.907032675945,25.921446260950184,0.14878397711015737,15219.496642054395,16.001913124537783
2,24,ensemble/wide/direction/h60/hold240/cd480/trailing/net_per_trade_bp/2d/tr20/tight_only,730.0,-10.036167715896868,-7326.402432604713,13.535519149137077,0.15205479452054796,7338.059763716141,17.15424783179915
2,24,spread_capture/micro/smoothed_direction/h240/hold60/cd120/confidence/net_per_trade_bp/breaks/tr10/quiet_out,3415.0,-10.926257777610568,-37313.17031054009,63.32027108808646,0.019326500732064423,37315.07207631751,4.249928190925513
2,24,spread_capture/micro/direction/h120/hold60/cd120/confidence/net_bp/5d/tr20/tight_only,2057.0,-10.729787080842115,-22071.17202529223,38.14049710928077,0.0213903743315508,22058.003529345147,4.460546750506107
2,24,meta_rule_model/micro/smoothed_direction/h12/hold24/cd24/confidence/net_bp/5d/tr20/quiet_out,1307.0,-11.023559595988122,-14407.792391956475,24.23414181907145,0.07957153787299158,14395.206795977883,9.674117251734392
2,24,ensemble/depth/triple_barrier/h60/hold60/cd120/clock/net_per_trade_bp/5d/tr20/open,1822.0,-11.801482979922513,-21502.30198941882,33.78317245168186,0.2233809001097695,21511.830874135187,24.888628765631267
2,24,breakout/micro/smoothed_direction/h240/hold240/cd0/flip/net_bp/breaks/tr10/tight_only,413.0,-11.969533186822146,-4943.417206157546,7.657766313141935,0.14043583535108958,4983.923119191838,14.591171581489235
2,24,rule_gated_by_model/touch/triple_barrier/h24/hold60/cd60/clock/net_per_trade_bp/5d/tr5/open,2930.0,-11.090077183940885,-32493.92614894679,54.32749466708443,0.22901023890784983,32490.77049639009,23.590266547583887
2,24,order_flow/micro/triple_barrier/h240/hold24/cd48/flip/net_per_trade_bp/1d/tr20/open,72868.0,-10.780744459703216,-785571.287289654,1351.1043963826307,0.014354723609815007,785562.2737498803,3.9224046757431927
2,24,order_flow/micro/triple_barrier/h240/hold120/cd120/confidence/net_bp/2d/tr20/tight_only,15048.0,-10.775923931630391,-162156.10332317412,279.0171125427599,0.012958532695374801,162147.08978339678,3.7422230550996947
2,24,order_flow/micro/direction/h24/hold24/cd0/confidence/net_bp/breaks/tr10/tight_only,90041.0,-10.758493612519244,-968705.5233648452,1669.5228489143171,0.014082473539831854,968707.425130628,4.067207605906929
2,24,xgboost/wide/smoothed_direction/h12/hold120/cd120/flip/net_bp/breaks/tr10/open,2661.0,-12.144737873886895,-32317.147482413027,49.33974856966269,0.15482901164975574,32405.27017923182,17.204843315679433
2,24,order_flow/micro/smoothed_direction/h240/hold12/cd0/confidence/net_per_trade_bp/1d/tr20/quiet_out,452625.0,-10.794027733430227,-4885646.802843857,8392.485417641328,0.013136702568351285,4885637.789304099,3.9808519819964823
2,24,order_flow/micro/triple_barrier/h60/hold12/cd12/flip/net_per_trade_bp/1d/tr5/open,201325.0,-10.818313337371288,-2177996.9326462746,3732.9293050685233,0.014017136470880417,2177987.9191064574,3.946706774622911
2,24,order_flow/micro/direction/h24/hold240/cd0/confidence/net_bp/5d/tr5/tight_only,66641.0,-10.78516929315455,-718734.4668651123,1235.644563859786,0.01263486442280278,718721.1810838656,3.9084374302195113
