rung,budget,candidate,trades,trades_per_day,gross_per_trade_bp,cost_per_trade_bp,net_per_trade_bp,net_bp,hit_rate,max_drawdown_bp,dispersion_bp
0,6,bound_mixed/touch/net_pnl/h60/hold60/cd120/flip3/net_per_trade_bp/5d/tr20/tight_only/top40/nw4000/[default],195.0,14.457831325301203,-0.3765282297818644,12.021760284558816,-12.39828851434068,-2417.6662602964325,0.15384615384615385,2470.668026755637,21.1321911107967
0,6,ensemble/depth/direction/h12/hold240/cd240/take_profit_stop3/net_bp/2d/tr20/quiet_out/top16/nw16000/[default],124.0,9.193697868396663,0.5619837896621876,12.030892715501654,-11.468908925839466,-1422.1447068040939,0.016129032258064516,1422.144706804093,5.370802832598592
0,6,momentum/micro/direction/h120/hold240/cd480/confidence25/net_per_trade_bp/1d/tr20/tight_only/all/nw4000/[default],289.0,21.427247451343835,-0.030953260251383084,12.02170058510974,-12.052653845361123,-3483.2169613093643,0.02768166089965398,3534.58622160336,8.565037532467008
0,6,xgboost_regressor/micro/forward_smoothed/h60/hold120/cd0/trailing12/net_bp/1d/tr20/tight_only/top40/nw16000/[default],207.0,15.347544022242817,0.7038505083632359,12.021585401824137,-11.3177348934609,-2342.771122946406,0.18357487922705315,2342.7711229464053,17.2718403598887
0,6,mean_reversion/micro/triple_barrier/h120/hold24/cd48/clock3/net_per_trade_bp/breaks/tr20/tight_only/all/nw1000/[default],53.0,3.929564411492122,0.6819614814762675,12.020708385328406,-11.338746903852137,-600.9535859041632,0.24528301886792453,611.7474395426078,16.667306890511245
0,6,meta_rule_tree/micro/direction/h240/hold12/cd0/confidence6/net_bp/breaks/tr20/open/all/nw1000/[default],549.0,40.704355885078776,1.2025817446552691,12.025196557395748,-10.822614812740477,-5941.6155321945225,0.03278688524590164,5941.615532194519,5.604109939864836
0,6,agree/wide/triple_barrier/h60/hold60/cd60/flip25/net_per_trade_bp/5d/tr20/open/all/nw16000/[default],617.0,45.74606116774791,0.9299978979452912,12.022194407080418,-11.092196509135126,-6843.885246136373,0.02593192868719611,6843.885246136373,5.943596542346319
0,6,breakout/micro/direction/h60/hold12/cd12/flip12/net_per_trade_bp/5d/tr20/quiet_out/all/nw1000/[default],0.0,,,,,0.0,,,
0,6,order_flow/micro/direction/h24/hold120/cd240/flip12/net_per_trade_bp/breaks/tr20/open/all/nw1000/[default],310.0,22.984244670991657,1.3931065246489933,12.021464848936114,-10.628358324287122,-3294.7910805290076,0.0,3294.791080529008,3.185775827103996
0,6,momentum/micro/direction/h120/hold120/cd120/trailing3/net_per_trade_bp/2d/tr20/open/all/nw4000/[default],859.0,63.68860055607043,0.08364640749273511,12.023842421362346,-11.940196013869611,-10256.628375913997,0.051222351571594875,10256.628375913997,8.22159415953739
0,6,order_flow/micro/direction/h240/hold12/cd0/flip3/net_bp/5d/tr10/tight_only/all/nw16000/[default],12893.0,955.9221501390175,1.2596393602135307,12.02153286865199,-10.76189350843846,-138753.09300429706,0.0055844256573334364,138753.09300429636,2.8142915961436388
0,6,rule_gated_by_model/touch/triple_barrier/h12/hold120/cd120/confidence25/net_per_trade_bp/1d/tr20/open/all/nw4000/[default],1121.0,83.11399443929564,0.5279211249292151,12.028638255288131,-11.500717130358916,-12892.303903132346,0.0044603033006244425,12892.30390313233,2.3405972446359957
0,6,order_flow/micro/triple_barrier/h240/hold12/cd0/confidence6/net_bp/5d/tr10/open/all/nw4000/[default],12061.0,894.2354031510657,1.2298708298493404,12.022386347818012,-10.79251551796867,-130168.52966222014,0.00522344747533372,130168.52966221981,2.7479284025948933
0,6,xgboost_regressor/micro/magnitude/h240/hold24/cd0/clock6/net_per_trade_bp/5d/tr5/quiet_out/all/nw16000/[default],2220.0,164.59684893419833,0.37987708198281994,12.022857511591058,-11.642980429608238,-25847.41655373029,0.09324324324324325,25881.77039035054,10.957287229398611
0,6,"xgboost_regressor/depth/magnitude/h60/hold120/cd240/trailing12/net_bp/2d/tr20/tight_only/all/nw4000/[learning_rate=0.05,max_depth=3,n_estimators=300]",123.0,9.119555143651528,1.9359729765363232,12.02252241085337,-10.086549434317046,-1240.6455804209966,0.15447154471544716,1240.6455804209975,13.854453551454483
0,6,meta_rule_tree/micro/triple_barrier/h240/hold24/cd24/trailing6/net_per_trade_bp/2d/tr5/open/all/nw4000/[default],1061.0,78.66543095458758,0.5537858596216878,12.024611705614463,-11.470825845992774,-12170.546222598334,0.061262959472196045,12170.546222598337,8.149412795045269
0,6,"xgboost/wide/triple_barrier/h120/hold60/cd120/confidence6/net_per_trade_bp/2d/tr5/open/top8/nw1000/[learning_rate=0.02,max_depth=4,min_child_weight=100.0,n_estimators=600]",402.0,29.80537534754402,0.14666019734447727,12.032807853731375,-11.886147656386898,-4778.231357867533,0.03731343283582089,4806.171530593404,9.726290000367982
0,6,logistic/wide/direction/h24/hold240/cd0/take_profit_stop3/net_bp/2d/tr10/tight_only/all/nw1000/[default],566.0,41.96478220574606,0.5510579579890983,12.021749770906274,-11.470691812917174,-6492.411566111121,0.012367491166077738,6492.411566111119,6.403879937449963
0,6,bound_mixed/depth/forward_smoothed/h120/hold12/cd12/take_profit_stop25/net_bp/5d/tr5/tight_only/top40/nw4000/[default],0.0,,,,,0.0,,,
0,6,logistic/depth/direction/h120/hold60/cd120/confidence3/net_per_trade_bp/breaks/tr10/tight_only/all/nw1000/[C=0.1],105.0,7.78498609823911,1.8551598805163534,12.020366093814483,-10.165206213298129,-1067.3466523963036,0.18095238095238095,1073.8414582444625,17.659344717275964
0,6,agree/wide/direction/h60/hold12/cd24/confidence3/net_per_trade_bp/5d/tr5/tight_only/all/nw4000/[default],972.0,72.06672845227062,1.0465076661092259,12.02148416134146,-10.974976495232237,-10667.677153365734,0.0102880658436214,10667.67715336573,3.7944099591156486
0,6,"xgboost_regressor/depth/magnitude/h120/hold240/cd480/confidence6/net_per_trade_bp/5d/tr10/quiet_out/top40/nw16000/[learning_rate=0.03,max_depth=6,n_estimators=300]",93.0,6.895273401297497,2.828384840880096,12.025391150798526,-9.197006309918432,-855.3215868224141,0.23655913978494625,855.321586822414,18.267877068934602
0,6,breakout/micro/direction/h12/hold12/cd12/take_profit_stop6/net_bp/2d/tr10/open/all/nw16000/[default],43.0,3.1881371640407785,1.6722925700281308,12.02329948964389,-10.35100691961576,-445.09329754347766,0.0,445.09329754347766,4.437454970908553
0,6,xgboost_regressor/touch/magnitude/h120/hold120/cd0/trailing3/net_per_trade_bp/1d/tr10/open/top8/nw16000/[default],1049.0,77.77571825764596,0.7801715790183616,12.026526096488386,-11.246354517470023,-11797.425888826054,0.07340324118207817,11797.425888826054,9.871130752858496
0,6,order_flow/micro/triple_barrier/h240/hold60/cd60/take_profit_stop12/net_bp/5d/tr5/open/all/nw16000/[default],1122.0,83.18813716404077,0.8779798184517487,12.022578176929073,-11.144598358477326,-12504.23935821156,0.24688057040998218,12504.239358211538,10.483678528491824
0,6,mean_reversion/micro/triple_barrier/h60/hold120/cd0/trailing12/net_per_trade_bp/2d/tr20/open/all/nw1000/[default],448.0,33.2159406858202,1.6521194041923921,12.029853027235768,-10.377733623043374,-4649.224663123432,0.13392857142857142,4720.09082654426,15.201023999741412
0,6,logistic/depth/direction/h24/hold24/cd0/flip3/net_per_trade_bp/5d/tr5/quiet_out/top40/nw1000/[C=10.0],15375.0,1139.944392956441,0.8903878843927322,12.024385755787062,-11.13399787139433,-171185.21727268782,0.008195121951219513,171253.8369866087,3.5641339236057497
0,6,agree/depth/triple_barrier/h120/hold24/cd0/clock3/net_per_trade_bp/breaks/tr5/open/all/nw16000/[default],466.0,34.55050973123262,0.42826160759442083,12.021388294528647,-11.593126686934225,-5402.397036111349,0.2167381974248927,5413.80691740286,16.512199065253462
0,6,rule_gated_by_model/touch/triple_barrier/h120/hold120/cd120/take_profit_stop25/net_per_trade_bp/5d/tr10/open/all/nw4000/[default],450.0,33.364226135310474,0.42460440278971784,12.022330351005104,-11.597725948215388,-5218.976676696924,0.24222222222222223,5223.948270601835,16.532520200458922
0,6,"xgboost/depth/triple_barrier/h60/hold120/cd120/trailing25/net_per_trade_bp/breaks/tr5/tight_only/top16/nw1000/[learning_rate=0.03,max_depth=6,n_estimators=300]",239.0,17.720111214087115,-0.3097719537351898,12.02082083752037,-12.33059279125556,-2947.011677110079,0.2301255230125523,3049.6676090528063,22.9445130579036
0,6,"xgboost_regressor/wide/net_pnl/h240/hold12/cd12/trailing6/net_per_trade_bp/5d/tr20/tight_only/top16/nw1000/[learning_rate=0.1,max_depth=2,n_estimators=150]",316.0,23.429101019462465,0.045711348921723,12.021673117088163,-11.975961768166442,-3784.4039187405956,0.06329113924050633,3784.4039187405983,8.364432979053602
0,6,bound_mixed/wide/magnitude/h60/hold60/cd0/clock12/net_per_trade_bp/5d/tr5/quiet_out/top16/nw1000/[default],0.0,,,,,0.0,,,
0,6,breakout/micro/triple_barrier/h120/hold24/cd48/trailing12/net_per_trade_bp/breaks/tr20/tight_only/all/nw1000/[default],0.0,,,,,0.0,,,
0,6,meta_rule_model/wide/triple_barrier/h24/hold60/cd60/clock12/net_bp/5d/tr20/tight_only/all/nw1000/[default],65.0,4.8192771084337345,3.4275295314878034,12.021472715252072,-8.593943183764269,-558.6063069446775,0.3230769230769231,624.5291524041223,23.31837978535809
0,6,breakout/micro/triple_barrier/h240/hold12/cd12/trailing12/net_per_trade_bp/5d/tr5/tight_only/all/nw16000/[default],114.0,8.452270620945319,0.1188544454616496,12.022287870112352,-11.903433424650702,-1356.99141041018,0.017543859649122806,1356.9914104101797,4.519592999114174
0,6,agree/wide/direction/h24/hold60/cd0/confidence3/net_bp/5d/tr20/quiet_out/all/nw16000/[default],855.0,63.39202965708989,0.9343451464919335,12.02672155842686,-11.092376411934927,-9483.981832204363,0.012865497076023392,9483.981832204372,4.723985762722513
0,6,rule_gated_by_model/micro/triple_barrier/h120/hold240/cd0/confidence25/net_per_trade_bp/1d/tr20/quiet_out/all/nw1000/[default],6560.0,486.37627432808154,0.47282626659995963,12.03050449895822,-11.55767823235826,-75818.36920427019,0.00350609756097561,75836.68867398902,2.5499550660095522
0,6,meta_rule_model/wide/direction/h240/hold24/cd48/clock25/net_per_trade_bp/5d/tr10/tight_only/all/nw1000/[default],189.0,14.012974976830398,2.3265443922789246,12.02171507546613,-9.695170683187206,-1832.3872591223817,0.15873015873015872,1845.3862811251947,12.577192885516073
0,6,mean_reversion/micro/triple_barrier/h24/hold120/cd0/trailing6/net_bp/breaks/tr5/tight_only/all/nw4000/[default],129.0,9.564411492122336,1.5355909792288636,12.020482567332582,-10.48489158810372,-1352.5510148653798,0.18604651162790697,1368.722385313743,18.81992301075962
0,6,"xgboost/touch/direction/h60/hold240/cd480/trailing12/net_per_trade_bp/5d/tr20/open/all/nw16000/[learning_rate=0.02,max_depth=4,min_child_weight=100.0,n_estimators=600]",74.0,5.486561631139944,2.81906432613442,12.09866590406696,-9.279601577932539,-686.6905167670079,0.21621621621621623,769.5824357136075,15.720574435207215
0,6,mean_reversion/micro/direction/h120/hold60/cd0/flip12/net_bp/2d/tr10/open/all/nw1000/[default],191.0,14.161260426320666,0.08823731813432005,12.041292102248143,-11.953054784113826,-2283.0334637657406,0.11518324607329843,2283.0334637657415,13.835175136368969
0,6,momentum/micro/triple_barrier/h24/hold12/cd12/trailing3/net_bp/5d/tr5/quiet_out/all/nw1000/[default],113.0,8.378127896200185,-0.545686719031105,12.068104291944378,-12.613791010975483,-1425.3583842402295,0.10619469026548672,1425.35838424023,10.748685146167382
0,6,spread_capture/micro/triple_barrier/h60/hold12/cd24/clock3/net_per_trade_bp/1d/tr20/tight_only/all/nw4000/[default],1131.0,83.85542168674698,1.0905354323361118,12.021824713390124,-10.931289281054013,-12363.288176872089,0.04774535809018567,12363.288176872098,7.091071052821679
0,6,"xgboost_regressor/micro/magnitude/h24/hold240/cd480/trailing6/net_bp/breaks/tr10/open/all/nw1000/[learning_rate=0.03,max_depth=6,n_estimators=300]",29.0,2.150139017608897,3.120341294091207,12.039907966284822,-8.91956667219362,-258.66743349361496,0.13793103448275862,258.66743349361496,14.252486708310311
0,6,mean_reversion/micro/direction/h120/hold240/cd240/take_profit_stop6/net_per_trade_bp/5d/tr20/tight_only/all/nw4000/[default],325.0,24.096385542168672,-0.09648081631176393,12.02204987522424,-12.118530691536003,-3938.522474749201,0.009230769230769232,3938.5224747492025,7.485668673730266
0,6,meta_rule_tree/micro/direction/h24/hold12/cd12/take_profit_stop6/net_per_trade_bp/2d/tr5/tight_only/all/nw1000/[default],413.0,30.6209453197405,0.7030960984515732,12.021864762881101,-11.318768664429529,-4674.651458409396,0.026634382566585957,4674.651458409395,7.370260622319881
0,6,xgboost/wide/direction/h24/hold120/cd240/confidence12/net_per_trade_bp/1d/tr10/tight_only/all/nw1000/[default],155.0,11.492122335495829,0.25352044323352163,12.021668558655197,-11.768148115421674,-1824.0629578903595,0.1032258064516129,1824.06295789036,12.848256285422568
0,6,"xgboost/wide/direction/h240/hold60/cd60/clock3/net_per_trade_bp/2d/tr10/quiet_out/top40/nw1000/[learning_rate=0.05,max_depth=3,n_estimators=300]",285.0,21.130676552363298,0.4169295144670991,12.024142182075694,-11.607212667608598,-3308.0556102684504,0.17543859649122806,3320.0034855386452,12.993005245675333
0,6,order_flow/micro/direction/h240/hold240/cd0/take_profit_stop12/net_bp/2d/tr5/tight_only/all/nw4000/[default],2149.0,159.3327154772938,1.069013043138583,12.021437771071607,-10.952424727933021,-23536.760740328064,0.4881340158213122,23536.760740328104,13.404616417017415
0,6,breakout/micro/triple_barrier/h24/hold240/cd0/confidence12/net_bp/5d/tr10/quiet_out/all/nw4000/[default],180.0,13.345690454124188,0.1847409161891103,12.02154582828589,-11.836804912096778,-2130.62488417742,0.0,2130.624884177421,1.7844806382982918
0,6,bound_mixed/micro/magnitude/h240/hold240/cd0/flip6/net_per_trade_bp/1d/tr10/tight_only/top16/nw16000/[default],12.0,0.8897126969416126,8.365434762660863,12.021186128436954,-3.6557513657760894,-43.869016389313074,0.5833333333333334,104.85959888401574,40.630463406445735
0,6,rule_gated_by_model/micro/triple_barrier/h60/hold240/cd240/clock12/net_bp/2d/tr20/tight_only/all/nw1000/[default],49.0,3.6329935125115846,-0.600162040289338,12.022404693976862,-12.622566734266197,-618.5057699790436,0.22448979591836735,618.5057699790435,39.96313561263954
0,6,meta_rule_tree/touch/triple_barrier/h120/hold12/cd0/trailing6/net_bp/breaks/tr10/open/all/nw16000/[default],1525.0,113.06765523632993,1.0219415388868551,12.025085158677019,-11.003143619790166,-16779.79402018,0.08459016393442623,16779.79402018002,8.325731239553066
0,6,ensemble/wide/triple_barrier/h12/hold12/cd24/flip25/net_bp/2d/tr20/tight_only/top16/nw1000/[default],344.0,25.505097312326228,0.960183183395479,12.022262599281499,-11.06207941588602,-3805.355319064791,0.029069767441860465,3805.3553190647904,5.68058566788128
0,6,bound_ridge/micro/magnitude/h60/hold240/cd480/trailing12/net_per_trade_bp/5d/tr10/tight_only/all/nw1000/[alpha=1000.0],0.0,,,,,0.0,,,
0,6,breakout/micro/triple_barrier/h60/hold24/cd0/confidence25/net_per_trade_bp/2d/tr10/quiet_out/all/nw1000/[default],0.0,,,,,0.0,,,
0,6,bound_ridge/wide/magnitude/h12/hold120/cd240/clock3/net_per_trade_bp/breaks/tr5/quiet_out/top16/nw1000/[alpha=0.01],0.0,,,,,0.0,,,
0,6,logistic/touch/triple_barrier/h24/hold12/cd12/clock25/net_per_trade_bp/2d/tr10/open/top40/nw4000/[class_weight=None],0.0,,,,,0.0,,,
0,6,agree/touch/triple_barrier/h120/hold12/cd12/trailing3/net_per_trade_bp/2d/tr20/tight_only/all/nw4000/[default],887.0,65.76459684893419,0.49622694138517315,12.022119612101386,-11.52589267071621,-10223.46679892528,0.03269447576099211,10223.46679892527,5.850702839987961
0,6,xgboost/wide/direction/h12/hold60/cd60/trailing3/net_per_trade_bp/breaks/tr10/quiet_out/top16/nw1000/[default],499.0,36.99721964782206,0.2219530545723728,12.021860958168219,-11.799907903595845,-5888.154043894327,0.05410821643286573,5891.265675452034,8.95028748146433
0,6,meta_rule_model/touch/direction/h24/hold12/cd12/confidence12/net_bp/5d/tr10/tight_only/all/nw4000/[default],915.0,67.84059314179795,0.9270810663445647,12.021177611138029,-11.094096544793464,-10151.09833848602,0.024043715846994537,10151.098338486025,4.7850701453734645
0,6,bound_ridge/micro/magnitude/h240/hold12/cd24/take_profit_stop25/net_per_trade_bp/breaks/tr20/quiet_out/top40/nw1000/[alpha=10.0],0.0,,,,,0.0,,,
0,6,spread_capture/micro/triple_barrier/h120/hold60/cd60/clock25/net_bp/2d/tr20/open/all/nw4000/[default],511.0,37.886932344763665,0.805629055572989,12.021888977465949,-11.216259921892958,-5731.5088200873015,0.15459882583170254,5731.5088200873,15.47910693033139
0,6,breakout/micro/triple_barrier/h24/hold12/cd24/trailing12/net_bp/5d/tr20/quiet_out/all/nw1000/[default],0.0,,,,,0.0,,,
0,6,bound_ridge/touch/forward_smoothed/h12/hold12/cd24/trailing25/net_bp/1d/tr5/open/top40/nw16000/[alpha=1000.0],0.0,,,,,0.0,,,
0,6,bound_mixed/depth/net_pnl/h240/hold120/cd120/take_profit_stop25/net_bp/breaks/tr5/open/top16/nw16000/[default],0.0,,,,,0.0,,,
0,6,ensemble/wide/direction/h240/hold24/cd48/confidence25/net_bp/5d/tr10/tight_only/top16/nw16000/[default],412.0,30.546802594995363,-0.1597718574479396,12.021829644978142,-12.181601502426085,-5018.819818999547,0.08009708737864078,5044.75108383006,11.125311482719797
0,6,agree/micro/direction/h24/hold60/cd60/take_profit_stop25/net_bp/1d/tr10/open/all/nw16000/[default],152.0,11.269694161260425,-1.0198558042962653,12.04934300412192,-13.069198808418184,-1986.518218879564,0.2236842105263158,2028.5703307089773,17.873977647600448
0,6,ensemble/depth/direction/h24/hold12/cd12/clock6/net_per_trade_bp/1d/tr20/quiet_out/top16/nw1000/[default],1032.0,76.51529193697868,0.4071637290640372,12.051282512991461,-11.644118783927423,-12016.730585013102,0.03875968992248062,12016.730585013096,7.57577092382949
0,6,breakout/micro/direction/h120/hold12/cd0/trailing12/net_bp/2d/tr5/open/all/nw4000/[default],58.0,4.300278035217794,0.4261661224661463,12.023325476187805,-11.597159353721658,-672.6352425158561,0.0,672.6352425158562,4.634776173091016
0,6,ridge/depth/magnitude/h240/hold60/cd0/take_profit_stop3/net_per_trade_bp/2d/tr5/tight_only/top8/nw4000/[default],3459.0,256.4596848934198,0.21745715576319793,12.021552565917204,-11.804095410154005,-40830.3660237227,0.008673026886383347,40830.366023722694,5.556261389952562
0,6,bound_mixed/micro/forward_smoothed/h24/hold240/cd240/clock25/net_bp/2d/tr5/tight_only/top8/nw4000/[default],0.0,,,,,0.0,,,
0,6,spread_capture/micro/triple_barrier/h12/hold24/cd24/trailing25/net_per_trade_bp/breaks/tr20/quiet_out/all/nw4000/[default],393.0,29.13809082483781,0.37843455027058104,12.020506392179529,-11.64207184190895,-4575.334233870217,0.13740458015267176,4575.334233870216,13.05581022509383
0,6,meta_rule_model/depth/direction/h24/hold60/cd120/flip12/net_bp/2d/tr10/quiet_out/all/nw4000/[default],84.0,6.227988878591288,1.4808371363730524,12.05867010334161,-10.577832966968558,-888.5379692253589,0.05952380952380952,888.5379692253589,6.641698469556073
0,6,bound_mixed/depth/magnitude/h24/hold120/cd120/trailing6/net_per_trade_bp/breaks/tr5/open/top8/nw4000/[default],0.0,,,,,0.0,,,
0,6,"xgboost/depth/direction/h120/hold60/cd0/clock25/net_per_trade_bp/breaks/tr10/quiet_out/top8/nw1000/[learning_rate=0.1,max_depth=2,n_estimators=150]",180.0,13.345690454124188,-0.5684370730252484,12.058919752003405,-12.627356825028654,-2272.9242285051578,0.29444444444444445,2272.9242285051587,26.250772074520352
0,6,xgboost/touch/triple_barrier/h24/hold60/cd120/take_profit_stop6/net_per_trade_bp/2d/tr20/quiet_out/top16/nw4000/[default],284.0,21.056533827618164,0.9039576081513874,12.038419878939521,-11.134462270788134,-3162.18728490383,0.02112676056338028,3162.187284903829,8.740033422658279
0,6,logistic/touch/direction/h120/hold240/cd0/confidence3/net_per_trade_bp/5d/tr20/tight_only/all/nw4000/[C=0.1],73.0,5.41241890639481,-2.930017322267865,12.02132346210311,-14.951340784370979,-1091.4478772590815,0.3424657534246575,1101.6869594689642,38.178610698877236
0,6,bound_mixed/wide/magnitude/h24/hold60/cd0/trailing25/net_bp/breaks/tr20/tight_only/top16/nw4000/[default],0.0,,,,,0.0,,,
0,6,mean_reversion/micro/triple_barrier/h12/hold24/cd24/take_profit_stop3/net_per_trade_bp/breaks/tr10/quiet_out/all/nw4000/[default],94.0,6.969416126042631,0.37039048126004315,12.073194642332584,-11.70280416107254,-1100.0635911408187,0.06382978723404255,1100.0635911408192,8.174644047549876
0,6,order_flow/micro/triple_barrier/h60/hold240/cd240/confidence6/net_bp/1d/tr5/quiet_out/all/nw1000/[default],687.0,50.93605189990732,1.1277050944227078,12.022462645584614,-10.894757551161906,-7484.698437648229,0.005822416302765648,7484.698437648228,3.3719556786709144
0,6,spread_capture/micro/triple_barrier/h12/hold24/cd24/clock12/net_bp/breaks/tr20/open/all/nw1000/[default],502.0,37.21964782205746,0.0963408528236666,12.020623427549536,-11.924282574725868,-5985.989852512386,0.09163346613545817,5985.989852512383,11.0674656013309
0,6,spread_capture/micro/direction/h240/hold60/cd120/trailing12/net_bp/breaks/tr10/open/all/nw16000/[default],172.0,12.752548656163114,0.5076184124885409,12.02052512303405,-11.51290671054551,-1980.2199542138276,0.14534883720930233,1980.2199542138276,13.302106205640792
0,6,mean_reversion/micro/triple_barrier/h12/hold60/cd120/take_profit_stop6/net_bp/2d/tr10/tight_only/all/nw1000/[default],145.0,10.750695088044486,-0.5959804061251122,12.02240045780342,-12.61838086392853,-1829.665225269637,0.041379310344827586,1829.6652252696365,8.699628995822621
0,6,spread_capture/micro/direction/h120/hold120/cd0/clock12/net_bp/5d/tr10/quiet_out/all/nw4000/[default],287.0,21.278962001853568,0.6317378509516579,12.021338366018067,-11.389600515066409,-3268.8153478240592,0.289198606271777,3268.815347824062,25.901867704938788
0,6,ensemble/depth/direction/h12/hold120/cd240/confidence12/net_per_trade_bp/5d/tr5/open/top16/nw1000/[default],484.0,35.88507877664504,0.3200094999475263,12.036254433921645,-11.716244933974123,-5670.662548043475,0.006198347107438017,5670.662548043478,3.62462796829907
0,6,meta_rule_model/wide/triple_barrier/h240/hold24/cd48/confidence3/net_bp/2d/tr20/tight_only/all/nw4000/[default],428.0,31.733086190917515,1.0438119165337434,12.022488114367496,-10.978676197833755,-4698.873412672847,0.018691588785046728,4698.873412672848,4.130371198394327
0,6,mean_reversion/micro/triple_barrier/h240/hold240/cd480/take_profit_stop6/net_per_trade_bp/2d/tr20/quiet_out/all/nw1000/[default],109.0,8.081556997219648,-0.31525528796031055,12.040096465101264,-12.355351753061578,-1346.733341083712,0.06422018348623854,1346.7333410837116,10.093900032251865
0,6,spread_capture/micro/triple_barrier/h24/hold24/cd0/take_profit_stop6/net_per_trade_bp/breaks/tr5/quiet_out/all/nw16000/[default],1287.0,95.42168674698794,1.0720152705140982,12.020401266312216,-10.948385995798118,-14090.572776592178,0.03263403263403263,14090.572776592182,8.424815666556066
0,6,agree/depth/triple_barrier/h120/hold120/cd0/flip25/net_bp/1d/tr5/open/all/nw1000/[default],199.0,14.754402224281742,1.452802550840357,12.045371888678485,-10.592569337838128,-2107.9212982297877,0.1457286432160804,2266.3916705470497,17.245121630441783
0,6,order_flow/micro/triple_barrier/h240/hold12/cd24/take_profit_stop3/net_per_trade_bp/5d/tr20/open/all/nw4000/[default],3925.0,291.01019462465246,0.8232388568455156,12.022432586313503,-11.199193729467988,-43956.83538816185,0.003057324840764331,43956.83538816201,3.8779355942852822
0,6,order_flow/micro/triple_barrier/h60/hold60/cd60/trailing6/net_bp/1d/tr10/open/all/nw16000/[default],1772.0,131.38090824837812,1.103918303205821,12.023114360119491,-10.919196056913671,-19348.815412851025,0.09029345372460497,19353.868894084964,8.697382822631646
0,6,xgboost/micro/direction/h12/hold240/cd480/flip3/net_per_trade_bp/2d/tr5/quiet_out/top40/nw16000/[default],209.0,15.495829471733085,0.8521148178653967,12.022292218180471,-11.170177400315074,-2334.5670766658504,0.06698564593301436,2334.567076665851,9.114015828838205
0,6,spread_capture/micro/direction/h240/hold24/cd0/clock3/net_per_trade_bp/2d/tr10/open/all/nw1000/[default],2217.0,164.37442075996293,0.7914259751277816,12.022092078938908,-11.230666103811126,-24898.38675214927,0.07938655841226883,24898.386752149247,9.13502154131556
0,6,logistic/depth/triple_barrier/h120/hold240/cd0/confidence3/net_bp/1d/tr5/tight_only/top40/nw4000/[C=10.0],216.0,16.014828544949026,-0.916357817666924,12.02246224332679,-12.938820060993717,-2794.785133174643,0.14814814814814814,2794.7851331746424,27.648221730665156
0,6,breakout/micro/direction/h24/hold60/cd0/confidence6/net_per_trade_bp/5d/tr5/tight_only/all/nw1000/[default],0.0,,,,,0.0,,,
0,6,bound_ridge/micro/forward_smoothed/h12/hold12/cd24/trailing3/net_per_trade_bp/5d/tr10/open/top40/nw4000/[alpha=10.0],0.0,,,,,0.0,,,
0,6,momentum/micro/triple_barrier/h120/hold240/cd480/trailing6/net_bp/2d/tr10/quiet_out/all/nw1000/[default],70.0,5.189990732159407,-2.2139763376938713,12.049578688215211,-14.263555025909083,-998.4488518136358,0.05714285714285714,998.4488518136357,15.240763233802772
0,6,logistic/depth/direction/h12/hold60/cd60/take_profit_stop3/net_per_trade_bp/5d/tr10/tight_only/top8/nw4000/[default],384.0,28.470806302131603,0.9168993924833259,12.021595552388296,-11.10469615990497,-4264.203325403509,0.010416666666666666,4264.2033254035105,5.329891243398127
0,6,logistic/touch/triple_barrier/h24/hold24/cd24/clock12/net_per_trade_bp/breaks/tr10/open/all/nw4000/[C=0.01],1816.0,134.64318813716403,0.6556396801033879,12.021788912068066,-11.366149231964677,-20640.927005247853,0.0710352422907489,20640.92700524781,9.206204214168464
0,6,meta_rule_model/micro/triple_barrier/h60/hold240/cd240/trailing25/net_bp/breaks/tr20/quiet_out/all/nw16000/[default],20.0,1.4828544949026876,4.729158391275689,12.02042438734689,-7.291265996071202,-145.82531992142404,0.3,247.39231719258024,47.2658873178858
0,6,bound_ridge/touch/forward_smoothed/h24/hold120/cd240/flip12/net_bp/2d/tr10/tight_only/top8/nw16000/[default],0.0,,,,,0.0,,,
0,6,order_flow/micro/triple_barrier/h12/hold12/cd12/take_profit_stop6/net_bp/breaks/tr5/tight_only/all/nw1000/[default],1281.0,94.97683039851714,0.9942856667443856,12.02077130214662,-11.026485635402235,-14124.928098950264,0.01014832162373146,14124.928098950262,6.035188164798841
0,6,bound_ridge/wide/net_pnl/h240/hold24/cd24/trailing6/net_bp/breaks/tr5/open/top8/nw1000/[default],0.0,,,,,0.0,,,
0,6,breakout/micro/direction/h12/hold12/cd24/flip12/net_bp/5d/tr10/quiet_out/all/nw1000/[default],0.0,,,,,0.0,,,
0,6,mean_reversion/micro/triple_barrier/h120/hold24/cd0/flip12/net_bp/1d/tr10/quiet_out/all/nw1000/[default],135.0,10.009267840593141,2.2082062162416753,12.057392054689858,-9.849185838448184,-1329.640088190505,0.14814814814814814,1371.5415676896137,13.787497460070577
0,6,meta_rule_model/depth/triple_barrier/h120/hold120/cd240/trailing12/net_bp/1d/tr10/tight_only/all/nw4000/[default],65.0,4.8192771084337345,0.4046768235704912,12.021931061823636,-11.617254238253148,-755.1215254864546,0.18461538461538463,761.2604278864533,12.720881289784499
0,6,bound_mixed/touch/net_pnl/h120/hold120/cd0/trailing6/net_per_trade_bp/5d/tr10/tight_only/top8/nw1000/[default],0.0,,,,,0.0,,,
0,6,logistic/depth/triple_barrier/h12/hold24/cd48/clock6/net_per_trade_bp/1d/tr5/quiet_out/top40/nw1000/[C=0.01],1188.0,88.08155699721965,0.8019704463483862,12.034299062998798,-11.232328616650411,-13344.00639658069,0.07912457912457913,13344.006396580702,9.020800795694075
0,6,meta_rule_model/wide/triple_barrier/h240/hold240/cd480/confidence12/net_per_trade_bp/5d/tr10/quiet_out/all/nw16000/[default],62.0,4.596848934198332,1.7148274923481635,12.0214864923288,-10.306658999980638,-639.0128579987995,0.04838709677419355,639.0128579987993,4.550816168808052
0,6,momentum/micro/triple_barrier/h60/hold60/cd60/flip12/net_per_trade_bp/breaks/tr5/tight_only/all/nw16000/[default],971.0,71.99258572752548,0.11212066397640617,12.020723435932666,-11.90860277195626,-11563.25329156953,0.0607621009268795,11563.253291569532,8.651808099446296
0,6,bound_mixed/micro/net_pnl/h24/hold24/cd0/clock3/net_per_trade_bp/1d/tr10/open/top8/nw16000/[default],30.0,2.2242817423540315,0.5847623454720754,12.051854515618583,-11.46709217014651,-344.01276510439527,0.16666666666666666,374.5663997777159,17.89344374790691
0,6,bound_mixed/touch/forward_smoothed/h120/hold60/cd120/flip3/net_bp/1d/tr20/tight_only/top16/nw16000/[default],0.0,,,,,0.0,,,
0,6,rule_gated_by_model/depth/direction/h120/hold120/cd0/clock3/net_bp/5d/tr20/open/all/nw16000/[default],57.0,4.226135310472659,0.6373175087476358,12.14372579242577,-11.506408283678134,-655.8652721696536,0.40350877192982454,698.7566431961491,36.253110283143286
0,6,meta_rule_model/wide/direction/h24/hold120/cd120/take_profit_stop25/net_per_trade_bp/breaks/tr5/quiet_out/all/nw16000/[default],81.0,6.005560704355885,5.098653139861598,12.022718648049686,-6.9240655081880895,-560.8493061632353,0.4567901234567901,622.4075290889435,22.802741548505654
0,6,bound_mixed/depth/magnitude/h60/hold24/cd24/flip3/net_bp/1d/tr5/tight_only/top8/nw16000/[default],0.0,,,,,0.0,,,
0,6,ensemble/micro/direction/h240/hold12/cd0/trailing25/net_bp/5d/tr10/open/top40/nw16000/[default],225.0,16.682113067655237,2.6366999742235953,12.034290207849715,-9.39759023362612,-2114.457802565877,0.1511111111111111,2182.098318816955,13.366034444109596
0,6,logistic/touch/direction/h120/hold24/cd24/clock12/net_bp/1d/tr5/tight_only/top40/nw1000/[C=10.0],148.0,10.973123262279888,0.08277203667054168,12.021697736812069,-11.938925700141528,-1766.961003620946,0.18243243243243243,1782.6870487513793,15.848105394874365
0,6,ridge/depth/magnitude/h24/hold240/cd480/confidence12/net_bp/5d/tr5/tight_only/top16/nw4000/[alpha=10.0],135.0,10.009267840593141,2.018348257493519,12.021270415858686,-10.002922158365166,-1350.3944913792975,0.037037037037037035,1350.394491379297,6.093818483276312
0,6,"xgboost/depth/direction/h60/hold240/cd240/flip6/net_per_trade_bp/breaks/tr10/open/top40/nw1000/[learning_rate=0.05,max_depth=3,n_estimators=300]",254.0,18.832252085264134,0.6321314203799318,12.05371843612431,-11.421587015744379,-2901.0831019990724,0.07874015748031496,2901.0831019990733,10.292896149380507
0,6,momentum/micro/triple_barrier/h24/hold24/cd24/trailing12/net_bp/1d/tr20/quiet_out/all/nw1000/[default],118.0,8.748841519925858,-2.7434784198360394,12.061138862414564,-14.804617282250609,-1746.9448393055718,0.09322033898305085,1746.9448393055718,16.724400408389563
0,6,meta_rule_tree/touch/direction/h12/hold12/cd12/trailing12/net_bp/5d/tr10/tight_only/all/nw1000/[default],257.0,19.054680259499534,0.3099862530308621,12.02134422921472,-11.711357976183857,-3009.8189998792514,0.09727626459143969,3009.81899987925,11.05900071409037
0,6,spread_capture/micro/triple_barrier/h120/hold24/cd24/flip12/net_bp/2d/tr20/open/all/nw4000/[default],1554.0,115.21779425393882,1.2683039385084052,12.02186426701735,-10.753560328508946,-16711.0327505029,0.010939510939510939,16711.032750502873,3.391939661258108
0,6,meta_rule_tree/micro/triple_barrier/h12/hold12/cd0/confidence3/net_bp/5d/tr5/open/all/nw4000/[default],842.0,62.42817423540315,1.0578690314624732,12.021828761086056,-10.96395972962358,-9231.654092343055,0.04275534441805225,9231.65409234305,6.763934085621918
0,6,meta_rule_tree/depth/direction/h120/hold120/cd0/take_profit_stop25/net_per_trade_bp/breaks/tr10/open/all/nw1000/[default],586.0,43.447636700648744,0.22738265998727547,12.032289402281487,-11.804906742294214,-6917.675350984409,0.30716723549488056,6942.109348718494,19.978615712840163
0,6,ensemble/micro/triple_barrier/h24/hold120/cd240/flip3/net_per_trade_bp/2d/tr20/tight_only/all/nw1000/[default],329.0,24.39295644114921,1.7718441419039048,12.022068832982534,-10.250224691078628,-3372.3239233648687,0.05167173252279635,3372.323923364871,8.635922745999618
0,6,ensemble/micro/direction/h24/hold240/cd240/clock3/net_per_trade_bp/1d/tr5/tight_only/top16/nw16000/[default],177.0,13.123262279888785,0.5919916543094453,12.02210287791597,-11.430111223606524,-2023.1296865783547,0.24858757062146894,2099.330004282297,30.262152051924183
0,6,order_flow/micro/direction/h24/hold12/cd24/trailing6/net_bp/5d/tr10/quiet_out/all/nw1000/[default],2349.0,174.16126042632067,1.0817080672641806,12.022554980250913,-10.940846912986732,-25700.04939860583,0.034482758620689655,25700.049398605806,6.0412486623236
0,6,order_flow/micro/direction/h240/hold12/cd0/confidence6/net_bp/2d/tr5/open/all/nw4000/[default],13594.0,1007.8962001853567,1.1747191197057774,12.022729889952995,-10.848010770247217,-147467.85841074068,0.00397234073856113,147467.8584107398,2.6070978024988154
0,6,"xgboost/touch/direction/h60/hold120/cd0/trailing3/net_bp/2d/tr20/quiet_out/top8/nw1000/[learning_rate=0.03,max_depth=6,n_estimators=300]",257.0,19.054680259499534,0.9727766371384396,12.028379968820586,-11.055603331682146,-2841.2900562423115,0.07782101167315175,2841.29005624231,10.63266506676286
0,6,mean_reversion/micro/direction/h60/hold12/cd12/take_profit_stop3/net_bp/1d/tr10/open/all/nw1000/[default],205.0,15.199258572752548,0.48531552163775293,12.040154121296673,-11.554838599658918,-2368.7419129300783,0.04390243902439024,2405.9040111564987,8.666292879881706
0,6,bound_mixed/micro/magnitude/h120/hold240/cd240/confidence25/net_bp/breaks/tr5/open/top40/nw4000/[default],0.0,,,,,0.0,,,
0,6,spread_capture/micro/triple_barrier/h120/hold60/cd120/flip3/net_per_trade_bp/1d/tr20/open/all/nw16000/[default],508.0,37.66450417052827,1.4008515405538502,12.021854128457036,-10.621002587903185,-5395.469314654818,0.007874015748031496,5395.469314654819,3.3304415964563208
0,6,ridge/micro/magnitude/h24/hold60/cd60/take_profit_stop25/net_bp/2d/tr20/quiet_out/all/nw16000/[alpha=0.01],180.0,13.345690454124188,1.182610091905345,12.200392241417225,-11.01778214951188,-1983.2007869121385,0.21666666666666667,1983.200786912138,17.305564323072026
0,6,mean_reversion/micro/triple_barrier/h24/hold240/cd0/trailing25/net_bp/5d/tr5/open/all/nw16000/[default],170.0,12.604263206672844,-0.1348310961872823,12.032402407435718,-12.167233503622997,-2068.4296956159096,0.27647058823529413,2180.974942139073,29.137468768235745
0,6,agree/micro/direction/h12/hold120/cd0/clock6/net_bp/5d/tr10/tight_only/all/nw1000/[default],121.0,8.97126969416126,-1.3757384768028735,12.021673552445083,-13.397412029247958,-1621.086855539003,0.2975206611570248,1621.0868555390034,29.083386397528713
0,6,xgboost_regressor/wide/forward_smoothed/h60/hold120/cd120/clock6/net_per_trade_bp/breaks/tr20/tight_only/top16/nw16000/[default],327.0,24.244670991658943,0.6739593131361746,12.020639090088515,-11.346679776952342,-3710.3642870634158,0.22629969418960244,3710.3642870634194,19.54637922760293
0,6,bound_mixed/micro/net_pnl/h240/hold120/cd240/flip6/net_per_trade_bp/5d/tr10/tight_only/top16/nw4000/[default],48.0,3.5588507877664504,-0.11978980150061143,12.021244105124689,-12.141033906625301,-582.7696275180144,0.3541666666666667,585.8490824204941,39.321279519147296
0,6,ensemble/depth/direction/h24/hold60/cd0/flip6/net_per_trade_bp/2d/tr10/quiet_out/top40/nw4000/[default],3010.0,223.1696014828545,0.6888181668120705,12.037993699103463,-11.349175532291392,-34161.01835219709,0.03122923588039867,34161.01835219712,7.045998610495943
0,6,meta_rule_tree/wide/triple_barrier/h60/hold60/cd120/take_profit_stop3/net_bp/5d/tr20/open/all/nw16000/[default],125.0,9.267840593141797,0.4673603677652238,12.034431757299421,-11.567071389534199,-1445.883923691775,0.008,1445.8839236917745,7.625142207319101
0,6,logistic/depth/direction/h120/hold240/cd240/trailing25/net_per_trade_bp/5d/tr10/tight_only/top8/nw16000/[default],137.0,10.15755329008341,-2.367789023385821,12.02199149667972,-14.389780520065543,-1971.3999312489793,0.26277372262773724,1971.3999312489796,27.19016957317352
0,6,breakout/micro/triple_barrier/h24/hold12/cd24/clock6/net_per_trade_bp/2d/tr20/open/all/nw16000/[default],56.0,4.151992585727525,0.7005853069447429,12.023321123143347,-11.322735816198604,-634.0732057071218,0.03571428571428571,634.0732057071217,5.162327240332456
0,6,ridge/touch/forward_smoothed/h60/hold240/cd240/confidence12/net_per_trade_bp/1d/tr10/quiet_out/all/nw4000/[alpha=10.0],566.0,41.96478220574606,0.6325193475185986,12.049976881202877,-11.417457533684278,-6462.280964065301,0.0,6462.280964065304,1.743444065469626
0,6,rule_gated_by_model/touch/direction/h12/hold240/cd480/flip25/net_bp/5d/tr10/quiet_out/all/nw1000/[default],149.0,11.047265987025023,1.4634131079488597,12.098883629740152,-10.635470521791293,-1584.6851077469025,0.020134228187919462,1611.2360752924787,6.186210875563961
0,6,rule_gated_by_model/depth/direction/h24/hold60/cd0/flip6/net_per_trade_bp/2d/tr10/quiet_out/all/nw16000/[default],9573.0,709.7683039851714,1.033190790213022,12.023433587752555,-10.990242797539533,-105209.59430084596,0.015355687872140394,105291.34548438899,4.2848131785472425
0,6,"xgboost_regressor/touch/magnitude/h24/hold120/cd0/clock6/net_bp/1d/tr10/open/top8/nw4000/[learning_rate=0.1,max_depth=2,n_estimators=150]",178.0,13.19740500463392,2.601943311717475,12.071912062393396,-9.469968750675923,-1685.6544376203142,0.2808988764044944,1705.9258498063082,27.22091486317639
0,6,ridge/touch/net_pnl/h240/hold60/cd60/trailing25/net_bp/1d/tr20/open/top8/nw16000/[alpha=0.01],729.0,54.050046339202964,0.1168263157509969,12.02515724250662,-11.908330926755623,-8681.173245604848,0.10973936899862825,8691.766327463942,13.389942049258273
0,6,"xgboost_regressor/wide/forward_smoothed/h120/hold120/cd240/trailing6/net_bp/2d/tr10/open/top40/nw16000/[learning_rate=0.1,max_depth=2,n_estimators=150]",91.0,6.746987951807228,2.3524160059694603,12.031817620114305,-9.679401614144844,-880.8255468871808,0.18681318681318682,908.2362707204218,13.216303976088128
0,6,bound_mixed/touch/net_pnl/h120/hold12/cd12/flip12/net_bp/5d/tr20/tight_only/top40/nw1000/[default],0.0,,,,,0.0,,,
0,6,logistic/micro/direction/h120/hold240/cd0/trailing25/net_per_trade_bp/1d/tr10/tight_only/all/nw4000/[class_weight=None],115.0,8.526413345690454,2.048311549000146,12.021388231162081,-9.973076682161935,-1146.9038184486226,0.30434782608695654,1211.361348874997,28.904941670151818
0,6,momentum/micro/direction/h24/hold120/cd0/flip3/net_bp/breaks/tr10/quiet_out/all/nw4000/[default],93.0,6.895273401297497,-0.8920158099773255,12.075048105977443,-12.967063915954771,-1205.9369441837937,0.13978494623655913,1205.9369441837941,21.780724620145836
0,6,order_flow/micro/direction/h240/hold60/cd120/confidence12/net_bp/breaks/tr20/tight_only/all/nw1000/[default],694.0,51.45505097312326,1.2427839333965758,12.020643741067028,-10.777859807670453,-7479.834706523295,0.0,7479.834706523287,2.3547997254565143
0,6,breakout/micro/direction/h240/hold24/cd0/take_profit_stop12/net_bp/breaks/tr20/tight_only/all/nw16000/[default],0.0,,,,,0.0,,,
0,6,meta_rule_tree/depth/triple_barrier/h12/hold60/cd120/confidence12/net_bp/2d/tr10/open/all/nw4000/[default],167.0,12.381835032437442,1.2136457223120891,12.031347759308309,-10.817702036996222,-1806.556240178369,0.041916167664670656,1806.5562401783686,6.2494297154286365
0,6,"xgboost/depth/direction/h12/hold120/cd0/take_profit_stop25/net_per_trade_bp/breaks/tr5/quiet_out/top8/nw16000/[learning_rate=0.05,max_depth=8,n_estimators=200,reg_lambda=20.0]",516.0,38.25764596848934,1.0272905531408014,12.03353844444388,-11.006247891303081,-5679.22391191239,0.35271317829457366,5679.223911912388,22.63262242508018
0,6,spread_capture/micro/direction/h120/hold240/cd480/flip12/net_per_trade_bp/breaks/tr10/tight_only/all/nw16000/[default],64.0,4.7451343836886,1.8326023144928096,12.020523488065393,-10.187921173572583,-652.0269551086453,0.015625,652.0269551086456,3.7483467186889
0,6,momentum/micro/direction/h12/hold120/cd0/trailing6/net_bp/5d/tr20/tight_only/all/nw1000/[default],185.0,13.71640407784986,-2.734516833538323,12.02148572535717,-14.756002558895494,-2729.8604733956663,0.12972972972972974,2729.860473395666,20.50119646241245
0,6,order_flow/micro/triple_barrier/h24/hold240/cd0/confidence6/net_bp/5d/tr5/tight_only/all/nw1000/[default],18572.0,1376.9786839666358,1.2007355057971805,12.021206634080835,-10.820471128283653,-200957.789794484,0.005222916217962524,200957.7897944837,2.7813999295218985
0,6,bound_mixed/micro/forward_smoothed/h120/hold24/cd0/take_profit_stop3/net_per_trade_bp/breaks/tr20/quiet_out/all/nw16000/[default],0.0,,,,,0.0,,,
0,6,mean_reversion/micro/direction/h240/hold240/cd0/clock6/net_per_trade_bp/2d/tr20/open/all/nw1000/[default],244.0,18.09082483781279,0.8010559687938258,12.024396824953676,-11.223340856159853,-2738.495168903004,0.1885245901639344,2794.930399484048,25.892983092616053
0,6,meta_rule_model/touch/triple_barrier/h60/hold24/cd0/flip12/net_bp/5d/tr10/tight_only/all/nw4000/[default],6076.0,450.4911955514365,0.8403874300951346,12.02116667199593,-11.180779241900796,-67934.41467378923,0.016787360105332456,67934.41467378938,4.34055713603765
0,6,bound_ridge/touch/forward_smoothed/h240/hold24/cd48/confidence6/net_bp/breaks/tr20/tight_only/top8/nw16000/[alpha=10.0],0.0,,,,,0.0,,,
0,6,rule_gated_by_model/touch/triple_barrier/h120/hold240/cd0/clock6/net_bp/breaks/tr20/tight_only/all/nw1000/[default],48.0,3.5588507877664504,-12.680186876380787,12.020392129180332,-24.70057900556112,-1185.6277922669337,0.3541666666666667,1234.5391636083582,51.101749268915185
0,6,logistic/touch/triple_barrier/h24/hold24/cd0/take_profit_stop6/net_per_trade_bp/5d/tr20/open/top40/nw16000/[C=0.1],6544.0,485.1899907321594,0.5453718064940462,12.022157806695812,-11.476786000201768,-75104.08758532038,0.019254278728606355,75104.08758532033,7.017349668241225
0,6,mean_reversion/micro/direction/h12/hold60/cd0/trailing12/net_per_trade_bp/1d/tr20/open/all/nw4000/[default],1078.0,79.92585727525486,0.34004124078898434,12.02695621515464,-11.686914974365658,-12598.494342366179,0.09276437847866419,12634.717755190171,11.311587656565381
0,6,meta_rule_model/touch/direction/h12/hold240/cd0/trailing3/net_per_trade_bp/5d/tr20/quiet_out/all/nw16000/[default],2092.0,155.10658016682112,1.2930125946002726,12.038656444609193,-10.745643850008921,-22479.886934218663,0.06405353728489484,22479.88693421862,8.930635748287008
0,6,meta_rule_tree/touch/triple_barrier/h240/hold60/cd0/take_profit_stop3/net_per_trade_bp/2d/tr5/quiet_out/all/nw16000/[default],5120.0,379.61075069508803,0.4919339214235971,12.024218037751774,-11.532284116328176,-59045.294675600264,0.0056640625,59045.29467560018,4.939775717129391
0,6,momentum/micro/triple_barrier/h24/hold60/cd120/clock6/net_bp/breaks/tr5/open/all/nw16000/[default],53.0,3.929564411492122,-1.2289792888958395,12.11972427731501,-13.348703566210846,-707.4812890091748,0.2830188679245283,717.536431863615,28.99474936461472
0,6,mean_reversion/micro/direction/h240/hold60/cd120/take_profit_stop3/net_per_trade_bp/5d/tr20/open/all/nw1000/[default],474.0,35.1436515291937,-0.09065372654237135,12.027515903707874,-12.118169630250245,-5744.012404738616,0.008438818565400843,5744.01240473862,5.123964999320205
0,6,rule_gated_by_model/wide/triple_barrier/h120/hold120/cd0/confidence3/net_per_trade_bp/breaks/tr20/quiet_out/all/nw1000/[default],15961.0,1183.3920296570898,0.7182977333780344,12.02186441986767,-11.303566686489635,-180416.22788306107,0.005388133575590502,180416.22788306145,3.03717500408639
0,6,bound_ridge/micro/magnitude/h12/hold24/cd24/flip25/net_bp/breaks/tr10/open/top16/nw1000/[default],0.0,,,,,0.0,,,
0,6,bound_mixed/wide/magnitude/h240/hold12/cd24/trailing3/net_per_trade_bp/breaks/tr10/open/all/nw16000/[default],0.0,,,,,0.0,,,
0,6,logistic/micro/triple_barrier/h240/hold24/cd0/take_profit_stop12/net_per_trade_bp/2d/tr5/quiet_out/top8/nw1000/[class_weight=None],1936.0,143.54031510658015,0.41740822722214216,12.038624759741946,-11.621216532519805,-22498.67520695834,0.12913223140495866,22498.675206958324,8.68397354567844
0,6,spread_capture/micro/direction/h24/hold24/cd24/flip3/net_per_trade_bp/breaks/tr5/quiet_out/all/nw1000/[default],538.0,39.8887859128823,1.3489136864952174,12.020735456016649,-10.67182176952143,-5741.440112002529,0.020446096654275093,5741.440112002535,4.346249168193399
0,6,mean_reversion/micro/direction/h24/hold120/cd120/clock12/net_bp/1d/tr20/quiet_out/all/nw4000/[default],72.0,5.338276181649675,1.0911175318638175,12.032836128331308,-10.941718596467489,-787.8037389456592,0.2222222222222222,789.7064725729836,32.977443085808886
0,6,spread_capture/micro/triple_barrier/h60/hold24/cd24/clock25/net_per_trade_bp/2d/tr10/tight_only/all/nw16000/[default],907.0,67.24745134383689,0.6459155122497908,12.021631810533469,-11.37571629828368,-10317.774682543297,0.09481808158765159,10317.774682543293,10.0421970130544
0,6,logistic/micro/direction/h12/hold60/cd120/trailing6/net_bp/breaks/tr5/quiet_out/top8/nw4000/[C=10.0],50.0,3.707136237256719,-1.784020516261764,12.130123682020454,-13.914144198282218,-695.7072099141109,0.14,695.7072099141109,20.04710920828472
0,6,breakout/micro/triple_barrier/h60/hold120/cd240/flip6/net_bp/5d/tr20/tight_only/all/nw4000/[default],116.0,8.600556070435587,-0.24256468835834424,12.021501495277235,-12.26406618363558,-1422.6316773017272,0.07758620689655173,1422.631677301728,12.334574280026477
0,6,spread_capture/micro/triple_barrier/h240/hold240/cd480/take_profit_stop6/net_per_trade_bp/2d/tr5/tight_only/all/nw1000/[default],202.0,14.976830398517144,0.7331536256140122,12.021797116410376,-11.288643490796362,-2280.3059851408652,0.01485148514851485,2280.3059851408657,7.227053301191061
0,6,ridge/touch/magnitude/h60/hold240/cd480/clock12/net_per_trade_bp/breaks/tr5/tight_only/all/nw4000/[alpha=1000.0],84.0,6.227988878591288,2.2960482782108387,12.02077820244148,-9.724729924230639,-816.8773136353736,0.2976190476190476,928.9884256335592,28.571606150836317
0,6,logistic/micro/triple_barrier/h12/hold12/cd24/flip25/net_per_trade_bp/breaks/tr5/quiet_out/top40/nw4000/[default],992.0,73.5495829471733,0.870442890582194,12.025933141982081,-11.155490251399886,-11066.246329388687,0.019153225806451613,11066.246329388692,5.771810841093502
0,6,breakout/micro/triple_barrier/h120/hold12/cd0/flip12/net_bp/5d/tr20/open/all/nw4000/[default],169.0,12.53012048192771,0.27769120945792797,12.021516963321693,-11.743825753863765,-1984.7065524029763,0.029585798816568046,1984.7065524029754,4.3422739680657925
0,6,rule_gated_by_model/touch/triple_barrier/h60/hold60/cd60/confidence25/net_per_trade_bp/1d/tr5/quiet_out/all/nw16000/[default],1328.0,98.46153846153845,0.38874351704659854,12.023562273614038,-11.634818756567439,-15451.03930872156,0.0,15451.039308721549,1.9114245575469198
0,6,mean_reversion/micro/direction/h60/hold240/cd0/take_profit_stop12/net_bp/2d/tr5/tight_only/all/nw1000/[default],339.0,25.134383688600554,0.8710776336510062,12.021972070175815,-11.150894436524812,-3780.153213981911,0.4778761061946903,3837.2225680463507,14.999176366223795
0,6,order_flow/micro/direction/h12/hold120/cd0/trailing12/net_per_trade_bp/1d/tr5/tight_only/all/nw1000/[default],2001.0,148.3595922150139,0.8601028653361311,12.021589139246197,-11.161486273910064,-22334.13403409404,0.16441779110444776,22334.134034094037,14.169489528702496
0,6,logistic/depth/triple_barrier/h60/hold12/cd12/flip25/net_per_trade_bp/1d/tr5/open/top8/nw1000/[C=0.01],2165.0,160.51899907321592,1.033691243695593,12.022328318961138,-10.988637075265544,-23790.399267949902,0.014780600461893764,23790.39926794991,4.7665564442721235
0,6,bound_ridge/depth/magnitude/h24/hold240/cd0/trailing12/net_bp/1d/tr20/open/top16/nw4000/[alpha=10.0],0.0,,,,,0.0,,,
0,6,rule_gated_by_model/depth/triple_barrier/h24/hold60/cd120/take_profit_stop6/net_per_trade_bp/1d/tr20/tight_only/all/nw16000/[default],447.0,33.14179796107507,0.7471935344583945,12.022093198247681,-11.274899663789288,-5039.880149713812,0.015659955257270694,5039.880149713813,7.120582153332918
0,6,mean_reversion/micro/direction/h60/hold120/cd0/confidence3/net_bp/breaks/tr5/quiet_out/all/nw4000/[default],93.0,6.895273401297497,1.7269258064411817,12.075054966517447,-10.348129160076265,-962.3760118870927,0.24731182795698925,1024.7145019037232,20.320079725176058
0,6,momentum/micro/direction/h120/hold24/cd24/trailing25/net_per_trade_bp/breaks/tr20/quiet_out/all/nw4000/[default],933.0,69.17516218721038,-0.43301036400829995,12.021172237518444,-12.454182601526743,-11619.752367224452,0.08252947481243302,11619.752367224435,10.705720021440214
0,6,bound_mixed/micro/net_pnl/h60/hold12/cd12/clock3/net_bp/1d/tr5/tight_only/top40/nw1000/[default],151.0,11.195551436515291,1.3227484928679463,12.022677672397105,-10.699929179529159,-1615.6893061089029,0.019867549668874173,1615.6893061089038,5.945018430002891
0,6,spread_capture/micro/triple_barrier/h24/hold12/cd0/flip3/net_per_trade_bp/5d/tr5/open/all/nw4000/[default],2826.0,209.52734012974975,1.2849844367902463,12.021708062792728,-10.73672362600248,-30341.980967083007,0.01132342533616419,30341.980967083062,3.6661184401182423
0,6,logistic/depth/triple_barrier/h24/hold12/cd12/confidence6/net_bp/breaks/tr20/quiet_out/all/nw1000/[C=0.01],69.0,5.1158480074142725,-2.4314972247167956,12.103382823478558,-14.534880048195355,-1002.9067233254794,0.11594202898550725,1006.5058034500762,15.239466312727794
0,6,agree/wide/direction/h120/hold60/cd60/trailing6/net_bp/2d/tr20/quiet_out/all/nw16000/[default],202.0,14.976830398517144,0.25399303254468514,12.037045637698025,-11.783052605153344,-2380.1766262409756,0.1188118811881188,2380.176626240975,11.102643998735445
0,6,momentum/micro/triple_barrier/h12/hold24/cd48/clock3/net_bp/2d/tr10/open/all/nw16000/[default],195.0,14.457831325301203,-0.5593211696101994,12.048943852989858,-12.608265022600058,-2458.6116794070113,0.13333333333333333,2458.611679407011,15.751031196727375
0,6,momentum/micro/triple_barrier/h120/hold120/cd240/trailing25/net_bp/5d/tr5/open/all/nw1000/[default],56.0,4.151992585727525,-1.5323052027363393,12.029426796448197,-13.56173199918454,-759.4569919543342,0.17857142857142858,860.8670544075748,32.62987063165925
0,6,ridge/wide/net_pnl/h12/hold24/cd24/flip25/net_per_trade_bp/breaks/tr10/tight_only/top40/nw16000/[alpha=0.01],1279.0,94.82854494902688,0.7932680091656669,12.020649159754349,-11.227381150588682,-14359.820491602924,0.0727130570758405,14359.820491602923,9.278670209617077
0,6,breakout/micro/triple_barrier/h120/hold60/cd0/trailing3/net_per_trade_bp/1d/tr5/quiet_out/all/nw4000/[default],39.0,2.891566265060241,-2.1980430002827727,12.023298948500031,-14.2213419487828,-554.6323360025292,0.05128205128205128,554.6323360025294,8.408705998992843
0,6,meta_rule_model/depth/direction/h120/hold240/cd0/clock6/net_bp/5d/tr20/tight_only/all/nw1000/[default],45.0,3.336422613531047,-8.33950803133438,12.021458792558292,-20.360966823892678,-916.2435070751704,0.35555555555555557,1049.477774219348,50.783183080925525
0,6,spread_capture/micro/triple_barrier/h240/hold12/cd0/trailing25/net_per_trade_bp/breaks/tr10/tight_only/all/nw16000/[default],1647.0,122.11306765523632,0.6757695798402211,12.020433600658299,-11.344664020818078,-18684.661642287374,0.06800242865816636,18684.66164228738,8.81227252905447
0,6,momentum/micro/direction/h12/hold120/cd120/flip3/net_per_trade_bp/2d/tr10/tight_only/all/nw1000/[default],744.0,55.162187210379976,0.3074820577662508,12.021743022914674,-11.714260965148423,-8715.410158070426,0.06451612903225806,8715.410158070437,7.76093945892374
0,6,"xgboost_regressor/micro/magnitude/h120/hold240/cd480/confidence3/net_bp/2d/tr20/tight_only/top16/nw1000/[learning_rate=0.1,max_depth=2,n_estimators=150]",50.0,3.707136237256719,-3.0179594342324645,12.021908447954399,-15.039867882186863,-751.9933941093432,0.22,751.9933941093431,25.824234047071805
0,6,meta_rule_model/wide/direction/h60/hold240/cd480/clock25/net_per_trade_bp/breaks/tr20/tight_only/all/nw1000/[default],112.0,8.30398517145505,4.373299677039916,12.02067064935043,-7.647370972310513,-856.5055488987775,0.3392857142857143,1062.4522588392772,32.46094911391464
0,6,xgboost_regressor/touch/forward_smoothed/h240/hold240/cd480/trailing25/net_bp/1d/tr20/tight_only/all/nw16000/[default],92.0,6.821130676552363,-1.987525527956113,12.021895074233237,-14.009420602189348,-1288.86669540142,0.21739130434782608,1302.8364381141505,21.53977792110864
0,6,xgboost_regressor/wide/forward_smoothed/h120/hold24/cd48/clock25/net_bp/1d/tr10/quiet_out/top16/nw4000/[default],168.0,12.455977757182575,1.3039454369522567,12.022962980651318,-10.719017543699062,-1800.7949473414424,0.14285714285714285,1807.263253045759,11.156719233639512
0,6,meta_rule_model/micro/direction/h12/hold120/cd120/take_profit_stop12/net_bp/1d/tr5/open/all/nw4000/[default],85.0,6.302131603336422,0.3635761179972914,12.236489861299475,-11.872913743302185,-1009.1976681806857,0.4117647058823529,1011.5089771768679,14.311500953972686
0,6,ridge/touch/net_pnl/h60/hold24/cd24/clock25/net_bp/1d/tr20/quiet_out/top40/nw1000/[alpha=0.01],3190.0,236.51529193697868,0.05135375450219849,12.022778887033109,-11.971425132530914,-38188.846172773614,0.04890282131661442,38188.84617277372,8.29099662903362
0,6,agree/touch/triple_barrier/h120/hold120/cd120/flip12/net_bp/breaks/tr5/quiet_out/all/nw4000/[default],588.0,43.59592215013902,1.2706871041185936,12.020653545685475,-10.749966441566881,-6320.9802676413265,0.02040816326530612,6320.9802676413265,3.8426477934679752
0,6,"xgboost_regressor/wide/magnitude/h240/hold12/cd24/confidence25/net_bp/5d/tr5/open/all/nw1000/[learning_rate=0.1,max_depth=2,n_estimators=150]",178.0,13.19740500463392,0.6780486320106396,12.037986660081014,-11.359938028070376,-2022.0689689965268,0.12359550561797752,2022.0689689965272,11.33272735459043
0,6,bound_mixed/depth/net_pnl/h24/hold60/cd0/confidence25/net_per_trade_bp/5d/tr20/tight_only/top16/nw4000/[default],1013.0,75.10658016682113,0.7245853247761547,12.021928520108348,-11.297343195332193,-11444.208656871511,0.004935834155972359,11444.208656871506,2.4570230493408527
0,6,logistic/wide/direction/h24/hold120/cd240/confidence3/net_per_trade_bp/1d/tr5/open/top16/nw4000/[default],411.0,30.47265987025023,1.432768885529757,12.036569249265536,-10.603800363735777,-4358.161949495405,0.0340632603406326,4358.1619494954075,7.372298665663619
0,6,ridge/wide/net_pnl/h24/hold240/cd240/flip3/net_per_trade_bp/1d/tr10/tight_only/top8/nw4000/[alpha=0.01],286.0,21.20481927710843,-2.74291102095666,12.02164346213797,-14.764554483094633,-4222.662582165065,0.2062937062937063,4222.662582165062,28.57774625770498
0,6,logistic/depth/triple_barrier/h24/hold12/cd12/trailing12/net_per_trade_bp/1d/tr20/quiet_out/all/nw4000/[C=0.1],2724.0,201.96478220574605,0.5652154010712543,12.027805177109895,-11.462589776038643,-31224.09454992926,0.037444933920704845,31224.094549929254,6.620937720440109
0,6,"xgboost/touch/triple_barrier/h240/hold24/cd0/confidence6/net_per_trade_bp/2d/tr20/tight_only/top16/nw1000/[learning_rate=0.03,max_depth=6,n_estimators=300]",980.0,72.65987025023169,0.18302336088773893,12.021404258779349,-11.838380897891609,-11601.613279933777,0.07857142857142857,11614.859429895909,10.311126257997145
0,6,"xgboost_regressor/micro/magnitude/h240/hold12/cd24/confidence12/net_per_trade_bp/breaks/tr5/quiet_out/top40/nw4000/[learning_rate=0.03,max_depth=6,n_estimators=300]",1253.0,92.90083410565337,0.31978129676651285,12.021100396322787,-11.701319099556272,-14661.752831744008,0.035115722266560255,14661.752831744017,6.50617284452224
0,6,meta_rule_tree/depth/triple_barrier/h60/hold120/cd120/take_profit_stop6/net_bp/breaks/tr10/quiet_out/all/nw4000/[default],180.0,13.345690454124188,0.809893493683526,12.039121791997443,-11.229228298313918,-2021.2610936965052,0.016666666666666666,2021.261093696506,7.791767829024673
0,6,rule_gated_by_model/depth/triple_barrier/h120/hold60/cd120/confidence12/net_per_trade_bp/1d/tr20/open/all/nw4000/[default],335.0,24.837812789620017,0.7254794930253616,12.039430727165541,-11.31395123414018,-3790.1736634369604,0.011940298507462687,3790.173663436959,3.7670535085769936
0,6,ridge/touch/magnitude/h60/hold60/cd120/trailing12/net_bp/2d/tr20/tight_only/top8/nw1000/[alpha=0.01],494.0,36.626506024096386,-0.5043687102798688,12.021495984068384,-12.525864694348252,-6187.7771590080365,0.09109311740890688,6187.777159008037,10.576116202387604
0,6,ensemble/depth/direction/h120/hold12/cd0/confidence12/net_per_trade_bp/2d/tr10/quiet_out/all/nw16000/[default],590.0,43.744207599629284,0.6857425548549825,12.037428122917248,-11.351685568062265,-6697.494485156736,0.05593220338983051,6750.771577470658,7.784317841082996
0,6,mean_reversion/micro/direction/h240/hold12/cd0/trailing25/net_per_trade_bp/5d/tr20/open/all/nw4000/[default],207.0,15.347544022242817,0.5790271152522325,12.045855702117887,-11.466828586865656,-2373.6335174811907,0.18840579710144928,2381.088187230437,16.68809360915827
0,6,meta_rule_tree/touch/triple_barrier/h60/hold60/cd0/confidence3/net_bp/2d/tr20/tight_only/all/nw1000/[default],860.0,63.76274328081556,1.0246239555650687,12.02182259703273,-10.99719864146766,-9457.590831662188,0.023255813953488372,9457.590831662199,4.958590571769289
0,6,momentum/micro/triple_barrier/h12/hold12/cd24/flip25/net_bp/2d/tr10/tight_only/all/nw16000/[default],301.0,22.31696014828545,-0.23695910532366576,12.02213788052769,-12.259096985851356,-3689.988192741258,0.07641196013289037,3689.988192741257,11.628593680789765
0,6,ensemble/micro/direction/h240/hold24/cd48/clock3/net_bp/2d/tr5/quiet_out/all/nw4000/[default],128.0,9.4902687673772,0.9345253215708915,12.032098733698469,-11.097573412127575,-1420.4893967523296,0.1640625,1429.592124825582,14.26378283439695
0,6,order_flow/micro/direction/h240/hold120/cd0/clock6/net_per_trade_bp/1d/tr5/open/all/nw16000/[default],1516.0,112.40037071362372,0.48501613188146153,12.022253277874512,-11.537237145993053,-17490.451513325468,0.18139841688654354,17608.81132813371,17.688503606837607
0,6,bound_mixed/micro/forward_smoothed/h240/hold24/cd48/flip12/net_bp/1d/tr5/tight_only/top8/nw1000/[default],1.0,0.07414272474513438,3.898417790590969,12.020304259327181,-8.121886468736212,-8.121886468736212,0.0,8.121886468736212,
0,6,momentum/micro/direction/h120/hold60/cd120/trailing3/net_bp/breaks/tr5/open/all/nw16000/[default],61.0,4.522706209453197,-1.5319863908967108,12.106702427373746,-13.638688818270458,-831.9600179144979,0.06557377049180328,831.9600179144978,12.771435411309628
0,6,mean_reversion/micro/direction/h60/hold60/cd0/take_profit_stop3/net_per_trade_bp/1d/tr10/tight_only/all/nw16000/[default],6835.0,506.7655236329935,-0.029121780300581365,12.022014972340608,-12.051136752641188,-82369.51970430253,0.0057059253840526705,82369.51970430229,4.987400773987299
0,6,xgboost/touch/direction/h12/hold60/cd0/confidence25/net_bp/1d/tr10/quiet_out/all/nw4000/[default],360.0,26.691380908248377,1.2369961761240624,12.022295348432994,-10.785299172308932,-3882.7077020312154,0.12777777777777777,3882.707702031213,11.321730773280578
0,6,ridge/wide/magnitude/h24/hold240/cd240/clock12/net_bp/1d/tr5/quiet_out/all/nw1000/[alpha=0.01],153.0,11.34383688600556,1.058948522139182,12.06801705875491,-11.009068536615727,-1684.3874861022064,0.2679738562091503,1895.7127081702695,30.835489339829817
0,6,ridge/touch/magnitude/h240/hold120/cd120/confidence25/net_bp/breaks/tr10/quiet_out/top8/nw1000/[alpha=10.0],97.0,7.191844300278035,0.4398126035892107,12.146623536919218,-11.706810933330011,-1135.560660533011,0.1134020618556701,1139.4480578697644,11.530064809940352
0,6,xgboost_regressor/wide/magnitude/h120/hold12/cd0/clock12/net_bp/2d/tr5/quiet_out/top40/nw16000/[default],535.0,39.666357738646894,1.1919216623887992,12.030392187458565,-10.838470525069766,-5798.581730912325,0.11775700934579439,5798.964738306052,10.423977064628248
0,6,meta_rule_model/micro/triple_barrier/h60/hold12/cd12/take_profit_stop25/net_per_trade_bp/5d/tr5/quiet_out/all/nw16000/[default],281.0,20.83410565338276,1.6643115096538124,12.02207608953933,-10.357764579885519,-2910.5318469478307,0.18861209964412812,2950.399157615471,13.071789410924195
0,6,breakout/micro/direction/h24/hold120/cd120/confidence12/net_per_trade_bp/1d/tr10/quiet_out/all/nw1000/[default],0.0,,,,,0.0,,,
0,6,meta_rule_model/depth/triple_barrier/h12/hold60/cd0/confidence6/net_per_trade_bp/5d/tr20/quiet_out/all/nw1000/[default],2733.0,202.63206672845226,0.9103301214899773,12.030793663986938,-11.12046354249696,-30392.22686164419,0.019758507135016465,30392.2268616442,4.968429054650248
0,6,logistic/wide/triple_barrier/h240/hold12/cd12/flip12/net_bp/2d/tr20/open/top8/nw1000/[C=10.0],2595.0,192.40037071362372,1.160940017358531,12.022480808538583,-10.861540791180053,-28185.69835311224,0.005394990366088632,28185.69835311223,2.693796344562326
0,6,bound_ridge/wide/forward_smoothed/h60/hold12/cd24/clock3/net_bp/2d/tr5/quiet_out/top8/nw1000/[alpha=10.0],0.0,,,,,0.0,,,
0,6,ensemble/wide/direction/h24/hold120/cd0/trailing12/net_bp/2d/tr5/tight_only/top8/nw16000/[default],458.0,33.95736793327155,0.513082478983804,12.021716462957112,-11.508633983973306,-5270.954364659774,0.19213973799126638,5270.954364659776,16.678840047708263
0,6,breakout/micro/direction/h120/hold24/cd24/trailing6/net_bp/breaks/tr20/tight_only/all/nw1000/[default],0.0,,,,,0.0,,,
0,6,ensemble/wide/triple_barrier/h60/hold60/cd120/take_profit_stop12/net_bp/5d/tr20/quiet_out/top16/nw1000/[default],44.0,3.262279888785913,3.982688208458909,12.021196560101538,-8.038508351642632,-353.6943674722758,0.5,358.84735317011854,11.981060157169749
0,6,meta_rule_tree/depth/triple_barrier/h60/hold240/cd0/clock12/net_per_trade_bp/2d/tr10/tight_only/all/nw1000/[default],382.0,28.322520852641333,1.5488718975515372,12.021676487487918,-10.47280458993638,-4000.6113533556972,0.2801047120418848,4272.661897663842,30.698490953622976
1,12,meta_rule_model/wide/direction/h24/hold120/cd120/take_profit_stop25/net_per_trade_bp/breaks/tr5/quiet_out/all/nw16000/[default],660.0,24.467046675920184,1.7495443152914063,12.02109133152609,-10.271547016234686,-6779.221030714893,0.27121212121212124,6779.221030714891,17.50590886343787
1,12,meta_rule_model/wide/direction/h60/hold240/cd480/clock25/net_per_trade_bp/breaks/tr20/tight_only/all/nw1000/[default],293.0,10.86188587279487,2.1972680587641062,12.019697591258142,-9.822429532494034,-2877.971853020752,0.2627986348122867,3050.831980203565,28.800293069568564
1,12,ensemble/wide/triple_barrier/h60/hold60/cd120/take_profit_stop12/net_bp/5d/tr20/quiet_out/top16/nw1000/[default],88.0,3.2622728901226914,2.169562169325961,12.021380662686317,-9.851818493360355,-866.9600274157112,0.4659090909090909,872.9601539274569,13.274982326075902
1,12,meta_rule_model/wide/triple_barrier/h24/hold60/cd60/clock12/net_bp/5d/tr20/tight_only/all/nw1000/[default],82.0,3.0398451930688712,3.896605523331389,12.020962322247565,-8.124356798916175,-666.1972575111263,0.34146341463414637,666.1972575111263,22.758684851994357
1,12,"xgboost_regressor/depth/magnitude/h120/hold240/cd480/confidence6/net_per_trade_bp/5d/tr10/quiet_out/top40/nw16000/[learning_rate=0.03,max_depth=6,n_estimators=300]",332.0,12.307665903644699,0.3006101460268776,12.021122468207947,-11.720512322181067,-3891.2100909641144,0.13855421686746988,3926.2776026552424,17.907613116487415
1,12,"xgboost/touch/direction/h60/hold240/cd480/trailing12/net_per_trade_bp/5d/tr20/open/all/nw16000/[learning_rate=0.02,max_depth=4,min_child_weight=100.0,n_estimators=600]",106.0,3.929555981284151,1.5229791228478171,12.074520283826837,-10.551541160979022,-1118.4633630637763,0.1792452830188679,1118.4633630637763,15.67879336423984
1,12,ensemble/micro/direction/h240/hold12/cd0/trailing25/net_bp/5d/tr10/open/top40/nw16000/[default],347.0,12.863735146279248,1.3762497753001068,12.041856926147679,-10.665607150847574,-3700.965681344108,0.1786743515850144,3705.6035025026645,16.27321324671599
1,12,"xgboost_regressor/touch/magnitude/h24/hold120/cd0/clock6/net_bp/1d/tr10/open/top8/nw4000/[learning_rate=0.1,max_depth=2,n_estimators=150]",298.0,11.047242287006386,0.8460898252069173,12.12722134656664,-11.281131521359724,-3361.7771933651975,0.28859060402684567,3485.027388590376,28.453994042448425
1,12,"xgboost_regressor/wide/forward_smoothed/h120/hold120/cd240/trailing6/net_bp/2d/tr10/open/top40/nw16000/[learning_rate=0.1,max_depth=2,n_estimators=150]",195.0,7.228900154249145,0.43977432404896966,12.029408027833032,-11.589633703784063,-2259.9785722378924,0.16923076923076924,2259.9785722378942,15.701482676039694
1,12,meta_rule_model/wide/direction/h240/hold24/cd48/clock25/net_per_trade_bp/5d/tr10/tight_only/all/nw1000/[default],521.0,19.314138360840026,1.4208180597660123,12.020225066204773,-10.59940700643876,-5522.291050354594,0.10748560460652591,5522.291050354593,10.551349041797408
1,12,ridge/touch/magnitude/h60/hold240/cd480/clock12/net_per_trade_bp/breaks/tr5/tight_only/all/nw4000/[alpha=1000.0],187.0,6.932329891510719,1.9375021900412939,12.019738434372112,-10.082236244330817,-1885.3781776898627,0.27807486631016043,1998.1162362682876,26.186953122929893
1,12,mean_reversion/micro/triple_barrier/h120/hold24/cd0/flip12/net_bp/1d/tr10/quiet_out/all/nw1000/[default],240.0,8.897107882152794,0.9582662267657119,12.049602680410805,-11.091336453645091,-2661.920748874822,0.15833333333333333,2692.7464195011557,19.360300892573083
1,12,logistic/micro/direction/h120/hold240/cd0/trailing25/net_per_trade_bp/1d/tr10/tight_only/all/nw4000/[class_weight=None],185.0,6.858187325826113,0.45756293479306426,12.020533384938357,-11.562970450145295,-2139.1495332768795,0.2810810810810811,2139.149533276878,25.714213227926173
1,12,ridge/depth/magnitude/h24/hold240/cd480/confidence12/net_bp/5d/tr5/tight_only/top16/nw4000/[alpha=10.0],272.0,10.0833889331065,1.5348165506222775,12.020058866324957,-10.485242315702678,-2851.9859098711286,0.03676470588235294,2851.985909871129,5.7141248920597425
1,12,"xgboost_regressor/depth/magnitude/h60/hold120/cd240/trailing12/net_bp/2d/tr20/tight_only/all/nw4000/[learning_rate=0.05,max_depth=3,n_estimators=300]",160.0,5.93140525476853,0.9577391126300363,12.021683135158119,-11.063944022528082,-1770.2310436044932,0.15625,1770.2310436044943,14.662394850484757
1,12,logistic/depth/direction/h120/hold60/cd120/confidence3/net_per_trade_bp/breaks/tr10/tight_only/all/nw1000/[C=0.1],684.0,25.356757464135462,1.1074905040236518,12.019226081432327,-10.911735577408676,-7463.627134947534,0.06578947368421052,7463.627134947527,11.298562280505449
1,12,spread_capture/micro/direction/h120/hold240/cd480/flip12/net_per_trade_bp/breaks/tr10/tight_only/all/nw16000/[default],188.0,6.969401174353022,1.1643121032858332,12.01934715871981,-10.855035055433975,-2040.7465904215874,0.015957446808510637,2040.7465904215885,4.027587492822047
1,12,ensemble/micro/triple_barrier/h24/hold120/cd240/flip3/net_per_trade_bp/2d/tr20/tight_only/all/nw1000/[default],650.0,24.096333847497153,1.46598712396647,12.0206779073866,-10.55469078342013,-6860.549009223084,0.046153846153846156,6894.451396538222,8.768736923524424
1,12,meta_rule_model/wide/triple_barrier/h240/hold240/cd480/confidence12/net_per_trade_bp/5d/tr10/quiet_out/all/nw16000/[default],175.0,6.487474497403079,1.3346518766260662,12.020500833105741,-10.68584895647967,-1870.0235673839425,0.045714285714285714,1870.0235673839422,4.708645629371467
1,12,mean_reversion/micro/direction/h60/hold120/cd0/confidence3/net_bp/breaks/tr5/quiet_out/all/nw4000/[default],481.0,17.831287047147892,0.9522540261550042,12.03270132112262,-11.080447294967614,-5329.695148879422,0.16216216216216217,5397.094118857873,16.789124970189057
1,12,breakout/micro/direction/h12/hold12/cd12/take_profit_stop6/net_bp/2d/tr10/open/all/nw16000/[default],93.0,3.4476293043342077,0.707870609490957,12.021131753905575,-11.313261144414621,-1052.1332864305598,0.0,1052.1332864305596,4.258827742870785
1,12,meta_rule_model/micro/triple_barrier/h60/hold12/cd12/take_profit_stop25/net_per_trade_bp/5d/tr5/quiet_out/all/nw16000/[default],904.0,33.51243968944219,0.9283113162258215,12.049091360268976,-11.120780044043155,-10053.185159815012,0.12168141592920353,10053.185159815017,11.727316578450424
1,12,mean_reversion/micro/triple_barrier/h60/hold120/cd0/trailing12/net_per_trade_bp/2d/tr20/open/all/nw1000/[default],1384.0,51.30665545374778,0.5107493513664172,12.024066423527074,-11.513317072160657,-15934.43082787035,0.16473988439306358,15956.0100287555,15.436538984533607
1,12,meta_rule_tree/depth/triple_barrier/h60/hold240/cd0/clock12/net_per_trade_bp/2d/tr10/tight_only/all/nw1000/[default],561.0,20.796989674532156,1.0675411874403844,12.02072201106723,-10.953180823626846,-6144.734442054661,0.2976827094474153,6158.8976845283805,34.04615796728006
1,12,mean_reversion/micro/triple_barrier/h24/hold120/cd0/trailing6/net_bp/breaks/tr5/tight_only/all/nw4000/[default],521.0,19.314138360840026,0.6802802870970044,12.019371346509766,-11.33909105941276,-5907.666441954048,0.12667946257197696,5954.104598408195,15.348594363707722
1,12,meta_rule_model/depth/direction/h24/hold60/cd120/flip12/net_bp/2d/tr10/quiet_out/all/nw4000/[default],115.0,4.2631975268648805,1.3563914579617267,12.06185938121974,-10.705467923258013,-1231.1288111746715,0.05217391304347826,1231.1288111746717,6.915421698107616
1,12,agree/depth/triple_barrier/h120/hold120/cd0/flip25/net_bp/1d/tr5/open/all/nw1000/[default],384.0,14.235372611444472,1.1895683733317872,12.060490895742822,-10.870922522411036,-4174.434248605838,0.12760416666666666,4174.434248605838,17.443388452724303
1,12,logistic/wide/direction/h24/hold120/cd240/confidence3/net_per_trade_bp/1d/tr5/open/top16/nw4000/[default],702.0,26.024040555296924,1.0163703340642176,12.03397236593659,-11.017602031872375,-7734.356626374407,0.037037037037037035,7734.356626374406,8.188295785974935
1,12,spread_capture/micro/triple_barrier/h120/hold60/cd120/flip3/net_per_trade_bp/1d/tr20/open/all/nw16000/[default],1098.0,40.70426856084904,1.319335846078076,12.020378173948036,-10.70104232786996,-11749.744476001215,0.00819672131147541,11749.744476001213,3.1589738924671056
1,12,order_flow/micro/direction/h24/hold120/cd240/flip12/net_per_trade_bp/breaks/tr20/open/all/nw1000/[default],1250.0,46.33910355287914,1.169194045929589,12.020274014311601,-10.851079968382011,-13563.849960477513,0.0008,13563.849960477532,2.58706721059985
1,12,rule_gated_by_model/touch/direction/h12/hold240/cd480/flip25/net_bp/5d/tr10/quiet_out/all/nw1000/[default],288.0,10.676529458583353,1.4331581334453558,12.216520100530333,-10.783361967084979,-3105.6082465204736,0.024305555555555556,3105.6082465204754,5.4025023526155955
1,12,spread_capture/micro/direction/h24/hold24/cd24/flip3/net_per_trade_bp/breaks/tr5/quiet_out/all/nw1000/[default],2241.0,83.07674484960172,1.2111294845025748,12.019480545113517,-10.808351060610944,-24221.514726829126,0.015171798304328426,24221.51472682908,3.654616328901016
1,12,bound_mixed/micro/net_pnl/h60/hold12/cd12/clock3/net_bp/1d/tr5/tight_only/top40/nw1000/[default],209.0,7.747898114041392,1.246775694869198,12.02165047634399,-10.774874781474793,-2251.9488293282316,0.03349282296650718,2251.948829328232,7.015454624277762
1,12,xgboost_regressor/wide/forward_smoothed/h120/hold24/cd48/clock25/net_bp/1d/tr10/quiet_out/top16/nw4000/[default],247.0,9.156606862048918,0.7019112963152653,12.022276829661708,-11.320365533346441,-2796.130286736571,0.14979757085020243,2830.9876702394686,13.728439583144747
1,12,spread_capture/micro/triple_barrier/h24/hold12/cd0/flip3/net_per_trade_bp/5d/tr5/open/all/nw4000/[default],11959.0,443.3354715111053,1.171805038238723,12.019664846521488,-10.847859808282763,-129729.55544725357,0.009532569612843883,129729.55544725353,3.466968417572037
1,12,meta_rule_model/touch/direction/h12/hold240/cd0/trailing3/net_per_trade_bp/5d/tr20/quiet_out/all/nw16000/[default],4040.0,149.76798268290537,1.022715700094429,12.0403704393973,-11.01765473930287,-44511.325146783594,0.06336633663366337,44511.32514678375,9.138765381585856
1,12,agree/touch/triple_barrier/h120/hold120/cd120/flip12/net_bp/breaks/tr5/quiet_out/all/nw4000/[default],1243.0,46.079604572983015,1.3272161462782797,12.033317837187816,-10.706101690909536,-13307.684401800554,0.019308125502815767,13307.684401800549,4.624147914373768
1,12,spread_capture/micro/triple_barrier/h120/hold24/cd24/flip12/net_bp/2d/tr20/open/all/nw4000/[default],2926.0,108.47057359657948,1.2678979213245094,12.020529795366778,-10.752631874042272,-31462.200863447688,0.010594668489405332,31482.3897513974,3.354827649893293
1,12,order_flow/micro/direction/h240/hold12/cd0/flip3/net_bp/5d/tr10/tight_only/all/nw16000/[default],37932.0,1406.187900774249,1.2209619114430361,12.019981654467877,-10.799019743024841,-409628.4168924183,0.004850785616366129,409628.4168924198,2.76267700171926
1,12,order_flow/micro/direction/h240/hold60/cd120/confidence12/net_bp/breaks/tr20/tight_only/all/nw1000/[default],1862.0,69.02672865236876,1.304606066895773,12.01965417344256,-10.715048106546787,-19951.41957439012,0.005907626208378088,19951.419574390082,2.5440989781920877
1,12,xgboost/touch/direction/h12/hold60/cd0/confidence25/net_bp/1d/tr10/quiet_out/all/nw4000/[default],584.0,21.649629179905133,0.496625210485973,12.022553525128727,-11.525928314642753,-6731.142135751368,0.1404109589041096,6758.843873515327,15.383815262903118
1,12,order_flow/micro/triple_barrier/h240/hold12/cd0/confidence6/net_bp/5d/tr10/open/all/nw4000/[default],36327.0,1346.6884918123524,1.2016556933704676,12.021182182660448,-10.819526489289983,-393040.9387764372,0.004569603875904975,393040.9387764371,2.7143865048996116
1,12,meta_rule_tree/depth/triple_barrier/h12/hold60/cd120/confidence12/net_bp/2d/tr10/open/all/nw4000/[default],220.0,8.155682225306728,1.283548033252747,12.03065898588744,-10.747110952634694,-2364.3644095796326,0.05454545454545454,2364.3644095796312,6.977013504296216
1,12,order_flow/micro/triple_barrier/h24/hold240/cd0/confidence6/net_bp/5d/tr5/tight_only/all/nw1000/[default],30227.0,1120.5536664743022,1.1841685356226583,12.020323933895716,-10.836155398273055,-327544.46922359965,0.005789525920534621,327544.4692236009,2.8973519269467864
1,12,meta_rule_tree/micro/direction/h240/hold12/cd0/confidence6/net_bp/breaks/tr20/open/all/nw1000/[default],2735.0,101.38995857369956,0.8221207697887706,12.029989216042184,-11.207868446253412,-30653.520200503084,0.02303473491773309,30653.52020050304,5.786643334160412
1,12,xgboost_regressor/wide/magnitude/h120/hold12/cd0/clock12/net_bp/2d/tr5/quiet_out/top40/nw16000/[default],1638.0,60.72276129569282,0.4513743808659903,12.02804621996863,-11.576671839102639,-18962.588472450123,0.08424908424908426,18962.588472450116,9.62693821844358
1,12,order_flow/micro/direction/h240/hold12/cd0/confidence6/net_bp/2d/tr5/open/all/nw4000/[default],40909.0,1516.549109795786,1.173411669030721,12.02122462282746,-10.84781295379674,-443773.18012687087,0.004277787283971742,443773.1801268724,2.69307305524213
1,12,logistic/wide/triple_barrier/h240/hold12/cd12/flip12/net_bp/2d/tr20/open/top8/nw1000/[C=10.0],2930.0,108.6188587279487,1.1177666865561529,12.02246603835665,-10.904699351800497,-31950.76910077546,0.005119453924914676,31950.769100775444,3.0877200411912544
1,12,order_flow/micro/triple_barrier/h60/hold240/cd240/confidence6/net_bp/1d/tr5/quiet_out/all/nw1000/[default],1552.0,57.534630971254735,1.1168286879530342,12.023656536236926,-10.906827848283891,-16927.3968205366,0.005154639175257732,16927.396820536615,3.4217081943741126
1,12,order_flow/micro/triple_barrier/h60/hold60/cd60/trailing6/net_bp/1d/tr10/open/all/nw16000/[default],3860.0,143.09515177129077,1.022949956267156,12.021979399695939,-10.999029443428782,-42456.253651635096,0.08989637305699481,42456.2536516351,8.728555741373548
1,12,spread_capture/micro/triple_barrier/h60/hold12/cd24/clock3/net_per_trade_bp/1d/tr20/tight_only/all/nw4000/[default],2710.0,100.46317650264197,0.9436148444639421,12.020241276618227,-11.076626432154287,-30017.657631138118,0.045756457564575644,30028.12990473847,7.014540306434803
1,12,order_flow/micro/direction/h24/hold12/cd24/trailing6/net_bp/5d/tr10/quiet_out/all/nw1000/[default],6328.0,234.58707782609534,1.0026387559336074,12.021887812439516,-11.019249056505904,-69729.80802956937,0.03271175726927939,69729.80802956928,5.967313496774466
1,12,mean_reversion/micro/direction/h24/hold120/cd120/clock12/net_bp/1d/tr20/quiet_out/all/nw4000/[default],136.0,5.04169446655325,-0.10923039733262531,12.030727471001327,-12.139957868333955,-1651.034270093418,0.2647058823529412,1668.2348204984667,30.713036684923825
1,12,spread_capture/micro/triple_barrier/h24/hold24/cd0/take_profit_stop6/net_per_trade_bp/breaks/tr5/quiet_out/all/nw16000/[default],3887.0,144.09607640803296,0.8248462251621339,12.019264476842105,-11.194418251679974,-43512.70374428006,0.018780550553125806,43512.70374428012,7.5117204301156955
1,12,order_flow/micro/direction/h240/hold240/cd0/take_profit_stop12/net_bp/2d/tr5/tight_only/all/nw4000/[default],3975.0,147.35834929815564,1.0152327283218636,12.020233019014613,-11.005000290692749,-43744.876155503676,0.4857861635220126,43744.876155503756,13.411623638690042
1,12,meta_rule_tree/micro/triple_barrier/h12/hold12/cd0/confidence3/net_bp/5d/tr5/open/all/nw4000/[default],1537.0,56.978561728620186,0.7922080213883749,12.030556420189766,-11.238348398801392,-17273.34148895774,0.038386467143786594,17273.341488957733,6.5142989582652016
1,12,agree/wide/direction/h60/hold12/cd24/confidence3/net_per_trade_bp/5d/tr5/tight_only/all/nw4000/[default],3572.0,132.4186223127074,0.8054587696787928,12.019830277801255,-11.214371508122461,-40057.735027013434,0.004479283314669653,40057.73502701345,3.1267462379027657
1,12,meta_rule_model/wide/triple_barrier/h240/hold24/cd48/confidence3/net_bp/2d/tr20/tight_only/all/nw4000/[default],492.0,18.23907115841323,1.0514558809220798,12.022051108136399,-10.97059522721432,-5397.532851789445,0.02032520325203252,5397.532851789441,4.3356599181319355
1,12,logistic/depth/triple_barrier/h60/hold12/cd12/flip25/net_per_trade_bp/1d/tr5/open/top8/nw1000/[C=0.01],5734.0,212.56673581776718,1.0671060914270583,12.022832186309675,-10.955726094882614,-62820.13342805691,0.01238228113010115,62820.13342805682,4.201688720924577
1,12,rule_gated_by_model/depth/direction/h24/hold60/cd0/flip6/net_per_trade_bp/2d/tr10/quiet_out/all/nw16000/[default],10810.0,400.7405675252988,1.0400059501057326,12.024447521140802,-10.98444157103507,-118741.81338288912,0.017391304347826087,118741.81338288932,4.775669426021589
1,12,meta_rule_tree/touch/triple_barrier/h60/hold60/cd0/confidence3/net_bp/2d/tr20/tight_only/all/nw1000/[default],1435.0,53.19729087870525,0.859857262619935,12.02060779225364,-11.160750529633704,-16015.677010024367,0.032752613240418116,16015.677010024376,6.501085815749949
1,12,meta_rule_tree/touch/triple_barrier/h120/hold12/cd0/trailing6/net_bp/breaks/tr10/open/all/nw16000/[default],4505.0,167.0061292045764,0.5511338694307482,12.026103712689181,-11.474969843258435,-51694.73914387925,0.0734739178690344,51694.739143879146,8.665068981350199
1,12,"xgboost/depth/direction/h12/hold120/cd0/take_profit_stop25/net_per_trade_bp/breaks/tr5/quiet_out/top8/nw16000/[learning_rate=0.05,max_depth=8,n_estimators=200,reg_lambda=20.0]",1467.0,54.383571929658956,0.6928130695125344,12.03110566986278,-11.338292600350247,-16633.275244713812,0.310838445807771,16638.738255585045,21.032782678513247
1,12,ridge/wide/magnitude/h24/hold240/cd240/clock12/net_bp/1d/tr5/quiet_out/all/nw1000/[alpha=0.01],268.0,9.935103801737288,2.1160158712176482,12.092041984340336,-9.976026113122687,-2673.5749983168803,0.31716417910447764,2831.0052938939098,32.50673767663585
1,12,ridge/micro/magnitude/h24/hold60/cd60/take_profit_stop25/net_bp/2d/tr20/quiet_out/all/nw16000/[alpha=0.01],273.0,10.120460215948803,0.9978462619765521,12.145755619304627,-11.147909357328073,-3043.379254550564,0.23076923076923078,3043.3792545505635,17.92073509733818
1,12,order_flow/micro/triple_barrier/h12/hold12/cd12/take_profit_stop6/net_bp/breaks/tr5/tight_only/all/nw1000/[default],5867.0,217.49721643579352,0.8911493197546607,12.01939451214589,-11.128245192391232,-65289.414543759354,0.00767001874893472,65289.41454375926,5.25274075978475
1,12,"xgboost/touch/direction/h60/hold120/cd0/trailing3/net_bp/2d/tr20/quiet_out/top8/nw1000/[learning_rate=0.03,max_depth=6,n_estimators=300]",450.0,16.68207727903649,1.78938377870044,12.031409533616731,-10.242025754916293,-4608.911589712332,0.11555555555555555,4640.145982083614,14.02725928379994
1,12,ensemble/wide/triple_barrier/h12/hold12/cd24/flip25/net_bp/2d/tr20/tight_only/top16/nw1000/[default],438.0,16.23722188492885,1.1043986287125716,12.021550324271546,-10.917151695558974,-4781.712442654831,0.045662100456621,4783.150788315431,7.990417581901971
1,12,agree/wide/triple_barrier/h60/hold60/cd60/flip25/net_per_trade_bp/5d/tr20/open/all/nw16000/[default],1700.0,63.02118083191563,1.1609310557822066,12.020447674393807,-10.8595166186116,-18461.17825163972,0.02,18461.178251639725,4.990084910160289
1,12,agree/wide/direction/h24/hold60/cd0/confidence3/net_bp/5d/tr20/quiet_out/all/nw16000/[default],1039.0,38.51706287315314,0.9940099365569355,12.026451652519997,-11.03244171596306,-11462.70694288562,0.02406159769008662,11462.706942885632,6.047249734733538
1,12,meta_rule_model/touch/direction/h24/hold12/cd12/confidence12/net_bp/5d/tr10/tight_only/all/nw4000/[default],2001.0,74.17963696744893,0.940951452300072,12.019598203301205,-11.078646751001132,-22168.372148753268,0.012993503248375811,22168.372148753286,3.810949915068879
1,12,ensemble/micro/direction/h240/hold24/cd48/clock3/net_bp/2d/tr5/quiet_out/all/nw4000/[default],268.0,9.935103801737288,-0.42858143270669474,12.100441087977178,-12.529022520683869,-3357.778035543277,0.16044776119402984,3357.7780355432756,16.08748548331443
2,24,meta_rule_model/wide/triple_barrier/h24/hold60/cd60/clock12/net_bp/5d/tr20/tight_only/all/nw1000/[default],136.0,2.520847233276625,3.0365830763143498,12.018660456677324,-8.982077380362973,-1221.5625237293643,0.375,1377.9549136737446,39.204664969811006
2,24,meta_rule_model/wide/direction/h60/hold240/cd480/clock25/net_per_trade_bp/breaks/tr20/tight_only/all/nw1000/[default],640.0,11.86281050953706,2.1116881410485298,12.017132805283266,-9.905444664234736,-6339.484585110231,0.29375,6512.344712293041,37.21378003367833
2,24,ensemble/wide/triple_barrier/h60/hold60/cd120/take_profit_stop12/net_bp/5d/tr20/quiet_out/top16/nw1000/[default],148.0,2.743274930330445,2.439652741550229,12.025781264366634,-9.586128522816406,-1418.7470213768281,0.5,1423.9000070746706,17.835874295553147
2,24,ridge/wide/magnitude/h24/hold240/cd240/clock12/net_bp/1d/tr5/quiet_out/all/nw1000/[alpha=0.01],634.0,11.751596661010149,0.5709533080432507,12.14701343569426,-11.576060127651012,-7339.222120930741,0.3548895899053628,7355.950396620251,45.91355110691629
2,24,ridge/touch/magnitude/h60/hold240/cd480/clock12/net_per_trade_bp/breaks/tr5/tight_only/all/nw4000/[alpha=1000.0],457.0,8.470788129466307,2.1121068312142377,12.01697270974601,-9.904865878531774,-4526.523706489021,0.31947483588621445,4638.634818487203,39.28559822274876
2,24,"xgboost/touch/direction/h60/hold120/cd0/trailing3/net_bp/2d/tr20/quiet_out/top8/nw1000/[learning_rate=0.03,max_depth=6,n_estimators=300]",944.0,17.497645501567163,2.1727706287490176,12.024125529572673,-9.851354900823656,-9299.679026377531,0.1832627118644068,9299.679026377547,21.78311067769688
2,24,meta_rule_model/wide/direction/h24/hold120/cd120/take_profit_stop25/net_per_trade_bp/breaks/tr5/quiet_out/all/nw16000/[default],1267.0,23.484657680599145,1.1792146592596064,12.028325285996166,-10.84911062673656,-13745.82316407522,0.3425414364640884,13762.316486890322,21.610483829471672
2,24,ridge/depth/magnitude/h24/hold240/cd480/confidence12/net_bp/5d/tr5/tight_only/top16/nw4000/[alpha=10.0],670.0,12.418879752171609,1.4396249193054254,12.017293275158728,-10.577668355853302,-7087.037798421712,0.03283582089552239,7087.037798421713,10.022802276169424
2,24,"xgboost/touch/direction/h60/hold240/cd480/trailing12/net_per_trade_bp/5d/tr20/open/all/nw16000/[learning_rate=0.02,max_depth=4,min_child_weight=100.0,n_estimators=600]",346.0,6.4133319317184725,2.9771941721175526,12.086214746960172,-9.109020574842617,-3151.7211188955453,0.21965317919075145,3219.7548228469714,21.934869940998087
2,24,ensemble/micro/triple_barrier/h24/hold120/cd240/flip3/net_per_trade_bp/2d/tr20/tight_only/all/nw1000/[default],989.0,18.331749365518988,1.7279630172445837,12.018728708638386,-10.290765691393803,-10177.56726878847,0.08190091001011122,10177.567268788478,12.885166348331897
2,24,meta_rule_model/wide/direction/h240/hold24/cd48/clock25/net_per_trade_bp/5d/tr10/tight_only/all/nw1000/[default],2123.0,39.35116673710496,0.7219117096390705,12.016521301106732,-11.29460959146766,-23978.45616268584,0.13330193122939238,23978.456162685885,17.26323734819095
2,24,ensemble/micro/direction/h240/hold12/cd0/trailing25/net_bp/5d/tr10/open/top40/nw16000/[default],745.0,13.809052858757983,2.781533631270616,12.070877936198391,-9.289344304927777,-6920.561507171194,0.26308724832214764,6920.561507171192,24.026384206560344
2,24,meta_rule_model/wide/triple_barrier/h240/hold240/cd480/confidence12/net_per_trade_bp/5d/tr10/quiet_out/all/nw16000/[default],534.0,9.898032518894984,0.45933228615432947,12.040658892568862,-11.581326606414533,-6184.42840782536,0.028089887640449437,6184.428407825358,5.3028484104582745
2,24,spread_capture/micro/triple_barrier/h120/hold60/cd120/flip3/net_per_trade_bp/1d/tr20/open/all/nw16000/[default],2355.0,43.651435546812145,1.228740156865926,12.017445304929884,-10.78870514806396,-25407.400623690624,0.019957537154989383,25407.40062369067,4.263013866661217
2,24,meta_rule_model/depth/direction/h24/hold60/cd120/flip12/net_bp/2d/tr10/quiet_out/all/nw4000/[default],195.0,3.6144500771245727,0.3126671103003671,12.125707475259869,-11.813040364959502,-2303.542871167103,0.09743589743589744,2303.542871167104,11.865853686651176
2,24,agree/touch/triple_barrier/h120/hold120/cd120/flip12/net_bp/breaks/tr5/quiet_out/all/nw4000/[default],2087.0,38.6838836459435,1.0646365076098543,12.126003568190404,-11.061367060580551,-23085.07305543161,0.04647819837086727,23085.073055431676,7.407330109339839
2,24,order_flow/micro/direction/h240/hold60/cd120/confidence12/net_bp/breaks/tr20/tight_only/all/nw1000/[default],4568.0,84.67081001182076,1.2580168011659556,12.016937782050437,-10.758920980884481,-49146.75104068031,0.013134851138353765,49146.751040680174,3.836020458026646
2,24,meta_rule_tree/depth/triple_barrier/h12/hold60/cd120/confidence12/net_bp/2d/tr10/open/all/nw4000/[default],461.0,8.544930695150914,1.251369738127735,12.039731884829338,-10.788362146701601,-4973.434949629438,0.0737527114967462,4973.434949629437,8.65017080192282
2,24,spread_capture/micro/triple_barrier/h120/hold24/cd24/flip12/net_bp/2d/tr20/open/all/nw4000/[default],7432.0,137.7568870419991,1.1763903537701315,12.017168863209406,-10.840778509439273,-80568.66588215268,0.018030139935414424,80568.66588215264,4.500369664671684
2,24,bound_mixed/micro/net_pnl/h60/hold12/cd12/clock3/net_bp/1d/tr5/tight_only/top40/nw1000/[default],328.0,6.0796903861377425,1.0943356836540243,12.019380926581556,-10.925045242927533,-3583.4148396802307,0.07926829268292683,3590.688978871151,13.057492260018673
2,24,rule_gated_by_model/touch/direction/h12/hold240/cd480/flip25/net_bp/5d/tr10/quiet_out/all/nw1000/[default],659.0,12.214987696538941,1.828486543214799,12.260085318555992,-10.431598775341195,-6874.423592949847,0.054628224582701064,6874.42359294985,7.8540949435463325
