symbol,model,horizon_s,hold_rows,fold,trades,gross_bp,cost_bp,net_bp,gross_per_trade_bp,net_per_trade_bp,hit_rate,trades_per_day,net_bp_per_day,max_drawdown_bp,drawdown_trades,profit_factor,days,return_over_drawdown,net_hit_rate
BTCUSDT,logistic,10,10,0,139.0,20.363230316817585,1602.9124328120033,-1582.5492024951855,0.14649805983322003,-11.385246061116442,0.5179856115107914,19.857142857142858,-226.0784574993122,1572.1741493882414,138.0,0.21992848200848727,7.0,-1.006599175486368,0.16546762589928057
BTCUSDT,logistic,10,10,1,211.0,236.53471318967195,2413.8315603082237,-2177.2968471185523,1.1210175980553172,-10.318942403405462,0.5308056872037915,30.142857142857142,-311.0424067312218,2178.4544749175056,210.0,0.20248958486694013,7.0,-0.9994686013353585,0.16587677725118483
BTCUSDT,logistic,10,10,2,211.0,343.08942493687834,2424.7955666989164,-2081.706141762038,1.6260162319283333,-9.865905885128143,0.5213270142180095,30.142857142857142,-297.38659168029113,2072.706301475957,210.0,0.22687973400311823,7.0,-1.0043420721400191,0.16587677725118483
BTCUSDT,logistic,10,10,3,263.0,45.319420571468584,3006.2986388483287,-2960.9792182768597,0.17231718848467142,-11.25847611512114,0.532319391634981,37.57142857142857,-422.99703118240853,2948.819049593403,262.0,0.15669431094002176,7.0,-1.0041237419044526,0.13307984790874525
BTCUSDT,logistic,10,10,4,295.0,407.1443537242566,3350.654368106314,-2943.5100143820573,1.3801503516076494,-9.978000048752737,0.5627118644067797,42.142857142857146,-420.5014306260082,2933.0390672400376,294.0,0.1944030217624556,7.0,-1.0035699992062748,0.16271186440677965
BTCUSDT,logistic,20,20,0,137.0,401.3260851948115,1625.1522223707889,-1223.8261371759775,2.929387483173807,-8.933037497634873,0.5620437956204379,19.571428571428573,-174.8323053108539,1209.598090004671,136.0,0.3300386982846437,7.0,-1.0117626237085506,0.2846715328467153
BTCUSDT,logistic,20,20,1,204.0,653.8201904453952,2366.440700148116,-1712.620509702721,3.2050009335558585,-8.395198576974122,0.5490196078431373,29.142857142857142,-244.6600728146744,1702.912724236006,203.0,0.34863866795114773,7.0,-1.0057006946560167,0.25980392156862747
BTCUSDT,logistic,20,20,2,228.0,498.6376196906293,2659.614321550252,-2160.9767018596226,2.187007103906269,-9.47796799061238,0.5087719298245614,32.57142857142857,-308.7109574085175,2144.343898138503,227.0,0.28716307282769,7.0,-1.0077565933969632,0.2149122807017544
BTCUSDT,logistic,20,20,3,305.0,509.6872053601265,3498.8950169949385,-2989.207811634812,1.671105591344677,-9.800681349622336,0.5081967213114754,43.57142857142857,-427.02968737640174,2972.5750079136938,304.0,0.237151621836962,7.0,-1.005595419350845,0.2
BTCUSDT,logistic,20,20,4,346.0,-20.917769302770797,3947.991823068718,-3968.909592371489,-0.06045598064384623,-11.470836972171934,0.47398843930635837,49.42857142857143,-566.9870846244984,3958.290705993021,345.0,0.15825145241340258,7.0,-1.0026826949224297,0.18497109826589594
BTCUSDT,logistic,30,30,0,120.0,-223.83328594611936,1407.2760764235718,-1631.1093623696909,-1.865277382884328,-13.592578019747425,0.5083333333333333,17.142857142857142,-233.01562319567012,1622.286424910238,119.0,0.23133027546999274,7.0,-1.0054385818212963,0.225
BTCUSDT,logistic,30,30,1,130.0,85.64840549262325,1519.6593748883345,-1434.010969395711,0.6588338884047943,-11.030853610736239,0.5,18.571428571428573,-204.858709913673,1428.6317876902813,127.0,0.31978138095830155,7.0,-1.0037652681060152,0.24615384615384617
BTCUSDT,logistic,30,30,2,134.0,88.19966416640494,1570.78361539496,-1482.5839512285552,0.6582064490030219,-11.064059337526531,0.5223880597014925,19.142857142857142,-211.797707318365,1473.0695315497717,132.0,0.3186291633594878,7.0,-1.0064589073869268,0.23134328358208955
BTCUSDT,logistic,30,30,3,177.0,-368.5844305253919,2012.5172513758066,-2381.1016819011984,-2.0823979125728354,-13.452551875148014,0.480225988700565,25.285714285714285,-340.15738312874265,2371.5872622224147,175.0,0.19549566180029765,7.0,-1.0040118362205521,0.20903954802259886
BTCUSDT,logistic,30,30,4,231.0,-50.94053609431027,2590.686901856826,-2641.627437951136,-0.22052180127407042,-11.435616614507083,0.48917748917748916,33.0,-377.3753482787337,2639.0893905774205,229.0,0.23088276135027497,7.0,-1.0009617133026176,0.19913419913419914
BTCUSDT,logistic,60,60,0,70.0,345.4363700364776,834.7991516668073,-489.3627816303297,4.934805286235394,-6.990896880433282,0.5571428571428572,10.0,-69.90896880433282,650.1829079027509,50.0,0.5554946631885866,7.0,-0.7526540234790741,0.34285714285714286
BTCUSDT,logistic,60,60,1,103.0,305.31147052442924,1205.6990182835493,-900.3875477591201,2.9641890342177595,-8.741626677273011,0.5436893203883495,14.714285714285714,-128.62679253701717,906.9023909505119,100.0,0.4201413343515815,7.0,-0.9928163788557625,0.3106796116504854
BTCUSDT,logistic,60,60,2,179.0,296.94570070096233,2009.038656174016,-1712.0929554730533,1.6589145290556555,-9.5647651143746,0.5083798882681564,25.571428571428573,-244.5847079247219,1708.5448750432151,177.0,0.3602722583245862,7.0,-1.0020766679773327,0.2681564245810056
BTCUSDT,logistic,60,60,3,161.0,80.69856323756106,1830.7566969868433,-1750.0581337492822,0.5012333120345408,-10.869926296579393,0.4906832298136646,23.0,-250.00830482132602,1746.510053319443,159.0,0.2831362982697542,7.0,-1.0020315259125452,0.2608695652173913
BTCUSDT,logistic,60,60,4,187.0,44.119994117375754,2111.5880723955784,-2067.468078278203,0.23593579741912168,-11.055979028225684,0.5026737967914439,26.714285714285715,-295.35258261117184,2063.9199978483634,185.0,0.2741561336983915,7.0,-1.0017190978494992,0.25668449197860965
BTCUSDT,logistic,120,120,0,64.0,372.24005589199635,730.2411913849544,-358.0011354929578,5.816250873312443,-5.593767742077466,0.546875,9.142857142857142,-51.14301935613683,778.8831889893206,46.0,0.6801066751239481,7.0,-0.4596339227163194,0.328125
BTCUSDT,logistic,120,120,1,126.0,558.535687619769,1435.3103935340955,-876.7747059143263,4.432822917617214,-6.958529412018462,0.5396825396825397,18.0,-125.25352941633233,861.9380825706187,125.0,0.5417874832310257,7.0,-1.0172130964436092,0.29365079365079366
BTCUSDT,logistic,120,120,2,176.0,558.7154184085788,1981.254559310693,-1422.539140902114,3.1745194227760156,-8.082608755125648,0.5852272727272727,25.142857142857142,-203.21987727173058,1475.543488333659,152.0,0.42029481101808475,7.0,-0.9640780852271571,0.35795454545454547
BTCUSDT,logistic,120,120,3,163.0,766.5926994807672,1834.150971853976,-1067.5582723732089,4.703022696201026,-6.549437253823367,0.6196319018404908,23.285714285714285,-152.50832462474412,1275.7550722746798,141.0,0.4938981771776083,7.0,-0.8368050385014306,0.37423312883435583
BTCUSDT,logistic,120,120,4,174.0,742.4989823093292,1958.1825245098144,-1215.6835422004854,4.267235530513386,-6.98668702414072,0.603448275862069,24.857142857142858,-173.66907745721218,1422.833885344,153.0,0.4735653716470518,7.0,-0.854410029675789,0.3735632183908046
BTCUSDT,logistic,300,300,0,60.0,-261.0924899476511,710.9263097445535,-972.0187996922045,-4.351541499127518,-16.20031332820341,0.45,8.571428571428571,-138.85982852745778,976.2378253397432,58.0,0.3003178166824131,7.0,-0.9956782809085785,0.26666666666666666
BTCUSDT,logistic,300,300,1,83.0,-271.2339761926528,987.2802732629754,-1258.5142494556283,-3.2678792312367806,-15.162822282597931,0.4578313253012048,11.857142857142858,-179.78774992223262,1283.4175494676508,78.0,0.3267720949289277,7.0,-0.9805961045005562,0.26506024096385544
BTCUSDT,logistic,300,300,2,104.0,139.82121384420196,1211.5154819862219,-1071.69426814202,1.344434748501942,-10.304752578288655,0.5096153846153846,14.857142857142858,-153.09918116314572,1139.7320670808742,83.0,0.49802429134929255,7.0,-0.9403036898723792,0.34615384615384615
BTCUSDT,logistic,300,300,3,107.0,198.93763695360462,1239.0137747195627,-1040.076137765958,1.859230251902847,-9.72033773613045,0.5420560747663551,15.285714285714286,-148.58230539513687,1110.9634015849904,82.0,0.4775500824588396,7.0,-0.936192980148672,0.34579439252336447
BTCUSDT,logistic,300,300,4,102.0,279.52451236317046,1179.9665624806983,-900.4420501175283,2.7404363957173574,-8.827863236446357,0.5588235294117647,14.571428571428571,-128.63457858821832,906.4582844296564,90.0,0.564027914710383,7.0,-0.9933629220279966,0.35294117647058826
