blend_weight,information_coefficient,trades_per_day,trades,gross_per_trade_bp,net_per_trade_bp
0.0,0.011337188437522034,1.0,5.0,95.83974193585121,81.53737807346444
0.0,0.011337188437522034,5.0,14.0,-22.600989860206813,-37.57354376774167
0.0,0.011337188437522034,20.0,27.0,30.90942117486152,15.657488664550838
0.0,0.011337188437522034,100.0,99.0,-29.298114677931263,-45.720962222602296
0.005,0.016361175420813185,1.0,5.0,95.83974193585121,81.53737807346444
0.005,0.016361175420813185,5.0,13.0,-18.937853823393166,-34.130234875238315
0.005,0.016361175420813185,20.0,27.0,30.90942117486152,15.657488664550838
0.005,0.016361175420813185,100.0,99.0,-29.298114677931263,-45.720962222602296
0.01,0.021434650706029044,1.0,5.0,95.83974193585121,81.53737807346444
0.01,0.021434650706029044,5.0,13.0,-18.937853823393166,-34.130234875238315
0.01,0.021434650706029044,20.0,27.0,32.77108788577326,17.518975517315944
0.01,0.021434650706029044,100.0,99.0,-22.289400922207534,-39.2082500584704
0.02,0.03173140507863418,1.0,5.0,95.83974193585121,81.53737807346444
0.02,0.03173140507863418,5.0,13.0,-25.80687343776068,-40.870975748020946
0.02,0.03173140507863418,20.0,27.0,30.90942117486152,15.657488664550838
0.02,0.03173140507863418,100.0,99.0,-11.477851903727029,-29.470461563239986
0.03,0.0422300335021083,1.0,5.0,95.83974193585121,81.53737807346444
0.03,0.0422300335021083,5.0,13.0,-25.80687343776068,-40.870975748020946
0.03,0.0422300335021083,20.0,27.0,30.90942117486152,15.657488664550838
0.03,0.0422300335021083,100.0,99.0,-9.916539910350807,-27.90873955814621
0.05,0.06384237379038159,1.0,6.0,104.91049671542555,90.67126393494304
0.05,0.06384237379038159,5.0,13.0,-24.047502115307225,-39.43155050882354
0.05,0.06384237379038159,20.0,27.0,30.826198311491392,15.574333918027882
0.05,0.06384237379038159,100.0,101.0,-1.4596819970015218,-19.719093474607064
0.08,0.09782851070247159,1.0,7.0,144.60871469982047,130.44828849089
0.08,0.09782851070247159,5.0,14.0,57.08618013297164,40.799513877555285
0.08,0.09782851070247159,20.0,29.0,52.64685244628251,37.42694419684299
0.08,0.09782851070247159,100.0,101.0,27.519222685380402,10.157629056252013
0.12,0.14612481907178942,1.0,7.0,218.2687817050201,202.13045090382226
0.12,0.14612481907178942,5.0,15.0,85.7970564295322,70.18894855867569
0.12,0.14612481907178942,20.0,30.0,98.4534790212894,80.98135180308778
0.12,0.14612481907178942,100.0,102.0,35.44803351339772,18.551763376550273
0.18,0.22494738147630133,1.0,6.0,262.5167965642163,246.38828925837683
0.18,0.22494738147630133,5.0,16.0,261.8855057099181,242.45743506395246
0.18,0.22494738147630133,20.0,31.0,136.90127538427924,117.49227534976765
0.18,0.22494738147630133,100.0,101.0,59.449064269914416,41.758118284535236
0.25,0.3258766881733513,1.0,5.0,671.7677518445539,642.8616098364312
0.25,0.3258766881733513,5.0,15.0,280.74961341404,259.55377752628965
0.25,0.3258766881733513,20.0,30.0,188.48996132890304,168.57170156589575
0.25,0.3258766881733513,100.0,99.0,91.14636830062818,74.01131059348431
0.4,0.5612044206733751,1.0,2.0,1215.7145970493432,1157.856809275403
0.4,0.5612044206733751,5.0,8.0,781.0759021963622,759.9762664779335
0.4,0.5612044206733751,20.0,24.0,274.09351869835183,257.21416794694414
0.4,0.5612044206733751,100.0,101.0,104.07376993336959,86.16154972649062
0.6,0.8339865178189098,1.0,3.0,1246.4688134345206,1202.652467355044
0.6,0.8339865178189098,5.0,5.0,1018.0175000686817,995.3843302070475
0.6,0.8339865178189098,20.0,24.0,409.43805424985544,390.11547160041954
0.6,0.8339865178189098,100.0,107.0,158.24387365699369,138.87013883164724
1.0,0.9999999999999997,1.0,2.0,1306.3681451917646,1288.6509953395775
1.0,0.9999999999999997,5.0,6.0,977.9369022772304,954.0632277701842
1.0,0.9999999999999997,20.0,18.0,492.94544083678,474.5362253442828
1.0,0.9999999999999997,100.0,116.0,193.31788864848363,172.75095371733948
