symbol,horizon,move_sd_bp,order_accepted,source,columns,linear_ic,incremental_ic,mutual_information,best_column,best_column_ic
BICOUSDT,2min,40.31460466264054,1,touch,10,0.02600124532866728,0.02600124532866728,0.1531685162481624,queue_imbalance,0.02234213266357885
BICOUSDT,2min,40.31460466264054,2,cross,21,0.010685415563501147,-0.017400951719502667,0.06341785776631959,index_return_120,0.0458176669817965
BICOUSDT,2min,40.31460466264054,3,depth,13,0.016348632235905373,0.016014363555670506,0.06281863990188508,impact_imbalance_bp,0.034839336652315374
BICOUSDT,2min,40.31460466264054,4,calendar,3,-0.0024875901459998637,-0.00842398785371516,0.0236470219328917,weekday,0.013135288262080585
BICOUSDT,2min,40.31460466264054,5,flow,11,-0.00929018540937356,-0.005034530765076619,0.1581663530372137,flow_imbalance_24,0.021135350007640052
BICOUSDT,1h,195.1548018818129,1,touch,10,0.058577984335708065,0.058577984335708065,0.18512756589935675,quote_intensity_20,0.05614620103362381
BICOUSDT,1h,195.1548018818129,2,calendar,3,-0.048252774246569805,-0.05681544067423903,0.018767403109787084,weekday,0.07594618620127967
BICOUSDT,1h,195.1548018818129,3,cross,21,-0.029015007485312046,-0.03647298568458431,0.04494511734262119,leader_return_120,0.06315854450931302
BICOUSDT,1h,195.1548018818129,4,depth,13,-0.0034788804854531522,-0.02429640338323463,0.055575824409439534,log_visible_depth,0.07374269569254753
BICOUSDT,1h,195.1548018818129,5,flow,11,0.051851676497114675,0.0010893184902679076,0.17710569802758913,trade_intensity_120,0.06520908193430922
BICOUSDT,1day,665.0881509290122,1,depth,13,0.05125203776931118,0.05125203776931118,,book_span_bp,0.07109849005942658
BICOUSDT,1day,665.0881509290122,2,touch,10,-0.030857149372716036,-0.0699415147689669,,ret120,0.03702530584213507
BICOUSDT,1day,665.0881509290122,3,calendar,3,-0.03570629673751692,-0.03352826342156119,,weekday,0.04700809979671309
BICOUSDT,1day,665.0881509290122,4,flow,11,-0.00010057043925876222,-0.006604411606262905,,trade_concentration,0.038207975527259075
BICOUSDT,1day,665.0881509290122,5,cross,21,-0.011621443315085208,0.005244454878898441,,beta_to_leader,0.054617377933663225
