symbol,model,hold,schedule,windows,trades,hit_rate,gross_per_trade_bp,net_per_trade_bp,net_bp
XRPUSDT,xgboost,24,TEST train7/apply7/step7,3.0,223.0,0.5515695067264574,7.444193423842286,-5.301976316091595,-1182.3407184884259
XRPUSDT,xgboost,24,train7/apply7/step7,3.0,327.0,0.5504587155963303,1.6576425915991138,-11.112482174803684,-3633.7816711608048
XRPUSDT,xgboost,48,train21/apply3/step3,4.0,68.0,0.5147058823529411,1.3851912198939937,-11.2903716395876,-767.7452714919567
XRPUSDT,xgboost,24,train3/apply3/step3,8.0,1642.0,0.48599269183922045,1.2863683374136563,-11.516177449816482,-18909.563372598663
XRPUSDT,xgboost,24,train3/apply1/step1,24.0,904.0,0.504424778761062,1.2157307523588714,-11.591839079609224,-10479.02252796674
XRPUSDT,xgboost,24,train7/apply3/step3,8.0,756.0,0.49603174603174605,1.013441955616259,-11.770216950043919,-8898.284014233202
XRPUSDT,xgboost,48,train3/apply3/step3,8.0,1088.0,0.484375,0.9958959688095841,-11.82257235670856,-12862.958724098913
XRPUSDT,xgboost,6,train3/apply1/step1,24.0,1718.0,0.510477299185099,1.0146932998409866,-11.822591727149565,-20311.212587242953
XRPUSDT,xgboost,48,train3/apply1/step1,24.0,694.0,0.5057636887608069,0.951763276114249,-11.850189722736864,-8224.031667579384
XRPUSDT,xgboost,24,train3/apply7/step7,3.0,2371.0,0.48882328131590047,0.8583840369529748,-11.894426147407854,-28201.684395504024
XRPUSDT,xgboost,12,train3/apply1/step1,24.0,1238.0,0.5048465266558966,0.8223544467578189,-11.97782563786607,-14828.548139678194
XRPUSDT,xgboost,12,train7/apply3/step3,8.0,1163.0,0.4995700773860705,0.796457550067053,-11.98612838315184,-13939.86730960559
XRPUSDT,xgboost,12,train3/apply3/step3,8.0,2537.0,0.5080804099329918,0.7726279449796217,-12.017185365281058,-30487.599271718045
XRPUSDT,xgboost,12,train7/apply1/step1,24.0,574.0,0.5,0.7818932514470792,-12.060196294620821,-6922.552673112352
XRPUSDT,xgboost,6,train3/apply3/step3,8.0,3977.0,0.5044003017349761,0.5348331840719863,-12.25086910347838,-48721.70642453351
XRPUSDT,xgboost,6,train3/apply7/step7,3.0,5209.0,0.49376079861777694,0.39020991804745525,-12.354884069701459,-64356.5911190749
XRPUSDT,xgboost,12,train3/apply7/step7,3.0,3494.0,0.48797939324556383,0.3614424420968658,-12.385027572681064,-43273.28633894764
XRPUSDT,xgboost,48,train3/apply7/step7,3.0,1602.0,0.4700374531835206,0.30697757063271675,-12.46289696155814,-19965.56093241614
XRPUSDT,xgboost,6,train7/apply3/step3,8.0,1806.0,0.5011074197120708,0.2541837222055315,-12.534335394116388,-22637.009721774197
XRPUSDT,xgboost,48,train7/apply7/step7,3.0,230.0,0.5260869565217391,0.18352796037037597,-12.571194946148422,-2891.374837614137
