strategy,symbol,day,cell,status,excluded,flags,net,making,spread,adverse,inventory,fees,funding,fills,fills_queue,fills_through,flattens,max_abs_position,maker_turnover,taker_turnover,clip_over_touch,quoter_attempt_net_bp_sum,quoter_attempt_net_sum,quoter_attempts,quoter_attempts_filled,quoter_attempts_logged,quoter_entries_filled,quoter_exits_crossed,quoter_exits_done,quoter_expired_unseen,quoter_skipped_busy
S1,BICOUSDT,2024-02-01,skew_bp=2/k=0.5/min_edge_bp=4/soft_limit_clips=6,ok,False,,-0.6404195016852974,-0.03548356932522989,0.6568794214638513,-0.5447864429452461,-0.6147259478600676,0.147576547843835,0.009790015500000002,43.0,21.0,21.0,1.0,317.70000000000005,610.2034716142629,46.428824583604424,0.0846854468269448,,,,,,,,,,
S1,BICOUSDT,2024-02-02,skew_bp=2/k=0.5/min_edge_bp=4/soft_limit_clips=6,ok,False,,0.7628558003623586,-0.1373215505586609,0.560229730424358,-0.5626421058340102,0.9088711879210195,0.1349091751490087,-0.008693837000000001,34.0,12.0,21.0,1.0,245.79999999999998,579.4267785831717,34.58876260431704,0.0718379517036465,,,,,,,,,,
S1,BICOUSDT,2024-02-03,skew_bp=2/k=0.5/min_edge_bp=4/soft_limit_clips=6,ok,False,,0.08946049448244792,0.011613779482449377,0.11342094099999878,-0.06277999999999939,0.07984999999999853,0.03902716151755001,-0.0020032850000000005,11.0,8.0,2.0,1.0,58.00000000000001,140.19031,19.980180941000008,0.06943660512852917,,,,,,,,,,
S1,BICOUSDT,2024-02-04,skew_bp=2/k=0.5/min_edge_bp=4/soft_limit_clips=6,ok,False,,1.604299611400378,0.05132723940037452,0.31208618249999365,-0.19430499999999415,1.5470050000000035,0.06645394309962498,0.005967372000000001,26.0,10.0,15.0,1.0,174.89999999999998,315.00889000000006,6.276663817499994,0.08257010631950276,,,,,,,,,,
S1,BICOUSDT,2024-02-05,skew_bp=2/k=0.5/min_edge_bp=4/soft_limit_clips=6,ok,False,,1.5953597588359867,-0.18050616188198576,0.8088640376561587,-0.8082365355280481,1.7782402597397045,0.18113366401009634,-0.0023743390217321136,42.0,21.0,20.0,1.0,363.1,707.3383965497451,72.11997218208595,0.07972999932843382,,,,,,,,,,
S1,BICOUSDT,2024-02-06,skew_bp=2/k=0.5/min_edge_bp=4/soft_limit_clips=6,ok,False,,-0.7279258456979686,-0.18337731419797926,0.5823408144999962,-0.6565250000000005,-0.5585899999999893,0.109193128697975,0.014041468500000001,33.0,13.0,19.0,1.0,297.6,498.98779,17.082855814500007,0.07824424756175778,,,,,,,,,,
S1,BICOUSDT,2024-02-07,skew_bp=2/k=0.5/min_edge_bp=4/soft_limit_clips=6,ok,False,,-1.0881046463492907,-0.2888762104763325,1.823535855185571,-1.8115413223089578,-0.8010888942173291,0.3008707433529456,0.0018604583443708608,132.0,54.0,77.0,1.0,191.35298013245034,1471.6901421081284,11.877663511490777,0.0876906919973606,,,,,,,,,,
S1,BICOUSDT,2024-02-08,skew_bp=2/k=0.5/min_edge_bp=4/soft_limit_clips=6,ok,False,,-1.3748486727662441,-0.3385173148197891,1.2157413946358437,-1.2979749513820658,-1.0387007658382739,0.25628375807356707,0.002369407891819007,120.0,52.0,67.0,1.0,263.57831495064255,1194.0006829808,31.788402686194573,0.08563429899860053,,,,,,,,,,
S1,BICOUSDT,2024-02-09,skew_bp=2/k=0.5/min_edge_bp=4/soft_limit_clips=6,ok,False,,-0.06594593639235408,0.080446083607641,2.304672923000015,-1.808145000000024,-0.13858499999999507,0.41608183939235005,-0.007807019999999998,134.0,43.0,90.0,1.0,263.9,1999.1659,29.54301707700003,0.09230256194453151,,,,,,,,,,
S1,BICOUSDT,2024-02-10,skew_bp=2/k=0.5/min_edge_bp=4/soft_limit_clips=6,ok,False,,1.3631881534464394,-0.4172075608035486,0.8520187337500024,-1.0823299999999885,1.780489999999988,0.18689629455356252,-9.428575000000063e-05,55.0,20.0,34.0,1.0,204.45000000000002,829.3670850000001,38.22341373375001,0.07989564299767678,,,,,,,,,,
S1,BICOUSDT,2024-02-11,skew_bp=2/k=0.5/min_edge_bp=4/soft_limit_clips=6,ok,False,,0.6365639480588402,-0.1579634569412033,0.6754210159999884,-0.6857799999999916,0.7828200000000435,0.14760447294120008,0.011707405000000004,53.0,9.0,43.0,1.0,259.1,678.1252500000003,21.780768984,0.0863148990300933,,,,,,,,,,
S1,BICOUSDT,2024-02-12,skew_bp=2/k=0.5/min_edge_bp=4/soft_limit_clips=6,ok,False,,0.4453231322162872,-0.1766689002837134,1.4577076660000032,-1.3360300000000167,0.6104200000000006,0.29834656628369993,0.011572032500000001,95.0,32.0,62.0,1.0,260.5,1345.2971400000001,53.249342334000005,0.09389491649761561,,,,,,,,,,
S1,BICOUSDT,2024-02-13,skew_bp=2/k=0.5/min_edge_bp=4/soft_limit_clips=6,ok,False,,-0.369064596131962,-0.2174689854711614,1.6880155069999963,-1.6129000000000075,-0.1418700000000006,0.2925844924711501,-0.0097256106608,103.0,34.0,68.0,1.0,312.5,1327.3685699999999,49.29232449300001,0.09146550346135748,,,,,,,,,,
S1,BICOUSDT,2024-02-14,skew_bp=2/k=0.5/min_edge_bp=4/soft_limit_clips=6,ok,False,,0.36814026318408405,-0.7639045363159358,1.5368814834999907,-2.0091700000000015,1.1345000000000198,0.291616019815925,-0.0024552004999999952,92.0,22.0,69.0,1.0,260.00000000000006,1381.71551,27.768941483499955,0.08972169109461099,,,,,,,,,,
S1,BICOUSDT,2024-02-15,skew_bp=2/k=0.5/min_edge_bp=4/soft_limit_clips=6,ok,False,,1.103178253597008,0.028440555286609187,0.991715842499989,-0.7607050000000047,1.1190649999999986,0.20257028721337508,-0.04432730168959997,79.0,18.0,60.0,1.0,181.5999999999999,890.5288899999999,44.480925842499964,0.09342249518442017,,,,,,,,,,
S1,BICOUSDT,2024-02-16,skew_bp=2/k=0.5/min_edge_bp=4/soft_limit_clips=6,ok,False,,-1.6318403324153088,-0.7418962101518852,1.828776087499993,-2.2470450000000035,-0.8591450000000234,0.3236272976518747,-0.03079912226340001,140.0,36.0,103.0,1.0,234.5,1562.9185400000006,20.079253912499954,0.093175639081579,,,,,,,,,,
S1,BICOUSDT,2024-02-17,skew_bp=2/k=0.5/min_edge_bp=4/soft_limit_clips=6,ok,False,,3.6650061999301378,-1.0112837888351585,1.7536116466445122,-2.431138423134718,4.673386264892402,0.3337570123449525,0.0029037238728937573,128.0,31.0,95.0,2.0,314.20000000000005,1569.61714520539,36.061060552499356,0.09330569554549752,,,,,,,,,,
S1,BICOUSDT,2024-02-18,skew_bp=2/k=0.5/min_edge_bp=4/soft_limit_clips=6,ok,False,,0.460118782449782,-0.2826470540582072,1.870296923999986,-1.7978699999999932,0.7633349999999892,0.35507397805820007,-0.02056916349200002,148.0,39.0,108.0,1.0,218.30000000000004,1646.782140000001,46.759181924,0.09642406779914117,,,,,,,,,,
S1,BICOUSDT,2024-02-19,skew_bp=2/k=0.5/min_edge_bp=4/soft_limit_clips=6,ok,False,,-0.29624720852204306,-0.1952063192199852,2.1493498941176554,-1.9777652941176407,-0.08160500000005788,0.36679091921999996,-0.019435889301999968,170.0,35.0,134.0,1.0,212.69999999999993,1824.0321,3.608180400000064,0.09443232050373997,,,,,,,,,,
S1,BICOUSDT,2024-02-20,skew_bp=2/k=0.5/min_edge_bp=4/soft_limit_clips=6,ok,False,,-0.5656266397115611,-0.21160487884010182,1.8018419820000013,-1.743185000000003,-0.35292999999995933,0.27026186084010007,-0.0010917608715000117,137.0,40.0,96.0,1.0,188.10000000000014,1335.1941199999999,5.860066982000008,0.09887280909605198,,,,,,,,,,
S1,BICOUSDT,2024-02-21,skew_bp=2/k=0.5/min_edge_bp=4/soft_limit_clips=6,ok,False,,-4.275838961237494,0.5323091374525417,2.019895137773518,-1.1222168220496531,-4.798258781598036,0.36536917827132315,-0.009889317092,131.0,41.0,89.0,1.0,266.8,1793.8969656032023,11.981427546695969,0.08983274777460999,,,,,,,,,,
S1,BICOUSDT,2024-02-22,skew_bp=2/k=0.5/min_edge_bp=4/soft_limit_clips=6,ok,False,,3.1002725889004625,0.06047934183914405,2.7920967523319584,-2.2652606513370968,3.030182840540201,0.4663567591557176,0.009610406521117701,163.0,47.0,115.0,1.0,235.61475121686942,2324.248328415414,2.7401699502453707,0.09361988454236021,,,,,,,,,,
S1,BICOUSDT,2024-02-23,skew_bp=2/k=0.5/min_edge_bp=4/soft_limit_clips=6,ok,False,,-0.4960583492917696,-0.36953008755002287,1.303120421597592,-1.4603271471184973,-0.13311214711850883,0.21232336202911756,0.006583885376762145,92.0,20.0,71.0,1.0,199.60613462431496,983.6839331169454,28.339228010415315,0.09701842842880055,,,,,,,,,,
S1,BICOUSDT,2024-02-24,skew_bp=2/k=0.5/min_edge_bp=4/soft_limit_clips=6,ok,False,,-1.7996190404360568,-1.0692183690502302,1.6601862682979291,-2.425031747469341,-0.6725205247715862,0.30437288987881855,-0.05788014661424047,100.0,25.0,74.0,1.0,277.86747469344124,1421.2791767688664,36.57646277280965,0.0975505988022426,,,,,,,,,,
S1,BICOUSDT,2024-02-25,skew_bp=2/k=0.5/min_edge_bp=4/soft_limit_clips=6,ok,False,,0.5778297667856196,-0.9995425885750069,2.2287064999999964,-2.8676750000000033,1.5665150000000265,0.3605740885749999,0.010857355360599993,128.0,34.0,93.0,1.0,262.3,1736.1312800000003,24.26878650000001,0.09117665061512702,,,,,,,,,,
S2,BICOUSDT,2024-02-01,skew_bp=2/k=0.5/min_edge_bp=4/soft_limit_clips=6/m_ticks=3,ok,False,,-0.6404195016852974,-0.03548356932522989,0.6568794214638513,-0.5447864429452461,-0.6147259478600676,0.147576547843835,0.009790015500000002,43.0,21.0,21.0,1.0,317.70000000000005,610.2034716142629,46.428824583604424,0.0846854468269448,,,,,,,,,,
S2,BICOUSDT,2024-02-02,skew_bp=2/k=0.5/min_edge_bp=4/soft_limit_clips=6/m_ticks=3,ok,False,,0.7628558003623586,-0.1373215505586609,0.560229730424358,-0.5626421058340102,0.9088711879210195,0.1349091751490087,-0.008693837000000001,34.0,12.0,21.0,1.0,245.79999999999998,579.4267785831717,34.58876260431704,0.0718379517036465,,,,,,,,,,
S2,BICOUSDT,2024-02-03,skew_bp=2/k=0.5/min_edge_bp=4/soft_limit_clips=6/m_ticks=3,ok,False,,0.08946049448244792,0.011613779482449377,0.11342094099999878,-0.06277999999999939,0.07984999999999853,0.03902716151755001,-0.0020032850000000005,11.0,8.0,2.0,1.0,58.00000000000001,140.19031,19.980180941000008,0.06943660512852917,,,,,,,,,,
S2,BICOUSDT,2024-02-04,skew_bp=2/k=0.5/min_edge_bp=4/soft_limit_clips=6/m_ticks=3,ok,False,,1.604299611400378,0.05132723940037452,0.31208618249999365,-0.19430499999999415,1.5470050000000035,0.06645394309962498,0.005967372000000001,26.0,10.0,15.0,1.0,174.89999999999998,315.00889000000006,6.276663817499994,0.08257010631950276,,,,,,,,,,
S2,BICOUSDT,2024-02-05,skew_bp=2/k=0.5/min_edge_bp=4/soft_limit_clips=6/m_ticks=3,ok,False,,1.5953597588359867,-0.18050616188198576,0.8088640376561587,-0.8082365355280481,1.7782402597397045,0.18113366401009634,-0.0023743390217321136,42.0,21.0,20.0,1.0,363.1,707.3383965497451,72.11997218208595,0.07972999932843382,,,,,,,,,,
S2,BICOUSDT,2024-02-06,skew_bp=2/k=0.5/min_edge_bp=4/soft_limit_clips=6/m_ticks=3,ok,False,,-0.7279258456979686,-0.18337731419797926,0.5823408144999962,-0.6565250000000005,-0.5585899999999893,0.109193128697975,0.014041468500000001,33.0,13.0,19.0,1.0,297.6,498.98779,17.082855814500007,0.07824424756175778,,,,,,,,,,
S2,BICOUSDT,2024-02-07,skew_bp=2/k=0.5/min_edge_bp=4/soft_limit_clips=6/m_ticks=3,ok,False,,-1.0881046463492907,-0.2888762104763325,1.823535855185571,-1.8115413223089578,-0.8010888942173291,0.3008707433529456,0.0018604583443708608,132.0,54.0,77.0,1.0,191.35298013245034,1471.6901421081284,11.877663511490777,0.0876906919973606,,,,,,,,,,
S2,BICOUSDT,2024-02-08,skew_bp=2/k=0.5/min_edge_bp=4/soft_limit_clips=6/m_ticks=3,ok,False,,-1.376569016766243,-0.340237658819789,1.2140213946358438,-1.2979749513820658,-1.038700765838273,0.25628410207356705,0.002369407891819007,120.0,51.0,68.0,1.0,263.57831495064255,1194.0024029808,31.788402686194573,0.08563429899860053,,,,,,,,,,
S2,BICOUSDT,2024-02-09,skew_bp=2/k=0.5/min_edge_bp=4/soft_limit_clips=6/m_ticks=3,ok,False,,-0.06594593639235408,0.080446083607641,2.304672923000015,-1.808145000000024,-0.13858499999999507,0.41608183939235005,-0.007807019999999998,134.0,43.0,90.0,1.0,263.9,1999.1659,29.54301707700003,0.09230256194453151,,,,,,,,,,
S2,BICOUSDT,2024-02-10,skew_bp=2/k=0.5/min_edge_bp=4/soft_limit_clips=6/m_ticks=3,ok,False,,1.3631881534464394,-0.4172075608035486,0.8520187337500024,-1.0823299999999885,1.780489999999988,0.18689629455356252,-9.428575000000063e-05,55.0,20.0,34.0,1.0,204.45000000000002,829.3670850000001,38.22341373375001,0.07989564299767678,,,,,,,,,,
S2,BICOUSDT,2024-02-11,skew_bp=2/k=0.5/min_edge_bp=4/soft_limit_clips=6/m_ticks=3,ok,False,,0.6365639480588402,-0.1579634569412033,0.6754210159999884,-0.6857799999999916,0.7828200000000435,0.14760447294120008,0.011707405000000004,53.0,9.0,43.0,1.0,259.1,678.1252500000003,21.780768984,0.0863148990300933,,,,,,,,,,
S2,BICOUSDT,2024-02-12,skew_bp=2/k=0.5/min_edge_bp=4/soft_limit_clips=6/m_ticks=3,ok,False,,0.4453231322162872,-0.1766689002837134,1.4577076660000032,-1.3360300000000167,0.6104200000000006,0.29834656628369993,0.011572032500000001,95.0,32.0,62.0,1.0,260.5,1345.2971400000001,53.249342334000005,0.09389491649761561,,,,,,,,,,
S2,BICOUSDT,2024-02-13,skew_bp=2/k=0.5/min_edge_bp=4/soft_limit_clips=6/m_ticks=3,ok,False,,-0.369064596131962,-0.2174689854711614,1.6880155069999963,-1.6129000000000075,-0.1418700000000006,0.2925844924711501,-0.0097256106608,103.0,34.0,68.0,1.0,312.5,1327.3685699999999,49.29232449300001,0.09146550346135748,,,,,,,,,,
S2,BICOUSDT,2024-02-14,skew_bp=2/k=0.5/min_edge_bp=4/soft_limit_clips=6/m_ticks=3,ok,False,,0.3634512011840733,-0.7685935983159379,1.5321914834999886,-2.0091700000000015,1.1345000000000112,0.291615081815925,-0.0024552004999999952,92.0,23.0,68.0,1.0,260.00000000000006,1381.7108199999998,27.768941483499955,0.08972169109461099,,,,,,,,,,
S2,BICOUSDT,2024-02-15,skew_bp=2/k=0.5/min_edge_bp=4/soft_limit_clips=6/m_ticks=3,ok,False,,1.103178253597008,0.028440555286609187,0.991715842499989,-0.7607050000000047,1.1190649999999986,0.20257028721337508,-0.04432730168959997,79.0,18.0,60.0,1.0,181.5999999999999,890.5288899999999,44.480925842499964,0.09342249518442017,,,,,,,,,,
S2,BICOUSDT,2024-02-16,skew_bp=2/k=0.5/min_edge_bp=4/soft_limit_clips=6/m_ticks=3,ok,False,,-1.5597479585136687,-0.7068534717907242,1.86447760331077,-2.238640822241658,-0.8214878918071244,0.3326902528598361,-0.03140659491582018,144.0,36.0,107.0,1.0,240.77960498145146,1599.8871464316278,23.114224679110766,0.093175639081579,,,,,,,,,,
S2,BICOUSDT,2024-02-17,skew_bp=2/k=0.5/min_edge_bp=4/soft_limit_clips=6/m_ticks=3,ok,False,,3.660237153930144,-1.016052834835158,1.7488416466445127,-2.431138423134718,4.673386264892408,0.3337560583449525,0.0029037238728937573,128.0,32.0,94.0,2.0,314.20000000000005,1569.61237520539,36.061060552499356,0.09330569554549752,,,,,,,,,,
S2,BICOUSDT,2024-02-18,skew_bp=2/k=0.5/min_edge_bp=4/soft_limit_clips=6/m_ticks=3,ok,False,,0.19893346521551908,-0.25673924961578404,1.8655123108275782,-1.768772758620683,0.4730800000000204,0.35347880182267927,-0.01740728516871727,150.0,41.0,108.0,1.0,204.35172413793114,1631.810642758622,49.30304231082764,0.09642406779914117,,,,,,,,,,
S2,BICOUSDT,2024-02-19,skew_bp=2/k=0.5/min_edge_bp=4/soft_limit_clips=6/m_ticks=3,ok,False,,-0.29624720852204306,-0.1952063192199852,2.1493498941176554,-1.9777652941176407,-0.08160500000005788,0.36679091921999996,-0.019435889301999968,170.0,35.0,134.0,1.0,212.69999999999993,1824.0321,3.608180400000064,0.09443232050373997,,,,,,,,,,
S2,BICOUSDT,2024-02-20,skew_bp=2/k=0.5/min_edge_bp=4/soft_limit_clips=6/m_ticks=3,ok,False,,-0.5673769897115624,-0.21335522884010172,1.8000919820000014,-1.743185000000003,-0.35292999999996066,0.27026221084010005,-0.0010917608715000117,137.0,40.0,96.0,1.0,188.10000000000014,1335.19587,5.860066982000008,0.09887280909605198,,,,,,,,,,
S2,BICOUSDT,2024-02-21,skew_bp=2/k=0.5/min_edge_bp=4/soft_limit_clips=6/m_ticks=3,ok,False,,-4.275838961237494,0.5323091374525417,2.019895137773518,-1.1222168220496531,-4.798258781598036,0.36536917827132315,-0.009889317092,131.0,41.0,89.0,1.0,266.8,1793.8969656032023,11.981427546695969,0.08983274777460999,,,,,,,,,,
S2,BICOUSDT,2024-02-22,skew_bp=2/k=0.5/min_edge_bp=4/soft_limit_clips=6/m_ticks=3,ok,False,,3.1002725889004625,0.06047934183914405,2.7920967523319584,-2.2652606513370968,3.030182840540201,0.4663567591557176,0.009610406521117701,163.0,47.0,115.0,1.0,235.61475121686942,2324.248328415414,2.7401699502453707,0.09361988454236021,,,,,,,,,,
S2,BICOUSDT,2024-02-23,skew_bp=2/k=0.5/min_edge_bp=4/soft_limit_clips=6/m_ticks=3,ok,False,,-0.4960583492917696,-0.36953008755002287,1.303120421597592,-1.4603271471184973,-0.13311214711850883,0.21232336202911756,0.006583885376762145,92.0,20.0,71.0,1.0,199.60613462431496,983.6839331169454,28.339228010415315,0.09701842842880055,,,,,,,,,,
S2,BICOUSDT,2024-02-24,skew_bp=2/k=0.5/min_edge_bp=4/soft_limit_clips=6/m_ticks=3,ok,False,,-1.8379158012926085,-1.0466734937707298,1.6574449582979298,-2.400331747469341,-0.7330505247716381,0.30378670459931856,-0.058191782750240464,99.0,25.0,73.0,1.0,277.86747469344124,1420.4763067688664,35.80262408280965,0.0975505988022426,,,,,,,,,,
S2,BICOUSDT,2024-02-25,skew_bp=2/k=0.5/min_edge_bp=4/soft_limit_clips=6/m_ticks=3,ok,False,,0.5473128683652494,-0.988209486995333,2.2501949914999932,-2.8839500000000013,1.5246649999999824,0.35445447849532485,0.010857355360599993,129.0,37.0,91.0,1.0,262.3,1753.5728600000004,6.799829991500017,0.09117665061512702,,,,,,,,,,
S2-twin,BICOUSDT,2024-02-01,S2-twin,ok,False,,-0.6404195016852974,-0.03548356932522989,0.6568794214638513,-0.5447864429452461,-0.6147259478600676,0.147576547843835,0.009790015500000002,43.0,21.0,21.0,1.0,317.70000000000005,610.2034716142629,46.428824583604424,0.0846854468269448,,,,,,,,,,
S2-twin,BICOUSDT,2024-02-02,S2-twin,ok,False,,0.7628558003623586,-0.1373215505586609,0.560229730424358,-0.5626421058340102,0.9088711879210195,0.1349091751490087,-0.008693837000000001,34.0,12.0,21.0,1.0,245.79999999999998,579.4267785831717,34.58876260431704,0.0718379517036465,,,,,,,,,,
S2-twin,BICOUSDT,2024-02-03,S2-twin,ok,False,,0.08946049448244792,0.011613779482449377,0.11342094099999878,-0.06277999999999939,0.07984999999999853,0.03902716151755001,-0.0020032850000000005,11.0,8.0,2.0,1.0,58.00000000000001,140.19031,19.980180941000008,0.06943660512852917,,,,,,,,,,
S2-twin,BICOUSDT,2024-02-04,S2-twin,ok,False,,1.604299611400378,0.05132723940037452,0.31208618249999365,-0.19430499999999415,1.5470050000000035,0.06645394309962498,0.005967372000000001,26.0,10.0,15.0,1.0,174.89999999999998,315.00889000000006,6.276663817499994,0.08257010631950276,,,,,,,,,,
S2-twin,BICOUSDT,2024-02-05,S2-twin,ok,False,,1.5953597588359867,-0.18050616188198576,0.8088640376561587,-0.8082365355280481,1.7782402597397045,0.18113366401009634,-0.0023743390217321136,42.0,21.0,20.0,1.0,363.1,707.3383965497451,72.11997218208595,0.07972999932843382,,,,,,,,,,
S2-twin,BICOUSDT,2024-02-06,S2-twin,ok,False,,-0.7279258456979686,-0.18337731419797926,0.5823408144999962,-0.6565250000000005,-0.5585899999999893,0.109193128697975,0.014041468500000001,33.0,13.0,19.0,1.0,297.6,498.98779,17.082855814500007,0.07824424756175778,,,,,,,,,,
S2-twin,BICOUSDT,2024-02-07,S2-twin,ok,False,,-1.0881046463492907,-0.2888762104763325,1.823535855185571,-1.8115413223089578,-0.8010888942173291,0.3008707433529456,0.0018604583443708608,132.0,54.0,77.0,1.0,191.35298013245034,1471.6901421081284,11.877663511490777,0.0876906919973606,,,,,,,,,,
S2-twin,BICOUSDT,2024-02-08,S2-twin,ok,False,,-1.3748486727662441,-0.3385173148197891,1.2157413946358437,-1.2979749513820658,-1.0387007658382739,0.25628375807356707,0.002369407891819007,120.0,52.0,67.0,1.0,263.57831495064255,1194.0006829808,31.788402686194573,0.08563429899860053,,,,,,,,,,
S2-twin,BICOUSDT,2024-02-09,S2-twin,ok,False,,-0.06594593639235408,0.080446083607641,2.304672923000015,-1.808145000000024,-0.13858499999999507,0.41608183939235005,-0.007807019999999998,134.0,43.0,90.0,1.0,263.9,1999.1659,29.54301707700003,0.09230256194453151,,,,,,,,,,
S2-twin,BICOUSDT,2024-02-10,S2-twin,ok,False,,1.3631881534464394,-0.4172075608035486,0.8520187337500024,-1.0823299999999885,1.780489999999988,0.18689629455356252,-9.428575000000063e-05,55.0,20.0,34.0,1.0,204.45000000000002,829.3670850000001,38.22341373375001,0.07989564299767678,,,,,,,,,,
S2-twin,BICOUSDT,2024-02-11,S2-twin,ok,False,,0.6365639480588402,-0.1579634569412033,0.6754210159999884,-0.6857799999999916,0.7828200000000435,0.14760447294120008,0.011707405000000004,53.0,9.0,43.0,1.0,259.1,678.1252500000003,21.780768984,0.0863148990300933,,,,,,,,,,
S2-twin,BICOUSDT,2024-02-12,S2-twin,ok,False,,0.4453231322162872,-0.1766689002837134,1.4577076660000032,-1.3360300000000167,0.6104200000000006,0.29834656628369993,0.011572032500000001,95.0,32.0,62.0,1.0,260.5,1345.2971400000001,53.249342334000005,0.09389491649761561,,,,,,,,,,
S2-twin,BICOUSDT,2024-02-13,S2-twin,ok,False,,-0.369064596131962,-0.2174689854711614,1.6880155069999963,-1.6129000000000075,-0.1418700000000006,0.2925844924711501,-0.0097256106608,103.0,34.0,68.0,1.0,312.5,1327.3685699999999,49.29232449300001,0.09146550346135748,,,,,,,,,,
S2-twin,BICOUSDT,2024-02-14,S2-twin,ok,False,,0.36814026318408405,-0.7639045363159358,1.5368814834999907,-2.0091700000000015,1.1345000000000198,0.291616019815925,-0.0024552004999999952,92.0,22.0,69.0,1.0,260.00000000000006,1381.71551,27.768941483499955,0.08972169109461099,,,,,,,,,,
S2-twin,BICOUSDT,2024-02-15,S2-twin,ok,False,,1.103178253597008,0.028440555286609187,0.991715842499989,-0.7607050000000047,1.1190649999999986,0.20257028721337508,-0.04432730168959997,79.0,18.0,60.0,1.0,181.5999999999999,890.5288899999999,44.480925842499964,0.09342249518442017,,,,,,,,,,
S2-twin,BICOUSDT,2024-02-16,S2-twin,ok,False,,-1.6318403324153088,-0.7418962101518852,1.828776087499993,-2.2470450000000035,-0.8591450000000234,0.3236272976518747,-0.03079912226340001,140.0,36.0,103.0,1.0,234.5,1562.9185400000006,20.079253912499954,0.093175639081579,,,,,,,,,,
S2-twin,BICOUSDT,2024-02-17,S2-twin,ok,False,,3.6650061999301378,-1.0112837888351585,1.7536116466445122,-2.431138423134718,4.673386264892402,0.3337570123449525,0.0029037238728937573,128.0,31.0,95.0,2.0,314.20000000000005,1569.61714520539,36.061060552499356,0.09330569554549752,,,,,,,,,,
S2-twin,BICOUSDT,2024-02-18,S2-twin,ok,False,,0.460118782449782,-0.2826470540582072,1.870296923999986,-1.7978699999999932,0.7633349999999892,0.35507397805820007,-0.02056916349200002,148.0,39.0,108.0,1.0,218.30000000000004,1646.782140000001,46.759181924,0.09642406779914117,,,,,,,,,,
S2-twin,BICOUSDT,2024-02-19,S2-twin,ok,False,,-0.29624720852204306,-0.1952063192199852,2.1493498941176554,-1.9777652941176407,-0.08160500000005788,0.36679091921999996,-0.019435889301999968,170.0,35.0,134.0,1.0,212.69999999999993,1824.0321,3.608180400000064,0.09443232050373997,,,,,,,,,,
S2-twin,BICOUSDT,2024-02-20,S2-twin,ok,False,,-0.5656266397115611,-0.21160487884010182,1.8018419820000013,-1.743185000000003,-0.35292999999995933,0.27026186084010007,-0.0010917608715000117,137.0,40.0,96.0,1.0,188.10000000000014,1335.1941199999999,5.860066982000008,0.09887280909605198,,,,,,,,,,
S2-twin,BICOUSDT,2024-02-21,S2-twin,ok,False,,-4.275838961237494,0.5323091374525417,2.019895137773518,-1.1222168220496531,-4.798258781598036,0.36536917827132315,-0.009889317092,131.0,41.0,89.0,1.0,266.8,1793.8969656032023,11.981427546695969,0.08983274777460999,,,,,,,,,,
S2-twin,BICOUSDT,2024-02-22,S2-twin,ok,False,,3.1002725889004625,0.06047934183914405,2.7920967523319584,-2.2652606513370968,3.030182840540201,0.4663567591557176,0.009610406521117701,163.0,47.0,115.0,1.0,235.61475121686942,2324.248328415414,2.7401699502453707,0.09361988454236021,,,,,,,,,,
S2-twin,BICOUSDT,2024-02-23,S2-twin,ok,False,,-0.4960583492917696,-0.36953008755002287,1.303120421597592,-1.4603271471184973,-0.13311214711850883,0.21232336202911756,0.006583885376762145,92.0,20.0,71.0,1.0,199.60613462431496,983.6839331169454,28.339228010415315,0.09701842842880055,,,,,,,,,,
S2-twin,BICOUSDT,2024-02-24,S2-twin,ok,False,,-1.7996190404360568,-1.0692183690502302,1.6601862682979291,-2.425031747469341,-0.6725205247715862,0.30437288987881855,-0.05788014661424047,100.0,25.0,74.0,1.0,277.86747469344124,1421.2791767688664,36.57646277280965,0.0975505988022426,,,,,,,,,,
S2-twin,BICOUSDT,2024-02-25,S2-twin,ok,False,,0.5778297667856196,-0.9995425885750069,2.2287064999999964,-2.8676750000000033,1.5665150000000265,0.3605740885749999,0.010857355360599993,128.0,34.0,93.0,1.0,262.3,1736.1312800000003,24.26878650000001,0.09117665061512702,,,,,,,,,,
S3,BICOUSDT,2024-02-01,action=widen/guard_window_min=15,ok,False,,-0.7153613031299181,0.010781215730147509,0.6156077039638526,-0.465236442945245,-0.7359359478600657,0.13959004528846003,0.009793429000000003,41.0,20.0,20.0,1.0,317.70000000000005,570.1764916142629,46.46317630110443,0.0846854468269448,,,,,,,,,,
S3,BICOUSDT,2024-02-02,action=widen/guard_window_min=15,ok,False,,0.3278992246727468,-0.013392644291371394,0.4971042697037972,-0.4143850000000051,0.3519659099641182,0.09611191399516346,-0.010674041000000002,28.0,11.0,16.0,1.0,231.70000000000002,480.43076379197436,0.046838612306482626,0.0718379517036465,,,,,,,,,,
S3,BICOUSDT,2024-02-03,action=widen/guard_window_min=15,ok,False,,0.08946049448244792,0.011613779482449377,0.11342094099999878,-0.06277999999999939,0.07984999999999853,0.03902716151755001,-0.0020032850000000005,11.0,8.0,2.0,1.0,58.00000000000001,140.19031,19.980180941000008,0.06943660512852917,,,,,,,,,,
S3,BICOUSDT,2024-02-04,action=widen/guard_window_min=15,ok,False,,1.604299611400378,0.05132723940037452,0.31208618249999365,-0.19430499999999415,1.5470050000000035,0.06645394309962498,0.005967372000000001,26.0,10.0,15.0,1.0,174.89999999999998,315.00889000000006,6.276663817499994,0.08257010631950276,,,,,,,,,,
S3,BICOUSDT,2024-02-05,action=widen/guard_window_min=15,ok,False,,1.4462058212213673,-0.17884171949658242,0.799482465656159,-0.8051315355280451,1.6294202597396819,0.17319264962469635,-0.004372719021732114,39.0,17.0,21.0,1.0,363.1,667.2718465497452,72.25141875408595,0.07972999932843382,,,,,,,,,,
S3,BICOUSDT,2024-02-06,action=widen/guard_window_min=15,ok,False,,-1.0288878577248028,-0.2003466327248289,0.49265731849999594,-0.6034899999999999,-0.834654999999974,0.08951395122482499,0.006113775,30.0,11.0,18.0,1.0,298.5,438.89684000000005,3.153787681499989,0.07824424756175778,,,,,,,,,,
S3,BICOUSDT,2024-02-07,action=widen/guard_window_min=15,ok,False,,-1.2303941997275076,-0.24135088886112765,1.5183094602054334,-1.4953724812493565,-0.9896534968663797,0.2642878678172046,0.0006101859999999972,119.0,54.0,64.0,1.0,200.89999999999992,1257.5423464789894,23.23527003892121,0.0876906919973606,,,,,,,,,,
S3,BICOUSDT,2024-02-08,action=widen/guard_window_min=15,ok,False,,-1.0006928345439847,-0.5950685205787002,1.1567123199810192,-1.5030731837819944,-0.406247421843559,0.24870765677772497,0.0006231078782743228,112.0,46.0,65.0,1.0,256.905544173804,1156.343691013433,31.70712468188777,0.08563429899860053,,,,,,,,,,
S3,BICOUSDT,2024-02-09,action=widen/guard_window_min=15,ok,False,,0.25610793830911366,0.24790162730912918,1.9123146530000024,-1.3305500000000232,0.01481499999998448,0.33386302569084997,-0.006608689000000003,103.0,38.0,64.0,1.0,269.30000000000007,1559.8405699999998,39.80893034700003,0.09230256194453151,,,,,,,,,,
S3,BICOUSDT,2024-02-10,action=widen/guard_window_min=15,ok,False,,1.296095234498786,-0.5036581367512223,0.7585150022500053,-1.0692649999999901,1.8018550000000082,0.19290813900123754,-0.00210162875,50.0,20.0,29.0,1.0,205.35000000000002,749.2265850000002,78.29604000225002,0.07989564299767678,,,,,,,,,,
S3,BICOUSDT,2024-02-11,action=widen/guard_window_min=15,ok,False,,0.2769908140166432,-0.12693437698340182,0.6729782119999889,-0.6506099999999906,0.39084000000004504,0.1493025889834001,0.013085191000000005,55.0,12.0,42.0,1.0,282.00000000000006,673.8109700000001,26.437081788000008,0.0863148990300933,,,,,,,,,,
S3,BICOUSDT,2024-02-12,action=widen/guard_window_min=15,ok,False,,0.7569986092569977,-0.14122842324301343,1.4644377399999988,-1.3255650000000123,0.8866550000000111,0.28010116324299994,0.011572032500000001,92.0,30.0,61.0,1.0,260.5,1321.1775500000003,28.846642259999996,0.09389491649761561,,,,,,,,,,
S3,BICOUSDT,2024-02-13,action=widen/guard_window_min=15,ok,False,,-1.2244435469225352,-0.479015548879563,1.5202602189999896,-1.7239550000000026,-0.7390649999999723,0.27532076787955007,-0.006362998042999997,92.0,27.0,64.0,1.0,300.9,1214.9077999999997,58.79855978100002,0.09146550346135748,,,,,,,,,,
S3,BICOUSDT,2024-02-14,action=widen/guard_window_min=15,ok,False,,0.5031669954756398,-0.720964886524387,1.32205186249999,-1.7852650000000019,1.2263250000000268,0.25775174902437503,-0.002193117999999998,86.0,19.0,66.0,1.0,254.50000000000003,1219.0146699999998,25.361481862499975,0.08972169109461099,,,,,,,,,,
S3,BICOUSDT,2024-02-15,action=widen/guard_window_min=15,ok,False,,1.3047710853392354,-0.026968818865964667,0.9369120289999899,-0.7614400000000046,1.367125,0.20244084786595004,-0.03538509579479996,75.0,15.0,59.0,1.0,184.8999999999999,848.6990099999998,59.45644702899997,0.09342249518442017,,,,,,,,,,
S3,BICOUSDT,2024-02-16,action=widen/guard_window_min=15,ok,False,,-1.7757623303934624,-0.7953045136234299,1.7522038664999946,-2.2445749999999998,-0.9506900000000327,0.30293338012342474,-0.029767816770000007,128.0,34.0,93.0,1.0,238.20000000000002,1454.1015300000001,22.02377113349996,0.093175639081579,,,,,,,,,,
S3,BICOUSDT,2024-02-17,action=widen/guard_window_min=15,ok,False,,3.24604306863051,-0.8902238461347869,1.6718688291445067,-2.2414484231347163,4.132641264892403,0.32064425214457737,0.003625649872893757,116.0,29.0,85.0,2.0,314.30000000000007,1467.3215452053896,49.41807836999938,0.09330569554549752,,,,,,,,,,
S3,BICOUSDT,2024-02-18,action=widen/guard_window_min=15,ok,False,,0.9393356721341697,-0.28307235619939464,1.655409907999995,-1.6178949999999899,1.2427899999999643,0.32058726419939987,-0.020381971666400003,131.0,31.0,99.0,1.0,214.1,1478.3624900000007,45.299574908,0.09642406779914117,,,,,,,,,,
S3,BICOUSDT,2024-02-19,action=widen/guard_window_min=15,ok,False,,-0.49572197304921395,-0.1249199087613534,2.074037120055144,-1.8275906066176382,-0.34390562500004185,0.3713664221988594,-0.026896439287818694,166.0,42.0,123.0,1.0,189.5562499999998,1748.25054625,39.484205361562594,0.09443232050373997,,,,,,,,,,
S3,BICOUSDT,2024-02-20,action=widen/guard_window_min=15,ok,False,,0.030876965837130864,-0.1824130324228005,1.5431615040000037,-1.4848950000000043,0.21223999999993137,0.24067953642279993,0.0010499982599999833,117.0,30.0,86.0,1.0,180.60000000000005,1177.3540999999996,9.470393496000002,0.09887280909605198,,,,,,,,,,
S3,BICOUSDT,2024-02-21,action=widen/guard_window_min=15,ok,False,,-3.902081884075049,0.4652774150784126,1.758321494326008,-0.9857942186162687,-4.357738712642462,0.30724986063132664,-0.009620586511000003,110.0,39.0,70.0,1.0,272.1,1503.3825687953158,11.951539767751663,0.08983274777460999,,,,,,,,,,
S3,BICOUSDT,2024-02-22,action=widen/guard_window_min=15,ok,False,,2.7023660661223117,0.10527492739968608,2.687489660656098,-2.139439837074101,2.585948773661408,0.442774896182311,0.011142365061217713,156.0,52.0,103.0,1.0,230.19999999999993,2193.222888703352,7.509669893892045,0.09361988454236021,,,,,,,,,,
S3,BICOUSDT,2024-02-23,action=widen/guard_window_min=15,ok,False,,-0.1681884405608,-0.3129262473596201,1.308736893597594,-1.4180871471184966,0.13273285288150793,0.20357599383871755,0.01200495391731215,84.0,17.0,66.0,1.0,199.60613462431496,941.1279931169454,27.909809482415316,0.09701842842880055,,,,,,,,,,
S3,BICOUSDT,2024-02-24,action=widen/guard_window_min=15,ok,False,,-1.7909412211736087,-1.0918202042421563,1.62923046479793,-2.423276747469343,-0.6413655247716119,0.29777392157074356,-0.057755492159840466,98.0,25.0,72.0,1.0,277.86747469344124,1387.9651267688664,36.69253857630965,0.0975505988022426,,,,,,,,,,
S3,BICOUSDT,2024-02-25,action=widen/guard_window_min=15,ok,False,,1.0217056795679142,-0.9071261114692786,2.2725085804999976,-2.832270000000001,1.9193649999999929,0.34736469196927494,0.00946679103720001,126.0,37.0,88.0,1.0,271.4,1713.3715600000003,8.527963580499984,0.09117665061512702,,,,,,,,,,
S1-h2,BICOUSDT,2024-02-01,S1,ok,False,,-0.6404195016852974,-0.03548356932522989,0.6568794214638513,-0.5447864429452461,-0.6147259478600676,0.147576547843835,0.009790015500000002,43.0,21.0,21.0,1.0,317.70000000000005,610.2034716142629,46.428824583604424,0.0846854468269448,,,,,,,,,,
S1-h2,BICOUSDT,2024-02-02,S1,ok,False,,0.7628558003623586,-0.1373215505586609,0.560229730424358,-0.5626421058340102,0.9088711879210195,0.1349091751490087,-0.008693837000000001,34.0,12.0,21.0,1.0,245.79999999999998,579.4267785831717,34.58876260431704,0.0718379517036465,,,,,,,,,,
S1-h2,BICOUSDT,2024-02-03,S1,ok,False,,0.08946049448244792,0.011613779482449377,0.11342094099999878,-0.06277999999999939,0.07984999999999853,0.03902716151755001,-0.0020032850000000005,11.0,8.0,2.0,1.0,58.00000000000001,140.19031,19.980180941000008,0.06943660512852917,,,,,,,,,,
S1-h2,BICOUSDT,2024-02-04,S1,ok,False,,1.604299611400378,0.05132723940037452,0.31208618249999365,-0.19430499999999415,1.5470050000000035,0.06645394309962498,0.005967372000000001,26.0,10.0,15.0,1.0,174.89999999999998,315.00889000000006,6.276663817499994,0.08257010631950276,,,,,,,,,,
S1-h2,BICOUSDT,2024-02-05,S1,ok,False,,1.5953597588359867,-0.18050616188198576,0.8088640376561587,-0.8082365355280481,1.7782402597397045,0.18113366401009634,-0.0023743390217321136,42.0,21.0,20.0,1.0,363.1,707.3383965497451,72.11997218208595,0.07972999932843382,,,,,,,,,,
S1-h2,BICOUSDT,2024-02-06,S1,ok,False,,-0.7279258456979686,-0.18337731419797926,0.5823408144999962,-0.6565250000000005,-0.5585899999999893,0.109193128697975,0.014041468500000001,33.0,13.0,19.0,1.0,297.6,498.98779,17.082855814500007,0.07824424756175778,,,,,,,,,,
S1-h2,BICOUSDT,2024-02-07,S1,ok,False,,-1.0881046463492907,-0.2888762104763325,1.823535855185571,-1.8115413223089578,-0.8010888942173291,0.3008707433529456,0.0018604583443708608,132.0,54.0,77.0,1.0,191.35298013245034,1471.6901421081284,11.877663511490777,0.0876906919973606,,,,,,,,,,
S1-h2,BICOUSDT,2024-02-08,S1,ok,False,,-1.3748486727662441,-0.3385173148197891,1.2157413946358437,-1.2979749513820658,-1.0387007658382739,0.25628375807356707,0.002369407891819007,120.0,52.0,67.0,1.0,263.57831495064255,1194.0006829808,31.788402686194573,0.08563429899860053,,,,,,,,,,
S1-h2,BICOUSDT,2024-02-09,S1,ok,False,,-0.06594593639235408,0.080446083607641,2.304672923000015,-1.808145000000024,-0.13858499999999507,0.41608183939235005,-0.007807019999999998,134.0,43.0,90.0,1.0,263.9,1999.1659,29.54301707700003,0.09230256194453151,,,,,,,,,,
S1-h2,BICOUSDT,2024-02-10,S1,ok,False,,1.3631881534464394,-0.4172075608035486,0.8520187337500024,-1.0823299999999885,1.780489999999988,0.18689629455356252,-9.428575000000063e-05,55.0,20.0,34.0,1.0,204.45000000000002,829.3670850000001,38.22341373375001,0.07989564299767678,,,,,,,,,,
S1-h2,BICOUSDT,2024-02-11,S1,ok,False,,0.6365639480588402,-0.1579634569412033,0.6754210159999884,-0.6857799999999916,0.7828200000000435,0.14760447294120008,0.011707405000000004,53.0,9.0,43.0,1.0,259.1,678.1252500000003,21.780768984,0.0863148990300933,,,,,,,,,,
S1-h2,BICOUSDT,2024-02-12,S1,ok,False,,0.4453231322162872,-0.1766689002837134,1.4577076660000032,-1.3360300000000167,0.6104200000000006,0.29834656628369993,0.011572032500000001,95.0,32.0,62.0,1.0,260.5,1345.2971400000001,53.249342334000005,0.09389491649761561,,,,,,,,,,
S1-h2,BICOUSDT,2024-02-13,S1,ok,False,,-0.369064596131962,-0.2174689854711614,1.6880155069999963,-1.6129000000000075,-0.1418700000000006,0.2925844924711501,-0.0097256106608,103.0,34.0,68.0,1.0,312.5,1327.3685699999999,49.29232449300001,0.09146550346135748,,,,,,,,,,
S1-h2,BICOUSDT,2024-02-14,S1,ok,False,,0.36814026318408405,-0.7639045363159358,1.5368814834999907,-2.0091700000000015,1.1345000000000198,0.291616019815925,-0.0024552004999999952,92.0,22.0,69.0,1.0,260.00000000000006,1381.71551,27.768941483499955,0.08972169109461099,,,,,,,,,,
S1-h2,BICOUSDT,2024-02-15,S1,ok,False,,1.103178253597008,0.028440555286609187,0.991715842499989,-0.7607050000000047,1.1190649999999986,0.20257028721337508,-0.04432730168959997,79.0,18.0,60.0,1.0,181.5999999999999,890.5288899999999,44.480925842499964,0.09342249518442017,,,,,,,,,,
S1-h2,BICOUSDT,2024-02-16,S1,ok,False,,-1.6318403324153088,-0.7418962101518852,1.828776087499993,-2.2470450000000035,-0.8591450000000234,0.3236272976518747,-0.03079912226340001,140.0,36.0,103.0,1.0,234.5,1562.9185400000006,20.079253912499954,0.093175639081579,,,,,,,,,,
S1-h2,BICOUSDT,2024-02-17,S1,ok,False,,3.6650061999301378,-1.0112837888351585,1.7536116466445122,-2.431138423134718,4.673386264892402,0.3337570123449525,0.0029037238728937573,128.0,31.0,95.0,2.0,314.20000000000005,1569.61714520539,36.061060552499356,0.09330569554549752,,,,,,,,,,
S1-h2,BICOUSDT,2024-02-18,S1,ok,False,,0.460118782449782,-0.2826470540582072,1.870296923999986,-1.7978699999999932,0.7633349999999892,0.35507397805820007,-0.02056916349200002,148.0,39.0,108.0,1.0,218.30000000000004,1646.782140000001,46.759181924,0.09642406779914117,,,,,,,,,,
S1-h2,BICOUSDT,2024-02-19,S1,ok,False,,-0.29624720852204306,-0.1952063192199852,2.1493498941176554,-1.9777652941176407,-0.08160500000005788,0.36679091921999996,-0.019435889301999968,170.0,35.0,134.0,1.0,212.69999999999993,1824.0321,3.608180400000064,0.09443232050373997,,,,,,,,,,
S1-h2,BICOUSDT,2024-02-20,S1,ok,False,,-0.5656266397115611,-0.21160487884010182,1.8018419820000013,-1.743185000000003,-0.35292999999995933,0.27026186084010007,-0.0010917608715000117,137.0,40.0,96.0,1.0,188.10000000000014,1335.1941199999999,5.860066982000008,0.09887280909605198,,,,,,,,,,
S1-h2,BICOUSDT,2024-02-21,S1,ok,False,,-4.275838961237494,0.5323091374525417,2.019895137773518,-1.1222168220496531,-4.798258781598036,0.36536917827132315,-0.009889317092,131.0,41.0,89.0,1.0,266.8,1793.8969656032023,11.981427546695969,0.08983274777460999,,,,,,,,,,
S1-h2,BICOUSDT,2024-02-22,S1,ok,False,,3.1002725889004625,0.06047934183914405,2.7920967523319584,-2.2652606513370968,3.030182840540201,0.4663567591557176,0.009610406521117701,163.0,47.0,115.0,1.0,235.61475121686942,2324.248328415414,2.7401699502453707,0.09361988454236021,,,,,,,,,,
S1-h2,BICOUSDT,2024-02-23,S1,ok,False,,-0.4960583492917696,-0.36953008755002287,1.303120421597592,-1.4603271471184973,-0.13311214711850883,0.21232336202911756,0.006583885376762145,92.0,20.0,71.0,1.0,199.60613462431496,983.6839331169454,28.339228010415315,0.09701842842880055,,,,,,,,,,
S1-h2,BICOUSDT,2024-02-24,S1,ok,False,,-1.7996190404360568,-1.0692183690502302,1.6601862682979291,-2.425031747469341,-0.6725205247715862,0.30437288987881855,-0.05788014661424047,100.0,25.0,74.0,1.0,277.86747469344124,1421.2791767688664,36.57646277280965,0.0975505988022426,,,,,,,,,,
S1-h2,BICOUSDT,2024-02-25,S1,ok,False,,0.5778297667856196,-0.9995425885750069,2.2287064999999964,-2.8676750000000033,1.5665150000000265,0.3605740885749999,0.010857355360599993,128.0,34.0,93.0,1.0,262.3,1736.1312800000003,24.26878650000001,0.09117665061512702,,,,,,,,,,
S1-h2,CRVUSDT,2024-02-01,S1,ok,False,,-0.4010914358952941,-0.8275259333952878,3.4525029915000376,-3.652985,0.4461599999999937,0.6270439248953252,-0.019725502500000002,68.0,25.0,42.0,1.0,491.29999999999995,2714.3801999999996,153.03251799150007,0.08433384080117419,,,,,,,,,,
S1-h2,CRVUSDT,2024-02-02,S1,ok,False,,-0.08935425951050655,-0.1028908210105115,1.7902008899999973,-1.5328000000000088,0.023670000000004965,0.36029171101049995,-0.010133438500000006,49.0,25.0,23.0,1.0,432.9,1765.7557200000003,12.982849109999977,0.09994654587637872,,,,,,,,,,
S1-h2,CRVUSDT,2024-02-03,S1,ok,False,,5.358670378811425,-2.539666773688583,4.64654079750002,-6.297059999999979,7.945915000000008,0.8891475711886241,-0.0475778475,103.0,36.0,66.0,1.0,706.4999999999999,4291.514429999999,56.08124579749885,0.09284218951040804,,,,,,,,,,
S1-h2,CRVUSDT,2024-02-04,S1,ok,False,,-2.663963644266333,-0.9931218353764867,4.566391119117248,-4.716462878242643,-1.6698200062817383,0.8430500762510916,-0.0010218026081080939,102.0,44.0,57.0,1.0,588.6905405405404,4190.61366634252,8.958805422886554,0.09414456660134993,,,,,,,,,,
S1-h2,CRVUSDT,2024-02-05,S1,ok,False,,6.083872518987046,-0.309821500295141,2.957935792378061,-2.6274365070646173,6.407951828862814,0.6403207856085846,-0.014257809580627416,89.0,32.0,56.0,1.0,729.084929353989,2793.334984961843,148.4614338476659,0.09737641076388932,,,,,,,,,,
S1-h2,CRVUSDT,2024-02-06,S1,ok,False,,-3.9574526794494793,-0.16887251344952425,1.5716117265000251,-1.2282699999999742,-3.788649999999955,0.5122142399495752,6.983399999999432e-05,51.0,23.0,24.0,4.0,804.5000000000002,1682.8600700000002,319.34950172650014,0.08912354966256539,,,,,,,,,,
S1-h2,CRVUSDT,2024-02-07,S1,ok,False,,3.84747601842815,-0.7866761680717581,2.7715355850000125,-2.9838650000000206,4.640094999999908,0.57434675307175,-0.005942813499999998,67.0,25.0,41.0,1.0,347.1,2857.741640000001,5.088045585000007,0.09073840957085232,,,,,,,,,,
S1-h2,CRVUSDT,2024-02-08,S1,ok,False,,1.8578974906527608,0.021985542652743828,1.9522269949999946,-1.4748050000000008,1.866885000000017,0.45543645234725,-0.030973052,49.0,34.0,14.0,1.0,551.9000000000001,2055.9280500000004,80.45607699499999,0.09544125564104369,,,,,,,,,,
S1-h2,CRVUSDT,2024-02-09,S1,ok,False,,0.6107232385411298,-0.7489740554079493,2.7580243603673096,-2.866832346938767,1.378811734693977,0.6401660688364917,-0.019114440744897977,81.0,32.0,48.0,1.0,527.9510204081635,2872.187406530611,119.5065227824897,0.09838234620334385,,,,,,,,,,
S1-h2,CRVUSDT,2024-02-10,S1,ok,False,,0.2851277227290979,-0.32902820133502686,2.3290853583144484,-1.9999990388688902,0.6090712507885954,0.6581145207805851,0.005084673275529423,56.0,27.0,28.0,1.0,562.0192226228044,2528.3197368086976,277.1828607615372,0.09819680916614729,,,,,,,,,,
S1-h2,CRVUSDT,2024-02-11,S1,ok,False,,-2.8232740810085732,-0.44695983801464156,1.7284808583733056,-1.6783514186036441,-2.353965968993932,0.497089277784303,-0.022348274,50.0,23.0,26.0,1.0,479.16193798781455,1839.1322346417815,235.0233288289939,0.09851455115121295,,,,,,,,,,
S1-h2,CRVUSDT,2024-02-12,S1,ok,False,,-5.04749741528396,-0.639514194784025,3.901562334499922,-3.820274999999972,-4.398784999999934,0.7208015292839751,-0.009198220499999998,104.0,37.0,66.0,1.0,616.2,3527.68986,27.751922334499994,0.0998349706504107,,,,,,,,,,
S1-h2,CRVUSDT,2024-02-13,S1,ok,False,,-0.5344212443432647,-0.14281742032571654,3.0102542856557117,-2.5012831760859005,-0.3876500303596777,0.6517885298955278,-0.003953793657870394,67.0,27.0,39.0,1.0,475.03176085941385,2880.3216619943933,137.68035908481622,0.0930198880710683,,,,,,,,,,
S1-h2,CRVUSDT,2024-02-14,S1,ok,False,,1.7543119145019086,-0.4289047037234739,1.9762826789999681,-1.893319999999992,2.2087549999999823,0.5118673827234501,-0.025538381774600008,56.0,21.0,34.0,1.0,472.6000000000001,2170.92868,141.23935767900005,0.09973063491542414,,,,,,,,,,
S1-h2,CRVUSDT,2024-02-15,S1,ok,False,,-0.7211601117859493,-0.1306500269589821,2.3041503800000207,-1.8982050000000026,-0.6741499999999672,0.5365954069590002,0.08363991517299998,57.0,24.0,32.0,1.0,562.8,2307.09173,136.68556538000007,0.09823167354512471,,,,,,,,,,
S1-h2,CRVUSDT,2024-02-16,S1,ok,False,,-1.4794006601025755,0.03316712620376838,1.8553041749999875,-1.472909999999969,-1.5358800000000437,0.34922704879625,0.023312213693700002,43.0,20.0,22.0,1.0,354.8,1731.5156000000004,5.316234174999998,0.0957099238403214,,,,,,,,,,
S1-h2,CRVUSDT,2024-02-17,S1,ok,False,,-7.542509992698648,-0.21546632590954135,1.8356050592103612,-1.6876666514055227,-7.303727601826448,0.3634047337143798,-0.02331606496265976,40.0,15.0,24.0,1.0,593.9000000000001,1707.416120654025,39.85729015195425,0.09705993749119493,,,,,,,,,,
S1-h2,CRVUSDT,2024-02-18,S1,ok,False,,3.1062370230316767,-0.15877114379674429,2.908449915000037,-2.4878150000000314,3.3143499999999713,0.57940605879675,-0.04934183317155,65.0,29.0,35.0,1.0,574.0,2768.04417,46.904045085000014,0.0972453553068304,,,,,,,,,,
S1-h2,CRVUSDT,2024-02-19,S1,ok,False,,5.5798318352160585,-0.5677357589299152,3.124897186386946,-3.054611516588256,6.02396350705661,0.6380214287286052,0.12360408708936382,76.0,29.0,46.0,1.0,527.6999999999999,3052.375869481901,50.084099694954745,0.07587929582228813,,,,,,,,,,
S1-h2,CRVUSDT,2024-02-20,S1,ok,False,,3.4837749047512654,-0.7238405262631884,2.8639700240000137,-3.030025000000002,4.172969999999954,0.5577855502632001,0.03464543101450002,60.0,15.0,44.0,1.0,295.5999999999999,2334.3768000000005,165.29125502399995,0.08856571733057951,,,,,,,,,,
S1-h2,CRVUSDT,2024-02-21,S1,ok,False,,-7.064872570240572,-0.822509043625112,2.262178725860029,-2.5416654692298133,-6.2272333348014,0.5430223002553277,-0.015130191814060124,57.0,29.0,27.0,1.0,600.3000000000001,2098.816201616445,224.10738169461578,0.07857884741352474,,,,,,,,,,
S1-h2,CRVUSDT,2024-02-22,S1,ok,False,,4.871682510699697,-0.3526832183747024,3.2703224994999913,-3.0232549999999687,5.224934999999899,0.599750717874725,-0.0005692709254999876,64.0,32.0,31.0,1.0,500.0000000000001,2834.9992500000008,59.54703249949994,0.08648692786194292,,,,,,,,,,
S1-h2,CRVUSDT,2024-02-23,S1,ok,False,,-1.5181147394092598,-0.9099795446006215,5.083357597319981,-5.062607220957787,-0.6436931050962542,0.9307299209628158,0.035557910287615735,106.0,43.0,62.0,1.0,423.44875934331617,4304.4325386799665,126.9880240487678,0.08327358208024001,,,,,,,,,,
S1-h2,CRVUSDT,2024-02-24,S1,ok,False,,6.875389144490874,-1.5527849551160224,6.921610515468147,-7.278107967264942,8.449893082354148,1.1962875033192268,-0.021718982747252633,129.0,56.0,72.0,1.0,477.4481309404514,5500.911975078804,174.7365605517562,0.09415164109771725,,,,,,,,,,
S1-h2,CRVUSDT,2024-02-25,S1,ok,False,,2.0953312390581784,-0.8861876171133984,4.844353628029486,-4.707216176641839,3.0224433533745954,1.0233250685010458,-0.04092449720301866,118.0,62.0,55.0,1.0,500.72838180690593,4588.80913411878,191.9331666859811,0.09468466619741939,,,,,,,,,,
S1-h2,XRPUSDT,2024-02-01,S1,ok,False,,106.46783531667158,-74.29767275333496,103.87434242499853,-153.02389999999974,182.02940000000655,25.14811517833375,-1.2638919300000002,232.0,88.0,143.0,1.0,33199.0,101313.13070000005,8882.707342425001,0.09944585051171763,,,,,,,,,,
S1-h2,XRPUSDT,2024-02-02,S1,ok,False,,72.55074747068736,-61.89198817311472,108.59661906215376,-143.5418645866286,133.7800303896368,26.946742648639876,0.6627052541652801,298.0,142.0,155.0,1.0,26438.52917325882,115802.17332042093,6884.196335555776,0.09974675743956753,,,,,,,,,,
S1-h2,XRPUSDT,2024-02-03,S1,ok,False,,1.056855364504064,-49.8005286496345,96.10375230249977,-121.80022711399059,51.16238648627882,24.10405383814368,-0.30500247214025855,165.0,51.0,113.0,1.0,17071.654270725394,107047.12312896346,4899.325840638183,0.09975397877953508,,,,,,,,,,
S1-h2,XRPUSDT,2024-02-04,S1,ok,False,,-170.73713632499386,-23.246759109993633,43.110095440000435,-47.94055000000206,-145.80560000000025,18.416304549992006,-1.6847772150000004,84.0,6.0,77.0,1.0,29716.0,50962.577999999994,14952.34354544,0.09831651525323062,,,,,,,,,,
S1-h2,XRPUSDT,2024-02-05,S1,ok,False,,49.469604463401666,-98.13284425903937,46.98202447000148,-133.25364999999937,148.36090000000104,11.861218729041482,-0.7584512775600001,221.0,84.0,136.0,1.0,20550.0,56912.06980000002,870.5541255300001,0.09620433154827134,,,,,,,,,,
S1-h2,XRPUSDT,2024-02-06,S1,ok,False,,105.01805808721733,-80.08934330947254,89.60665798520876,-151.04012407407316,186.49281990740747,18.655877220608136,-1.3854185107175927,301.0,69.0,231.0,1.0,26555.189814814814,93179.67447083337,36.258775348125475,0.09919970213125474,,,,,,,,,,
S1-h2,XRPUSDT,2024-02-07,S1,ok,False,,89.37630947075546,-101.02589244667092,103.11007355819615,-179.5510058834189,193.28452423504925,24.584960121448173,-2.882322317622871,224.0,81.0,142.0,1.0,30060.110291446435,118846.71222266482,1482.9412307549146,0.09637178306761511,,,,,,,,,,
S1-h2,XRPUSDT,2024-02-08,S1,ok,False,,165.31046467489998,-79.38250389229215,95.4696021846809,-150.85235488694843,247.19353256635154,23.999751190024607,-2.500563999159435,240.0,119.0,120.0,1.0,30807.548869492122,104491.90970042099,5638.853181709826,0.09515458818193255,,,,,,,,,,
S1-h2,XRPUSDT,2024-02-09,S1,ok,False,,-3.0406837973220595,-56.33611446025033,72.52194301789524,-109.9832546104694,53.03597201774588,18.874802867676166,0.25945864518239214,232.0,96.0,135.0,1.0,25428.953895296872,74866.35933016487,7093.692730260333,0.09177030848599148,,,,,,,,,,
S1-h2,XRPUSDT,2024-02-10,S1,ok,False,,60.36508205243572,-6.921521232564022,11.090704660000135,-8.931800000001157,67.65169999999974,9.080425892563,-0.36509671499999985,11.0,5.0,5.0,1.0,19786.0,16902.8108,10363.38860466,0.08984079143390379,,,,,,,,,,
S1-h2,XRPUSDT,2024-02-11,S1,ok,False,,-5.057261861509094,-6.325441570147321,37.051010183943724,-33.10360000000136,0.8035841264463386,10.272851754089688,0.4645955821918888,88.0,70.0,17.0,1.0,12847.0,45438.30832223153,2154.891072078888,0.0871482269155025,,,,,,,,,,
S1-h2,XRPUSDT,2024-02-12,S1,ok,False,,170.15504703146075,-74.9762421985422,81.83192917000179,-133.53285000000045,247.86300000000296,23.27532136854353,-2.7317107700000003,476.0,26.0,449.0,1.0,32743.0,80704.24490000012,12971.767979170003,0.09204299178637958,,,,,,,,,,
S1-h2,XRPUSDT,2024-02-13,S1,ok,False,,-294.9453597974448,-130.51632508101102,91.47722602242322,-202.3012002176269,-162.56104472252736,19.692350885807336,-1.86798999390642,328.0,77.0,250.0,1.0,31349.0,97197.06312720364,459.88774612121773,0.09167939073803487,,,,,,,,,,
S1-h2,XRPUSDT,2024-02-14,S1,ok,False,,93.80890574120394,-29.489321403093786,84.99577972999863,-94.1946133192409,123.94081331924673,20.290487813851517,-0.6425861749490008,393.0,53.0,339.0,1.0,35380.0,96815.05610000022,1686.3210797300042,0.09085351656098334,,,,,,,,,,
S1-h2,XRPUSDT,2024-02-15,S1,ok,False,,271.41513607494204,-59.0602957731583,91.88830656118179,-129.3013353792181,338.85065594063735,21.647266955121992,-8.375224092537,935.0,93.0,841.0,1.0,25184.0,89456.40539941583,6829.065227706694,0.09243027477959884,,,,,,,,,,
S1-h2,XRPUSDT,2024-02-16,S1,ok,False,,-151.4349194773242,-48.69348917139155,59.00523434999984,-94.81004999999888,-101.21640000000568,12.888673521392505,-1.5250303059269998,167.0,30.0,136.0,1.0,15355.0,60416.70819999998,1464.23978435,0.09648302585210394,,,,,,,,,,
S1-h2,XRPUSDT,2024-02-17,S1,ok,False,,10.497045777792811,8.00533375188914,35.448042019999825,-17.279699999999682,3.4223000000006714,10.163008268111003,-0.9305879740970001,44.0,5.0,38.0,1.0,16612.0,35082.6391,5720.873542020001,0.08714893082975463,,,,,,,,,,
S1-h2,XRPUSDT,2024-02-18,S1,ok,False,,-39.79496603798847,-9.211266707661112,11.350471849702426,-11.999169606917999,-31.64630882075041,8.56256895044554,1.0626094904230405,26.0,6.0,19.0,1.0,16052.151965413534,18217.36213124737,8943.811862174665,0.08728168428780973,,,,,,,,,,
S1-h2,XRPUSDT,2024-02-19,S1,ok,False,,-19.970134636472594,-109.36416270279625,71.70141417499944,-162.23589999999945,95.95969999999666,18.82967687779625,-6.565671933673,168.0,41.0,126.0,1.0,35507.0,78073.46780000004,5845.424214175,0.09696199053110141,,,,,,,,,,
S1-h2,XRPUSDT,2024-02-20,S1,ok,False,,-299.73015800569664,-108.35702962139368,59.04194746499949,-153.4815499999989,-187.62209999999902,13.917427086394266,-3.751028384304,136.0,41.0,94.0,1.0,18169.0,64042.718799999966,2016.1515025350002,0.09790348898517459,,,,,,,,,,
S1-h2,XRPUSDT,2024-02-21,S1,ok,False,,11.842588292756378,-48.65016638373938,51.97402953000001,-88.02754999999789,62.85819999999576,12.596645913741506,-2.3654453235,198.0,10.0,187.0,1.0,18200.0,49634.271200000054,4854.16667953,0.0994691365814439,,,,,,,,,,
S1-h2,XRPUSDT,2024-02-22,S1,ok,False,,157.34568440336585,-83.46143337757877,73.07452729992039,-137.7190933893504,243.3038515246757,18.81686728814875,-2.4967337437310966,189.0,93.0,95.0,1.0,26948.566106519018,80522.09739668752,4931.723288747696,0.0978783618058473,,,,,,,,,,
S1-h2,XRPUSDT,2024-02-23,S1,ok,False,,-71.72418571306054,-52.31641574623178,54.12679315000175,-92.90990000000102,-17.336600000001255,13.533308896232521,-2.0711699668275,218.0,12.0,205.0,1.0,31357.0,53047.89869999998,5315.871193149999,0.09258878797231913,,,,,,,,,,
S1-h2,XRPUSDT,2024-02-24,S1,ok,False,,9.006086008147427,-20.202537595791323,13.836783260001855,-29.797400000000177,30.29149999999975,4.241920855793,-1.0828763960610002,32.0,6.0,25.0,1.0,6252.0,15637.4622,2026.2334832600002,0.0930322863633248,,,,,,,,,,
S1-h2,XRPUSDT,2024-02-25,S1,ok,False,,-9.138740896104153,-12.41190169796386,5.93421448000019,-15.271200000000048,4.294599999999706,3.074916177964001,-1.0214391981400002,30.0,2.0,27.0,1.0,4892.0,9424.674800000004,2163.6022144800004,0.09931073089060179,,,,,,,,,,
S4,BICOUSDT,2024-02-01,lambda=1/one_sided=False,ok,False,,0.11034119345880535,-0.15615980070436192,0.6766413369983612,-0.6607059999931157,0.2608890001645111,0.17209513770960733,0.00561199399865615,54.0,27.0,26.0,1.0,302.53999999999996,707.476573993401,55.63604165623116,0.0846854468269448,,,,,,,,,,
S4,BICOUSDT,2024-02-02,lambda=1/one_sided=False,ok,False,,0.9628116272292075,-0.12834645511061785,0.5893349037656359,-0.5799823710812114,1.1018813039479092,0.13769898779504233,-0.010723221608083727,38.0,14.0,23.0,1.0,231.70000000000002,612.6196650456621,27.591008701654395,0.0718379517036465,,,,,,,,,,
S4,BICOUSDT,2024-02-03,lambda=1/one_sided=False,ok,False,,0.08946049448244792,0.011613779482449377,0.11342094099999878,-0.06277999999999939,0.07984999999999853,0.03902716151755001,-0.0020032850000000005,11.0,8.0,2.0,1.0,58.00000000000001,140.19031,19.980180941000008,0.06943660512852917,,,,,,,,,,
S4,BICOUSDT,2024-02-04,lambda=1/one_sided=False,ok,False,,1.6934624209418176,0.0704021162244319,0.32250297284111085,-0.171056843566044,1.6170929327173857,0.08104401305063494,0.005967372000000001,33.0,15.0,17.0,1.0,174.89999999999998,351.529275524174,19.5239235378185,0.08257010631950276,,,,,,,,,,
S4,BICOUSDT,2024-02-05,lambda=1/one_sided=False,ok,False,,0.9715601747761573,-0.24341136594183865,0.7394771106561564,-0.8021515355280487,1.213470259739728,0.1807369410699463,0.0015012809782678884,43.0,23.0,19.0,1.0,316.38714657263466,706.3488465497453,71.75849410908593,0.07972999932843382,,,,,,,,,,
S4,BICOUSDT,2024-02-06,lambda=1/one_sided=False,ok,False,,1.985498362892145,-0.3667652076078771,0.5601588324999982,-0.7678750000000003,2.348500000000022,0.15904904010787502,0.0037635704999999992,39.0,18.0,20.0,1.0,304.90000000000003,622.2146400000001,62.920203832500015,0.07824424756175778,,,,,,,,,,
S4,BICOUSDT,2024-02-07,lambda=1/one_sided=False,ok,False,,-1.0881046463492907,-0.2888762104763325,1.823535855185571,-1.8115413223089578,-0.8010888942173291,0.3008707433529456,0.0018604583443708608,132.0,54.0,77.0,1.0,191.35298013245034,1471.6901421081284,11.877663511490777,0.0876906919973606,,,,,,,,,,
S4,BICOUSDT,2024-02-08,lambda=1/one_sided=False,ok,False,,-1.302636609583155,-0.38975523499276765,1.2203906540091178,-1.344257762437568,-0.9152507824822065,0.2658881265643175,0.002369407891819007,132.0,64.0,67.0,1.0,263.57831495064255,1243.448713923854,31.269788690084642,0.08563429899860053,,,,,,,,,,
S4,BICOUSDT,2024-02-09,lambda=1/one_sided=False,ok,False,,0.10211592813035414,-0.01735692240613468,2.338693657527304,-1.8829861726910777,0.12291618669598714,0.4730644072423608,-0.0034433361594983216,154.0,62.0,91.0,1.0,313.0213050129436,2274.166091248553,33.147616350272514,0.09230256194453151,,,,,,,,,,
S4,BICOUSDT,2024-02-10,lambda=1/one_sided=False,ok,False,,1.3631881534464394,-0.4172075608035486,0.8520187337500024,-1.0823299999999885,1.780489999999988,0.18689629455356252,-9.428575000000063e-05,55.0,20.0,34.0,1.0,204.45000000000002,829.3670850000001,38.22341373375001,0.07989564299767678,,,,,,,,,,
S4,BICOUSDT,2024-02-11,lambda=1/one_sided=False,ok,False,,0.6365639480588402,-0.1579634569412033,0.6754210159999884,-0.6857799999999916,0.7828200000000435,0.14760447294120008,0.011707405000000004,53.0,9.0,43.0,1.0,259.1,678.1252500000003,21.780768984,0.0863148990300933,,,,,,,,,,
S4,BICOUSDT,2024-02-12,lambda=1/one_sided=False,ok,False,,0.5862163665743384,-0.1454062758703331,1.4909531178823272,-1.3370302162794945,0.7200506099446715,0.29932917747316584,0.011572032500000001,102.0,36.0,65.0,1.0,260.5,1389.5535317013805,38.94267478707229,0.09389491649761561,,,,,,,,,,
S4,BICOUSDT,2024-02-13,lambda=1/one_sided=False,ok,False,,-0.40904046658145626,-0.36824588786678736,1.5305509080625743,-1.5761237852655672,-0.030820046398773115,0.3226730106637945,-0.009974532315895769,144.0,69.0,74.0,1.0,300.29999999999995,1463.055328741085,54.658081664686314,0.09146550346135748,,,,,,,,,,
S4,BICOUSDT,2024-02-14,lambda=1/one_sided=False,ok,False,,-0.7862572452005625,-0.7074407701152794,1.4247224576385504,-1.8290910193639474,-0.07451097175788646,0.30307220838988247,-0.004305503327396707,121.0,54.0,66.0,1.0,271.84004034969445,1436.3699381777446,28.724037735151963,0.08972169109461099,,,,,,,,,,
S4,BICOUSDT,2024-02-15,lambda=1/one_sided=False,ok,False,,0.44522757235634003,-0.10272700441441895,0.9522165338907037,-0.8436832552362499,0.616354951036909,0.2112602830688728,-0.06840037426614996,110.0,34.0,74.0,2.0,227.5413484489688,979.7094727355926,27.851615494098585,0.09342249518442017,,,,,,,,,,
S4,BICOUSDT,2024-02-16,lambda=1/one_sided=False,ok,False,,-1.570204918500129,-0.7660244151372557,1.8302151617195148,-2.2368196278357817,-0.7719137540511736,0.35941994902098884,-0.0322667493117,160.0,49.0,110.0,1.0,284.6,1740.7512914288664,20.490346791301494,0.093175639081579,,,,,,,,,,
S4,BICOUSDT,2024-02-17,lambda=1/one_sided=False,ok,False,,2.4104037888491345,-1.0049851230972142,1.784858630930866,-2.4313343993958503,3.408236612073455,0.35850935463222994,0.007152299872893755,135.0,37.0,96.0,2.0,314.20000000000005,1679.8110825822446,40.99479657414769,0.09330569554549752,,,,,,,,,,
S4,BICOUSDT,2024-02-18,lambda=1/one_sided=False,ok,False,,0.460118782449782,-0.2826470540582072,1.870296923999986,-1.7978699999999932,0.7633349999999892,0.35507397805820007,-0.02056916349200002,148.0,39.0,108.0,1.0,218.30000000000004,1646.782140000001,46.759181924,0.09642406779914117,,,,,,,,,,
S4,BICOUSDT,2024-02-19,lambda=1/one_sided=False,ok,False,,0.1955635138299548,-0.26297059686798796,2.1494050541176537,-2.0274152941176418,0.4779699999999427,0.3849603568679999,-0.019435889301999968,178.0,41.0,136.0,1.0,255.99999999999986,1914.8890799999997,3.604619759999931,0.09443232050373997,,,,,,,,,,
S4,BICOUSDT,2024-02-20,lambda=1/one_sided=False,ok,False,,-1.1069281231706825,-0.5151259420037655,1.7605745588567214,-1.8902339510341364,-0.6241200094440462,0.3854665498263505,0.03231782827712931,237.0,109.0,126.0,2.0,253.1400000000001,1914.323700631814,4.730563090886568,0.09887280909605198,,,,,,,,,,
S4,BICOUSDT,2024-02-21,lambda=1/one_sided=False,ok,False,,-1.8856680035580153,0.33032044885985007,2.1890405232568173,-1.390968370897972,-2.2084886783795348,0.46775170349899514,-0.0074997740383304584,188.0,79.0,108.0,1.0,299.03818736886507,2311.0730434311836,10.067445114106091,0.08983274777460999,,,,,,,,,,
S4,BICOUSDT,2024-02-22,lambda=1/one_sided=False,ok,False,,3.1237154317474998,0.06742495593406966,2.849488743699481,-2.2893819333883734,3.047004336266671,0.4926818543770381,0.009286139546758726,174.0,53.0,120.0,1.0,233.7852487831306,2447.2801269624224,5.865143608279579,0.09361988454236021,,,,,,,,,,
S4,BICOUSDT,2024-02-23,lambda=1/one_sided=False,ok,False,,-0.5311328334034392,-0.6373692793036427,1.2987139270179682,-1.6353221828472297,0.11388446588059487,0.3007610234743812,-0.007648019980391359,196.0,106.0,89.0,1.0,194.1997369364172,1384.517812762249,43.37720167623902,0.09701842842880055,,,,,,,,,,
S4,BICOUSDT,2024-02-24,lambda=1/one_sided=False,ok,False,,-1.8667387048437707,-0.9486567417376732,1.6759085751636136,-2.30549247976828,-0.8586651556230067,0.31907283713300694,-0.05941680748309057,111.0,33.0,77.0,1.0,268.0521568787134,1495.1882257324946,36.427621793650985,0.0975505988022426,,,,,,,,,,
S4,BICOUSDT,2024-02-25,lambda=1/one_sided=False,ok,False,,0.5778297667856196,-0.9995425885750069,2.2287064999999964,-2.8676750000000033,1.5665150000000265,0.3605740885749999,0.010857355360599993,128.0,34.0,93.0,1.0,262.3,1736.1312800000003,24.26878650000001,0.09117665061512702,,,,,,,,,,
S4,CRVUSDT,2024-02-01,lambda=1/one_sided=False,ok,False,,0.7105348228060937,-1.2517058754860755,3.0921057631690774,-3.6917480622504177,1.9821343500926663,0.6520635764047352,-0.019893651800496962,89.0,37.0,51.0,1.0,624.6989192602709,2837.1500717022386,153.87920375324975,0.08433384080117419,,,,,,,,,,
S4,CRVUSDT,2024-02-02,lambda=1/one_sided=False,ok,False,,2.877037451333915,-0.2740525071661036,1.744530302,-1.6239500000000036,3.169560000000019,0.39463280916610005,-0.01847004150000001,52.0,26.0,25.0,1.0,432.9,1886.2850000000003,31.592380302000045,0.09994654587637872,,,,,,,,,,
S4,CRVUSDT,2024-02-03,lambda=1/one_sided=False,ok,False,,5.358670378811425,-2.539666773688583,4.64654079750002,-6.297059999999979,7.945915000000008,0.8891475711886241,-0.0475778475,103.0,36.0,66.0,1.0,706.4999999999999,4291.514429999999,56.08124579749885,0.09284218951040804,,,,,,,,,,
S4,CRVUSDT,2024-02-04,lambda=1/one_sided=False,ok,False,,-3.270155027466289,-0.8445532185764436,4.647497189290702,-4.5597828782426335,-2.4245800062817375,0.9322675296245119,-0.0010218026081080939,108.0,48.0,59.0,1.0,588.6905405405404,4323.0889663425205,122.99952064728693,0.09414456660134993,,,,,,,,,,
S4,CRVUSDT,2024-02-05,lambda=1/one_sided=False,ok,False,,6.453987826263083,-0.4595760318472961,2.8609033534053974,-2.644389640420109,6.922509721191005,0.6760897448325847,-0.008945863080627416,95.0,37.0,57.0,1.0,622.984929353989,2961.8568649618423,152.21522152766585,0.09737641076388932,,,,,,,,,,
S4,CRVUSDT,2024-02-06,lambda=1/one_sided=False,ok,False,,-2.6630635436034544,0.07644242149077418,1.636471690403521,-1.0377849363319387,-2.738106562505539,0.5222443325808082,-0.001399402588690226,65.0,32.0,31.0,2.0,727.7391166935719,1831.5013357844377,283.5346644071282,0.08912354966256539,,,,,,,,,,
S4,CRVUSDT,2024-02-07,lambda=1/one_sided=False,ok,False,,3.84747601842815,-0.7866761680717581,2.7715355850000125,-2.9838650000000206,4.640094999999908,0.57434675307175,-0.005942813499999998,67.0,25.0,41.0,1.0,347.1,2857.741640000001,5.088045585000007,0.09073840957085232,,,,,,,,,,
S4,CRVUSDT,2024-02-08,lambda=1/one_sided=False,ok,False,,2.641729166362106,0.06688349291094564,2.010653125680896,-1.455223474949877,2.6058187254511602,0.4885461578200734,-0.030973052,60.0,39.0,20.0,1.0,552.0,2293.2262993909335,54.36526898524845,0.09544125564104369,,,,,,,,,,
S4,CRVUSDT,2024-02-09,lambda=1/one_sided=False,ok,False,,0.405419891197534,-1.087873204018119,2.623444729266782,-2.9578974805162392,1.5118401499995278,0.7534204527686618,-0.018547054783874938,115.0,57.0,57.0,1.0,645.6510204081635,3421.9649904506314,125.50446305188194,0.09838234620334385,,,,,,,,,,
S4,CRVUSDT,2024-02-10,lambda=1/one_sided=False,ok,False,,0.2851277227290979,-0.32902820133502686,2.3290853583144484,-1.9999990388688902,0.6090712507885954,0.6581145207805851,0.005084673275529423,56.0,27.0,28.0,1.0,562.0192226228044,2528.3197368086976,277.1828607615372,0.09819680916614729,,,,,,,,,,
S4,CRVUSDT,2024-02-11,lambda=1/one_sided=False,ok,False,,-2.8232740810085732,-0.44695983801464156,1.7284808583733056,-1.6783514186036441,-2.353965968993932,0.497089277784303,-0.022348274,50.0,23.0,26.0,1.0,479.16193798781455,1839.1322346417815,235.0233288289939,0.09851455115121295,,,,,,,,,,
S4,CRVUSDT,2024-02-12,lambda=1/one_sided=False,ok,False,,-2.9636156857197062,-0.42810326521967346,3.9153708538599363,-3.5445395999999865,-2.526314200000033,0.7989345190796233,-0.009198220499999998,120.0,44.0,75.0,1.0,616.2,3878.4003715999997,42.28080865385999,0.0998349706504107,,,,,,,,,,
S4,CRVUSDT,2024-02-13,lambda=1/one_sided=False,ok,False,,-0.2581320797539766,-1.0595390744614048,2.912060385707961,-3.0747509286533052,0.8038553447911765,0.8968485315160606,-0.0024483500837482693,131.0,79.0,51.0,1.0,617.6102055021838,4147.088301212658,122.60158413368968,0.0930198880710683,,,,,,,,,,
S4,CRVUSDT,2024-02-14,lambda=1/one_sided=False,ok,False,,2.1770674298383015,-0.3824397674633151,2.2074750983804985,-1.9552395212858034,2.5804482938913784,0.6346753445580102,-0.020941096589762218,76.0,36.0,39.0,1.0,503.084337198321,2741.0176073458074,157.22149652518002,0.09973063491542414,,,,,,,,,,
S4,CRVUSDT,2024-02-15,lambda=1/one_sided=False,ok,False,,0.9251541456363914,-0.23529183970019685,2.623884455000068,-2.0529275000000147,1.2008174999999883,0.8062487947002503,-0.04037151466340003,101.0,49.0,51.0,1.0,589.4499999999999,3451.542984999999,210.8003594550001,0.09823167354512471,,,,,,,,,,
S4,CRVUSDT,2024-02-16,lambda=1/one_sided=False,ok,False,,-3.9161223016384366,-0.49381691306685227,2.0544823698968564,-1.8880641600140182,-3.4939422834029905,0.6602351229496904,0.07163689483140614,89.0,50.0,38.0,1.0,605.3678347432909,2888.4204403168796,150.0927907023894,0.0957099238403214,,,,,,,,,,
S4,CRVUSDT,2024-02-17,lambda=1/one_sided=False,ok,False,,-9.412192259783247,-0.00817379114418787,1.917062140028153,-1.440047528806754,-9.409509209347439,0.48518840236558675,0.005490740708381826,79.0,31.0,47.0,1.0,593.9000000000001,2315.2298431745717,40.25897041940421,0.09705993749119493,,,,,,,,,,
S4,CRVUSDT,2024-02-18,lambda=1/one_sided=False,ok,False,,3.1062370230316767,-0.15877114379674429,2.908449915000037,-2.4878150000000314,3.3143499999999713,0.57940605879675,-0.04934183317155,65.0,29.0,35.0,1.0,574.0,2768.04417,46.904045085000014,0.0972453553068304,,,,,,,,,,
S4,CRVUSDT,2024-02-19,lambda=1/one_sided=False,ok,False,,9.6640619905146,-0.7528206036314913,3.174175779911825,-3.1047065165882723,10.293278507056728,0.8222898669550438,0.12360408708936382,85.0,32.0,52.0,1.0,573.884834117402,3376.7537294819017,267.16203828847966,0.07587929582228813,,,,,,,,,,
S4,CRVUSDT,2024-02-20,lambda=1/one_sided=False,ok,False,,0.8788457953324356,-2.1620862631929536,3.3405107581233744,-4.328125949725469,2.949836960839582,1.174471071590859,0.09109509768580713,174.0,95.0,78.0,1.0,615.1429187246598,5552.602269848199,116.27385022039802,0.08856571733057951,,,,,,,,,,
S4,CRVUSDT,2024-02-21,lambda=1/one_sided=False,ok,False,,5.939542246029633,-1.6411302000663783,2.925715164801097,-3.4939544954502866,7.571189548126935,1.0728908694171888,0.009482897969075893,157.0,94.0,62.0,1.0,636.0135441491532,4830.151626444582,194.2918984150418,0.07857884741352474,,,,,,,,,,
S4,CRVUSDT,2024-02-22,lambda=1/one_sided=False,ok,False,,9.409049520022302,-0.2152379991762361,3.3760615147706963,-2.9386754201682654,9.63817961281603,0.6526240937786669,-0.013892093617490343,76.0,41.0,34.0,1.0,499.9244106039423,3252.526483847914,3.852358198334743,0.08648692786194292,,,,,,,,,,
S4,CRVUSDT,2024-02-23,lambda=1/one_sided=False,ok,False,,-12.732570600046708,-2.235064384901649,5.5105972122137326,-6.541238057210647,-10.476597562276519,1.204423539904735,-0.020908652868540854,151.0,74.0,76.0,1.0,606.3000000000001,5595.019498374315,155.30843678158635,0.08327358208024001,,,,,,,,,,
S4,CRVUSDT,2024-02-24,lambda=1/one_sided=False,ok,False,,10.455048474951168,-1.5536369513460075,7.053946654614695,-7.319627967264945,12.03222308235403,1.2879556386957571,-0.02353765605685263,142.0,63.0,78.0,1.0,541.0481309404514,5854.260275078803,212.91560669090276,0.09415164109771725,,,,,,,,,,
S4,CRVUSDT,2024-02-25,lambda=1/one_sided=False,ok,False,,2.0953312390581784,-0.8861876171133984,4.844353628029486,-4.707216176641839,3.0224433533745954,1.0233250685010458,-0.04092449720301866,118.0,62.0,55.0,1.0,500.72838180690593,4588.80913411878,191.9331666859811,0.09468466619741939,,,,,,,,,,
S4,XRPUSDT,2024-02-01,lambda=1/one_sided=False,ok,False,,154.75359246435062,-91.57068762133082,104.22944049512111,-166.64098877477315,247.778437818312,29.15913934167878,-1.4541577326305526,359.0,127.0,231.0,1.0,35117.19540911939,118701.85345019274,9852.306639345887,0.09944585051171763,,,,,,,,,,
S4,XRPUSDT,2024-02-02,lambda=1/one_sided=False,ok,False,,81.65142860159207,-62.68066332283064,105.52284136709201,-141.1820581415987,143.64807269046022,27.021446548323954,0.6840192339624911,305.0,152.0,152.0,1.0,26864.56139840974,115577.56692395805,7101.696660967868,0.09974675743956753,,,,,,,,,,
S4,XRPUSDT,2024-02-03,lambda=1/one_sided=False,ok,False,,1.056855364504064,-49.8005286496345,96.10375230249977,-121.80022711399059,51.16238648627882,24.10405383814368,-0.30500247214025855,165.0,51.0,113.0,1.0,17071.654270725394,107047.12312896346,4899.325840638183,0.09975397877953508,,,,,,,,,,
S4,XRPUSDT,2024-02-04,lambda=1/one_sided=False,ok,False,,-166.22908687141936,-23.240309656419686,43.814370760000195,-49.628650000001876,-141.3039999999997,17.426030416418005,-1.6847772150000004,85.0,6.0,78.0,1.0,29716.0,53797.46059999999,12120.97872076,0.09831651525323062,,,,,,,,,,
S4,XRPUSDT,2024-02-05,lambda=1/one_sided=False,ok,False,,174.57141017728307,-101.43415442935327,48.403056577698536,-133.8358745215993,276.92157960474924,16.00133648545251,-0.9160149981129012,318.0,122.0,195.0,1.0,29655.438928746902,79085.24485786102,335.06820705511547,0.09620433154827134,,,,,,,,,,
S4,XRPUSDT,2024-02-06,lambda=1/one_sided=False,ok,False,,137.1419146472388,-79.57834477760893,91.37496332834354,-150.36519643967412,218.1477815057431,20.58811166627835,-1.427522080895392,331.0,100.0,230.0,1.0,24439.339003960875,101880.49714240005,385.47679599701036,0.09919970213125474,,,,,,,,,,
S4,XRPUSDT,2024-02-07,lambda=1/one_sided=False,ok,False,,89.37630947075546,-101.02589244667092,103.11007355819615,-179.5510058834189,193.28452423504925,24.584960121448173,-2.882322317622871,224.0,81.0,142.0,1.0,30060.110291446435,118846.71222266482,1482.9412307549146,0.09637178306761511,,,,,,,,,,
S4,XRPUSDT,2024-02-08,lambda=1/one_sided=False,ok,False,,170.79510697442265,-74.96812008583726,106.07850980564497,-155.53512591940307,248.26379105941936,25.51150397207916,-2.500563999159435,229.0,124.0,104.0,1.0,37461.54886949212,124752.15833939456,1020.1314621822165,0.09515458818193255,,,,,,,,,,
S4,XRPUSDT,2024-02-09,lambda=1/one_sided=False,ok,False,,-44.090906773938,-84.37007009428451,74.92861013166788,-132.65847731139823,39.451705754896096,26.640202914554163,0.8274575654504183,292.0,146.0,145.0,1.0,35164.921065381146,129436.85539490184,1368.7851555887476,0.09177030848599148,,,,,,,,,,
S4,XRPUSDT,2024-02-10,lambda=1/one_sided=False,ok,False,,60.36508205243572,-6.921521232564022,11.090704660000135,-8.931800000001157,67.65169999999974,9.080425892563,-0.36509671499999985,11.0,5.0,5.0,1.0,19786.0,16902.8108,10363.38860466,0.08984079143390379,,,,,,,,,,
S4,XRPUSDT,2024-02-11,lambda=1/one_sided=False,ok,False,,-5.057261861509094,-6.325441570147321,37.051010183943724,-33.10360000000136,0.8035841264463386,10.272851754089688,0.4645955821918888,88.0,70.0,17.0,1.0,12847.0,45438.30832223153,2154.891072078888,0.0871482269155025,,,,,,,,,,
S4,XRPUSDT,2024-02-12,lambda=1/one_sided=False,ok,False,,274.9591568397884,-90.17609211190751,97.28307883435303,-156.23382708484004,367.86695972169593,31.225343861420505,-2.7317107700000003,559.0,79.0,479.0,1.0,32743.0,124270.61984253919,11584.036168932143,0.09204299178637958,,,,,,,,,,
S4,XRPUSDT,2024-02-13,lambda=1/one_sided=False,ok,False,,-227.82389652727517,-138.83986909889734,90.5912146249761,-186.33988608550226,-88.95014284401753,43.091197638371185,-0.033884584360289405,716.0,351.0,364.0,1.0,38329.85245870827,188039.54235698958,9969.616667224156,0.09167939073803487,,,,,,,,,,
S4,XRPUSDT,2024-02-14,lambda=1/one_sided=False,ok,False,,-30.57289341247429,-5.000077876359072,95.29152948226817,-67.48576555145262,-27.523912004559136,32.80584180717463,1.9510964684439192,522.0,221.0,300.0,1.0,32448.194719852945,160990.19128592906,1105.097363616068,0.09085351656098334,,,,,,,,,,
S4,XRPUSDT,2024-02-15,lambda=1/one_sided=False,ok,False,,119.57226323821773,-76.32334236158314,106.80105765489134,-146.2613625474301,205.59753266085187,36.863037469044365,-9.701927061051,1144.0,179.0,964.0,1.0,36278.30212234754,163359.99450351286,7620.07012425887,0.09243027477959884,,,,,,,,,,
S4,XRPUSDT,2024-02-16,lambda=1/one_sided=False,ok,False,,-371.8385206595783,-79.21764887509471,62.49108752251611,-115.1264151045192,-294.2508246779997,26.582321293091624,1.6299528935160943,466.0,239.0,226.0,1.0,31412.409676890893,111338.9253505065,7844.611314527778,0.09648302585210394,,,,,,,,,,
S4,XRPUSDT,2024-02-17,lambda=1/one_sided=False,ok,False,,-92.56503851430617,0.06545916957688647,37.46228677443675,-16.04622673975089,-94.51580122475842,21.350600865108973,1.8853035408753667,240.0,162.0,77.0,1.0,35402.0,73288.60378327254,12168.872924462647,0.08714893082975463,,,,,,,,,,
S4,XRPUSDT,2024-02-18,lambda=1/one_sided=False,ok,False,,-39.79496603798847,-9.211266707661112,11.350471849702426,-11.999169606917999,-31.64630882075041,8.56256895044554,1.0626094904230405,26.0,6.0,19.0,1.0,16052.151965413534,18217.36213124737,8943.811862174665,0.08728168428780973,,,,,,,,,,
S4,XRPUSDT,2024-02-19,lambda=1/one_sided=False,ok,False,,-4.635904576092608,-111.05194997587499,69.80933560878103,-160.36433188887835,112.98171733345538,20.49695369577766,-6.565671933673,148.0,19.0,128.0,1.0,35507.0,86444.02903893113,5832.996159984429,0.09696199053110141,,,,,,,,,,
S4,XRPUSDT,2024-02-20,lambda=1/one_sided=False,ok,False,,-324.1381933998669,-161.81972664871114,116.9731256291976,-216.8700387278625,-161.69752456993172,61.92281355004626,-0.6209421812240339,573.0,302.0,270.0,1.0,33344.77378278627,293574.2205790923,5832.671698595939,0.09790348898517459,,,,,,,,,,
S4,XRPUSDT,2024-02-21,lambda=1/one_sided=False,ok,False,,390.00741067820286,-63.874467405492055,83.03062058778845,-105.52814943071027,455.3566027187585,41.37693856257023,-1.4747246350635885,748.0,232.0,515.0,1.0,37023.21914183068,184912.64680443335,7989.834912151803,0.0994691365814439,,,,,,,,,,
S4,XRPUSDT,2024-02-22,lambda=1/one_sided=False,ok,False,,282.8126491500136,-88.74172145199516,77.9000324139825,-142.8118975385489,376.0745093465813,23.829856327428775,-4.520138744572563,235.0,130.0,104.0,1.0,34396.542895891806,107582.68594447985,4206.034797332429,0.0978783618058473,,,,,,,,,,
S4,XRPUSDT,2024-02-23,lambda=1/one_sided=False,ok,False,,-43.014069156453054,-123.64846113547367,53.67621681193118,-121.38139412944608,86.36719044473969,55.94328381795876,-5.732798465719078,947.0,608.0,337.0,2.0,37720.0,239230.54239877773,14722.136978551176,0.09258878797231913,,,,,,,,,,
S4,XRPUSDT,2024-02-24,lambda=1/one_sided=False,ok,False,,290.89147591315987,-35.7276368204397,9.891458874779412,-32.57107633522438,334.8929549877911,13.04801935999473,-8.273842254191482,135.0,68.0,66.0,1.0,31646.70365754414,27157.73912580624,13848.1300633336,0.0930322863633248,,,,,,,,,,
S4,XRPUSDT,2024-02-25,lambda=1/one_sided=False,ok,False,,-9.138740896104153,-12.41190169796386,5.93421448000019,-15.271200000000048,4.294599999999706,3.074916177964001,-1.0214391981400002,30.0,2.0,27.0,1.0,4892.0,9424.674800000004,2163.6022144800004,0.09931073089060179,,,,,,,,,,
X1,BICOUSDT,2024-02-01,X1,ok,False,,-0.03275443540233745,-0.023702296896336253,0.04359558609351575,-0.0531967330202918,-0.0090521385060012,0.014101149969560203,0.0,9.0,5.0,2.0,2.0,53.2,70.41114492414795,0.034401790419297765,0.0846854468269448,-17.681345215421644,-0.03275443540233945,2.0,2.0,2.0,2.0,2.0,2.0,,
X1,BICOUSDT,2024-02-02,X1,ok,False,,0.07293041599999778,-0.008019584,0.020210000000000977,-0.020200000000000974,0.08094999999999777,0.008029584000000003,0.0,4.0,0.0,4.0,0.0,57.800000000000004,40.147920000000006,0.0,0.0718379517036465,36.456841154953175,0.07293041599999647,1.0,1.0,1.0,1.0,,1.0,1.0,
X1,BICOUSDT,2024-02-03,X1,ok,False,,0.0,0.0,0.0,0.0,0.0,0.0,0.0,0.0,0.0,0.0,0.0,0.0,0.0,0.0,0.06943660512852917,0.0,0.0,,0.0,0.0,,,,1.0,
X1,BICOUSDT,2024-02-04,X1,ok,False,,-0.014858279999999061,-0.02156327999999828,0.008939999999999016,-0.024584999999997293,0.006704999999999215,0.0059182800000000015,0.0,2.0,1.0,1.0,0.0,44.7,29.591400000000004,0.0,0.08257010631950276,-10.039263062519101,-0.014858280000000335,1.0,1.0,1.0,1.0,,1.0,1.0,
X1,BICOUSDT,2024-02-05,X1,ok,False,,-0.0003615201115011839,-0.003381604720484147,0.004677548941286652,-0.005632640485155554,0.003020084608982963,0.002426513176615245,0.0,4.0,3.0,0.0,1.0,18.775468283853915,12.065223240572575,0.024488233637690003,0.07972999932843382,-0.19070413201002187,-0.00036152011150098265,1.0,1.0,1.0,1.0,1.0,1.0,1.0,
X1,BICOUSDT,2024-02-06,X1,ok,False,,-0.03220052000000044,-0.02615052000000136,0.009074999999999,-0.02722500000000036,-0.006049999999999084,0.00800052,0.0,2.0,1.0,1.0,0.0,60.5,40.0026,0.0,0.07824424756175778,-16.07534321801206,-0.032200519999999955,1.0,1.0,1.0,1.0,,1.0,1.0,
X1,BICOUSDT,2024-02-07,X1,ok,False,,0.0,0.0,0.0,0.0,0.0,0.0,0.0,0.0,0.0,0.0,0.0,0.0,0.0,0.0,0.0876906919973606,0.0,0.0,,0.0,0.0,,,,1.0,
X1,BICOUSDT,2024-02-08,X1,ok,False,,0.018803557999955478,0.0010035579999996052,0.00361999999999959,5.0000000000006636e-05,0.017799999999955872,0.0026664419999999915,0.0,6.0,5.0,1.0,0.0,18.1,13.332209999999959,0.0,0.08563429899860053,28.379302121940373,0.018803557999955256,1.0,1.0,1.0,1.0,,1.0,1.0,
X1,BICOUSDT,2024-02-09,X1,ok,False,,-0.0013841125605543033,-0.0014012445402494236,0.010923091180204876,-0.00820713197969605,1.713197969512026e-05,0.004117203740758251,0.0,3.0,1.0,1.0,1.0,27.338071065989855,20.546644720812186,0.014317811992388149,0.09230256194453151,-0.6913939248970175,-0.0013841125605541377,1.0,1.0,1.0,1.0,1.0,1.0,1.0,
X1,BICOUSDT,2024-02-10,X1,ok,False,,0.0,0.0,0.0,0.0,0.0,0.0,0.0,0.0,0.0,0.0,0.0,0.0,0.0,0.0,0.07989564299767678,0.0,0.0,,0.0,0.0,,,,1.0,
X1,BICOUSDT,2024-02-11,X1,ok,False,,0.0,0.0,0.0,0.0,0.0,0.0,0.0,0.0,0.0,0.0,0.0,0.0,0.0,0.0,0.0863148990300933,0.0,0.0,,0.0,0.0,,,,1.0,
X1,BICOUSDT,2024-02-12,X1,ok,False,,-0.007022811999997206,-0.0025428120000004955,0.01578500000000077,-0.011285000000001265,-0.004479999999996711,0.007042812000000002,0.0,8.0,8.0,0.0,0.0,45.1,35.214059999999996,0.0,0.09389491649761561,-3.987617217111743,-0.007022812000002432,1.0,1.0,1.0,1.0,,1.0,1.0,
X1,BICOUSDT,2024-02-13,X1,ok,False,,1.5173389273587806e-16,-1.7505705988180384e-17,6.152539172573712e-18,-1.3644640972641671e-17,1.7055801215804008e-16,1.0013604188112425e-17,-1.3184134339816468e-18,2.0,1.0,0.0,1.0,3.4111602431607935e-14,1.3231890583220718e-14,1.339495649357869e-14,0.09146550346135748,7.645642482548924e-14,1.5305230616986018e-16,1.0,1.0,1.0,1.0,1.0,,1.0,2.0
X1,BICOUSDT,2024-02-14,X1,ok,False,,-0.01794567600000022,-0.045280676000001414,0.007454999999999179,-0.04473000000000059,0.027335000000001195,0.008005676000000005,-2.9086066888339706e-19,5.0,3.0,1.0,1.0,49.7,40.028380000000006,2.949315422995369e-15,0.08972169109461099,-8.952917757989345,-0.017945676000001787,2.0,2.0,2.0,2.0,1.0,1.0,1.0,
X1,BICOUSDT,2024-02-15,X1,ok,False,,-0.047816952094385336,-0.021581615899819055,0.027809454999999397,-0.034259470672386765,-0.026235336194566285,0.015131600227431687,0.0,18.0,12.0,5.0,1.0,38.2,75.5910480829757,0.024346565157357503,0.09342249518442017,-35.47907497883449,-0.04781695209438738,3.0,3.0,3.0,3.0,1.0,3.0,1.0,
X1,BICOUSDT,2024-02-16,X1,ok,False,,-0.04634709199997479,-0.028172091999998053,0.045904999999999474,-0.05424999999999752,-0.018174999999976738,0.019827092000000004,0.0,14.0,7.0,7.0,0.0,49.6,99.13546000000002,0.0,0.093175639081579,-36.7229252063353,-0.04634709199998137,3.0,3.0,3.0,3.0,,3.0,1.0,
X1,BICOUSDT,2024-02-17,X1,ok,False,,0.014862988665512887,-0.008586245799574054,0.020079834449072215,-0.018806524663679096,0.02344923446508694,0.009859555584967173,0.0,11.0,9.0,1.0,1.0,42.800000000000004,49.20481147341447,0.03380598233504526,0.09330569554549752,12.433875092679454,0.014862988665512222,2.0,2.0,2.0,2.0,1.0,2.0,1.0,
X1,BICOUSDT,2024-02-18,X1,ok,False,,0.0,0.0,0.0,0.0,0.0,0.0,0.0,0.0,0.0,0.0,0.0,0.0,0.0,0.0,0.09642406779914117,0.0,0.0,,0.0,0.0,,,,1.0,
X1,BICOUSDT,2024-02-19,X1,ok,False,,-0.012907239999999818,-0.012907240000000257,0.007804999999999141,-0.016724999999999397,4.40619762898109e-16,0.003987240000000001,0.0,2.0,0.0,2.0,0.0,22.3,19.936200000000003,0.0,0.09443232050373997,-6.445434298440363,-0.012907239999998765,1.0,1.0,1.0,1.0,,1.0,1.0,
X1,BICOUSDT,2024-02-20,X1,ok,False,,-4.840217402737233e-17,-2.3649490378173612e-18,-7.334216974717898e-20,-1.182393340004804e-18,-4.442420691732117e-17,1.1092135280653782e-18,-1.6130180722337924e-18,2.0,1.0,0.0,1.0,3.378266685727848e-15,1.5124499952003576e-15,1.4667700527732845e-15,0.09887280909605198,-2.3375106513843295e-14,-4.6789155955138655e-17,1.0,1.0,1.0,1.0,1.0,,1.0,8.0
X1,BICOUSDT,2024-02-21,X1,ok,False,,-0.04225013737467202,-0.03984044625044991,0.016126499240216564,-0.045526055915127366,-0.0024096911242221103,0.010440889575539111,-2.2498625185107815e-18,18.0,12.0,3.0,3.0,39.6,52.007658199058405,0.07155988314078235,0.08983274777460999,-39.386139865223136,-0.04225013737466888,4.0,4.0,4.0,4.0,3.0,3.0,1.0,2.0
X1,BICOUSDT,2024-02-22,X1,ok,False,,-0.006307152000000001,-0.006307152000000001,0.005910000000001537,-0.005910000000001537,0.0,0.006307152000000001,0.0,2.0,1.0,1.0,0.0,39.400000000000006,31.535760000000003,0.0,0.09361988454236021,-4.0170639899633365,-0.006307152000001537,1.0,1.0,1.0,1.0,,1.0,1.0,
X1,BICOUSDT,2024-02-23,X1,ok,False,,-0.014689716676500503,-0.01347030112907889,0.021487204359903107,-0.020193587704713148,-0.001219415547421613,0.01476391778426885,0.0,24.0,12.0,8.0,4.0,37.6,73.60736058666805,0.0771739398822524,0.09701842842880055,-13.438195683823128,-0.014689716676501525,6.0,6.0,6.0,6.0,4.0,5.0,1.0,2.0
X1,BICOUSDT,2024-02-24,X1,ok,False,,-0.00023272644372479212,-0.00012214750323796619,9.131199179251618e-06,-0.00010185964682893105,-0.00011057894048682595,2.941905558828675e-05,0.0,4.0,3.0,0.0,1.0,0.14932594403046268,0.09560649953568245,0.01872319214754593,0.0975505988022426,-0.12561122250835086,-0.0002327264437247921,1.0,1.0,1.0,1.0,1.0,1.0,1.0,
X1,BICOUSDT,2024-02-25,X1,ok,False,,0.0,0.0,0.0,0.0,0.0,0.0,0.0,0.0,0.0,0.0,0.0,0.0,0.0,0.0,0.09117665061512702,0.0,0.0,,0.0,0.0,,,,1.0,
X1,CRVUSDT,2024-02-01,X1,ok,False,,-0.014752184260643113,-0.012145153675692398,0.003165316158440231,-0.009513198689855428,-0.0026070305849507144,0.005797271144277201,0.0,4.0,3.0,0.0,1.0,31.763973797164773,28.904676461988274,0.029701548871901753,0.08433384080117419,-2.643819845541939,-0.014752184260643328,1.0,1.0,1.0,1.0,1.0,1.0,,
X1,CRVUSDT,2024-02-02,X1,ok,False,,-0.034355088000001734,-0.03435508799999801,0.009079999999999,-0.027239999999997003,-3.726186026398182e-15,0.016195088000000003,0.0,3.0,0.0,3.0,0.0,90.80000000000001,80.97544000000002,0.0,0.09994654587637872,-8.496743768247411,-0.034355088000005196,1.0,1.0,1.0,1.0,,1.0,1.0,
X1,CRVUSDT,2024-02-03,X1,ok,False,,0.0,0.0,0.0,0.0,0.0,0.0,0.0,0.0,0.0,0.0,0.0,0.0,0.0,0.0,0.09284218951040804,0.0,0.0,,0.0,0.0,,,,1.0,
X1,CRVUSDT,2024-02-04,X1,ok,False,,0.0018893679999954366,-0.003020632000001626,0.014729999999998376,0.0,0.0049099999999970625,0.017750632000000002,0.0,2.0,1.0,1.0,0.0,98.2,88.75316000000001,0.0,0.09414456660134993,0.4258521469661964,0.0018893679999933966,1.0,1.0,1.0,1.0,,1.0,1.0,
X1,CRVUSDT,2024-02-05,X1,ok,False,,-0.05950475199992834,0.02273524799999549,0.010279999999998877,0.030839999999996627,-0.08223999999992382,0.018384752000000018,0.0,3.0,2.0,1.0,0.0,102.80000000000001,91.9237600000001,0.0,0.09737641076388932,-12.940755644966035,-0.059504751999931216,1.0,1.0,1.0,1.0,,1.0,1.0,
X1,CRVUSDT,2024-02-06,X1,ok,False,,0.03712771400004085,0.03712771399999998,0.01783499999999804,0.04161500000000195,4.0870085094013575e-14,0.02232228600000001,0.0,4.0,3.0,1.0,0.0,118.9,111.61143000000006,0.0,0.08912354966256539,6.655157715267725,0.037127714000043,1.0,1.0,1.0,1.0,,1.0,1.0,
X1,CRVUSDT,2024-02-07,X1,ok,False,,0.0,0.0,0.0,0.0,0.0,0.0,0.0,0.0,0.0,0.0,0.0,0.0,0.0,0.0,0.09073840957085232,0.0,0.0,,0.0,0.0,,,,1.0,
X1,CRVUSDT,2024-02-08,X1,ok,False,,-0.0024178430093374694,-0.003846120283661483,0.0002681405863298302,-0.0035719159598795996,0.0014282772743240135,0.0005423449101117138,0.0,3.0,2.0,0.0,1.0,2.7773949498497985,2.609461912088384,0.037186413989157965,0.09544125564104369,-0.43341704836683737,-0.0024178430093373046,1.0,1.0,1.0,1.0,1.0,1.0,1.0,
X1,CRVUSDT,2024-02-09,X1,ok,False,,6.322509825240625e-17,-2.882574416940224e-18,-1.4490630917407614e-19,-5.773159728050178e-19,6.639133687258425e-17,2.16035213496113e-18,-2.836642032377768e-19,2.0,1.0,0.0,1.0,5.773159728050814e-15,2.8323121625817296e-15,2.8979812771723348e-15,0.09838234620334385,1.1385330484999121e-14,6.350876245564427e-17,1.0,1.0,1.0,1.0,1.0,,1.0,
X1,CRVUSDT,2024-02-10,X1,ok,False,,0.0,0.0,0.0,0.0,0.0,0.0,0.0,0.0,0.0,0.0,0.0,0.0,0.0,0.0,0.09819680916614729,0.0,0.0,,0.0,0.0,,,,1.0,
X1,CRVUSDT,2024-02-11,X1,ok,False,,0.0,0.0,0.0,0.0,0.0,0.0,0.0,0.0,0.0,0.0,0.0,0.0,0.0,0.0,0.09851455115121295,0.0,0.0,,0.0,0.0,,,,1.0,
X1,CRVUSDT,2024-02-12,X1,ok,False,,-0.03248498399999976,-0.028494983999998686,0.007979999999999123,-0.019949999999997803,-0.0039900000000010725,0.016524984000000006,0.0,3.0,3.0,0.0,0.0,79.80000000000001,82.62492000000003,0.0,0.0998349706504107,-7.864760432766585,-0.032484983999999884,1.0,1.0,1.0,1.0,,1.0,1.0,
X1,CRVUSDT,2024-02-13,X1,ok,False,,-0.05231278744430112,-0.06053732871907093,0.020187559057999963,-0.039606192659344584,0.008224541274769813,0.04111869511772631,0.0,11.0,7.0,3.0,1.0,110.0,205.4592304913412,0.04881639901465407,0.0930198880710683,-9.377902310934042,-0.052312787444298264,3.0,3.0,3.0,3.0,1.0,3.0,1.0,
X1,CRVUSDT,2024-02-14,X1,ok,False,,-0.10687764095619422,-0.1668617924056902,0.02375042601671047,-0.1507551697100989,0.05998415144949597,0.039857048712301765,0.0,8.0,3.0,4.0,1.0,99.0,199.17583603837826,0.03978455386565735,0.09973063491542414,-21.10743778587786,-0.1068776409561841,2.0,2.0,2.0,2.0,1.0,2.0,1.0,
X1,CRVUSDT,2024-02-15,X1,ok,False,,-0.00033911926973707624,-0.00019161926973722525,0.00030867225000032097,0.0001774999999999096,-0.00014749999999985098,0.0006777915197374558,0.0,6.0,4.0,0.0,2.0,3.149999999999906,3.315934999999971,0.02655367224993022,0.09823167354512471,-0.06563086424938963,-0.000339119269737093,2.0,2.0,2.0,2.0,2.0,1.0,1.0,2.0
X1,CRVUSDT,2024-02-16,X1,ok,False,,-0.2269647928401661,-0.21516630508902293,0.02383813963353717,-0.1881615122488585,-0.011798487751143172,0.05084293247370161,0.0,9.0,5.0,3.0,1.0,105.9,254.11234732920423,0.03720546883775211,0.0957099238403214,-40.67687134855308,-0.22696479284016338,3.0,3.0,3.0,3.0,1.0,3.0,1.0,
X1,CRVUSDT,2024-02-17,X1,ok,False,,-0.08491581999999548,-0.13013581999999013,0.019609999999997837,-0.10914999999998798,0.04521999999999467,0.040595820000000005,0.0,18.0,3.0,15.0,0.0,100.2,202.97910000000002,0.0,0.09705993749119493,-16.36315572184883,-0.08491581999999553,2.0,2.0,2.0,2.0,,2.0,1.0,
X1,CRVUSDT,2024-02-18,X1,ok,False,,0.0,0.0,0.0,0.0,0.0,0.0,0.0,0.0,0.0,0.0,0.0,0.0,0.0,0.0,0.0972453553068304,0.0,0.0,,0.0,0.0,,,,1.0,
X1,CRVUSDT,2024-02-19,X1,ok,False,,-0.000321699999999878,-7.170000000001652e-05,9.999999999998899e-05,4.9999999999994487e-05,-0.00024999999999986144,0.0002217,0.0,4.0,4.0,0.0,0.0,0.9999999999999998,1.1084999999999998,0.0,0.07587929582228813,-0.05768061185553872,-0.0003216999999998693,1.0,1.0,1.0,1.0,,1.0,1.0,
X1,CRVUSDT,2024-02-20,X1,ok,False,,-0.20285220737508208,-0.3222622233250678,0.06828824481791282,-0.2561693234655658,0.11941001594998568,0.1343811446774148,0.0,28.0,14.0,11.0,3.0,102.60000000000001,671.7541959491982,0.05510088650032706,0.08856571733057951,-36.36860295365746,-0.2028522073751038,8.0,8.0,8.0,8.0,3.0,7.0,1.0,
X1,CRVUSDT,2024-02-21,X1,ok,False,,-0.21430557009948908,-0.17879984964846557,0.05448829344587247,-0.13103331032579438,-0.035505720451023515,0.10225483276854365,0.0,27.0,20.0,5.0,2.0,108.30000000000001,511.06451468347166,0.07623605790784559,0.07857884741352474,-38.413745687287836,-0.21430557009951076,6.0,6.0,6.0,6.0,2.0,6.0,1.0,
X1,CRVUSDT,2024-02-22,X1,ok,False,,-0.019058837759986805,-0.0187488067572653,0.004835187793692708,-0.012730277545061288,-0.00031003100272150586,0.010853717005896718,0.0,11.0,6.0,2.0,3.0,34.77033050646098,54.00391608721527,0.09624325173393106,0.08648692786194292,-3.4160422524022205,-0.01905883775999063,3.0,3.0,3.0,3.0,3.0,3.0,1.0,
X1,CRVUSDT,2024-02-23,X1,ok,False,,-0.2847427347618988,-0.07763994064424255,0.029929513588231996,-0.04058426470588335,-0.2071027941176563,0.0669851895265912,-3.0130586745613644e-18,15.0,12.0,1.0,2.0,101.80000000000001,334.8021423529412,0.045020101823548764,0.08327358208024001,-51.03458056654758,-0.2847427347618998,4.0,4.0,4.0,4.0,2.0,3.0,1.0,4.0
X1,CRVUSDT,2024-02-24,X1,ok,False,,0.00346633999999758,0.02968133999999478,0.011009999999998788,0.036324999999996,-0.026214999999997202,0.017653660000000005,0.0,4.0,3.0,1.0,0.0,74.9,88.26830000000002,0.0,0.09415164109771725,0.7869549917699734,0.003466339999998791,1.0,1.0,1.0,1.0,,1.0,1.0,
X1,CRVUSDT,2024-02-25,X1,ok,False,,0.0,0.0,0.0,0.0,0.0,0.0,0.0,0.0,0.0,0.0,0.0,0.0,0.0,0.0,0.09468466619741939,0.0,0.0,,0.0,0.0,,,,1.0,
X1,XRPUSDT,2024-02-01,X1,ok,False,,-1.9541876728940415,-2.024395682113599,0.8474721589073642,-1.494113017497719,0.07020800921955739,1.3777548235232442,0.0,19.0,13.0,5.0,1.0,3975.11729889653,6888.342067986952,0.1571089560974376,0.09944585051171763,-9.764210079724908,-1.9541876728943404,2.0,2.0,2.0,2.0,1.0,2.0,,
X1,XRPUSDT,2024-02-02,X1,ok,False,,-0.0003998000000000335,-0.0006998000000000559,9.999999999998899e-05,-0.0006000000000000449,0.00030000000000002247,0.00019980000000000003,0.0,2.0,1.0,1.0,0.0,1.0,0.9990000000000001,0.0,0.09974675743956753,-0.001498277243499679,-0.0003998000000000057,1.0,1.0,1.0,1.0,,1.0,1.0,
X1,XRPUSDT,2024-02-03,X1,ok,False,,0.0,0.0,0.0,0.0,0.0,0.0,0.0,0.0,0.0,0.0,0.0,0.0,0.0,0.0,0.09975397877953508,0.0,0.0,,0.0,0.0,,,,1.0,
X1,XRPUSDT,2024-02-04,X1,ok,False,,0.08007433725414748,-0.5380635898815218,0.616379371483893,0.081456183860646,0.6181379271356693,1.2358991452260608,0.0,12.0,11.0,0.0,1.0,6165.0,6178.160400540865,0.48557294161405723,0.09831651525323062,0.2598747114558999,0.08007433725435864,1.0,1.0,1.0,1.0,1.0,1.0,1.0,
X1,XRPUSDT,2024-02-05,X1,ok,False,,-1.6504096726432236,-2.0769886216193383,0.2810454391981841,-1.7985673341488793,0.4265789489761149,0.5594667266686433,0.0,30.0,20.0,9.0,1.0,2814.547186373491,2796.132004289881,0.43695601939453815,0.09620433154827134,-6.058306944551374,-1.6504096726432134,1.0,1.0,1.0,1.0,1.0,1.0,1.0,
X1,XRPUSDT,2024-02-06,X1,ok,False,,-0.5772371600000286,-1.7296371599999367,0.5761999999999365,-1.152399999999873,1.1523999999999082,1.1534371600000002,0.0,6.0,5.0,1.0,0.0,5762.0,5767.185800000001,0.0,0.09919970213125474,-2.0019984012777297,-0.5772371599996404,1.0,1.0,1.0,1.0,,1.0,1.0,
X1,XRPUSDT,2024-02-07,X1,ok,False,,0.0,0.0,0.0,0.0,0.0,0.0,0.0,0.0,0.0,0.0,0.0,0.0,0.0,0.0,0.09637178306761511,0.0,0.0,,0.0,0.0,,,,1.0,
X1,XRPUSDT,2024-02-08,X1,ok,False,,-0.15859146299128526,-0.08163704629215816,0.07778857572455232,-4.4504384258375884e-05,-0.0769544166991271,0.1593811176324521,0.0,4.0,3.0,0.0,1.0,778.4450438425838,796.277284429866,0.22847408450708392,0.09515458818193255,-0.4661520777841481,-0.15859146299125618,1.0,1.0,1.0,1.0,1.0,1.0,1.0,
X1,XRPUSDT,2024-02-09,X1,ok,False,,-0.031047784141728853,-0.01618646805162291,0.01448601120638575,-5.377203003124133e-05,-0.014861316090105945,0.030618707227977417,0.0,6.0,4.0,1.0,1.0,146.5377203003136,152.32419096037333,0.2797618834595506,0.09177030848599148,-0.09126364978863175,-0.031047784141712775,1.0,1.0,1.0,1.0,1.0,1.0,1.0,
X1,XRPUSDT,2024-02-10,X1,ok,False,,0.0,0.0,0.0,0.0,0.0,0.0,0.0,0.0,0.0,0.0,0.0,0.0,0.0,0.0,0.08984079143390379,0.0,0.0,,0.0,0.0,,,,1.0,
X1,XRPUSDT,2024-02-11,X1,ok,False,,0.0,0.0,0.0,0.0,0.0,0.0,0.0,0.0,0.0,0.0,0.0,0.0,0.0,0.0,0.0871482269155025,0.0,0.0,,0.0,0.0,,,,1.0,
X1,XRPUSDT,2024-02-12,X1,ok,False,,-0.00998433717788373,-0.01232523016158172,0.005679333816441596,-0.005543940467752751,0.00234089298369799,0.012460623510270564,0.0,3.0,1.0,1.0,1.0,57.78029766123319,61.16642062367117,0.4133443373387795,0.09204299178637958,-0.029341729703809376,-0.009984337177885827,1.0,1.0,1.0,1.0,1.0,1.0,1.0,
X1,XRPUSDT,2024-02-13,X1,ok,False,,-3.208696751343476,-4.293553297569182,1.5279483812428503,-1.271884854563551,1.0848565462257058,4.549616824248481,0.0,25.0,20.0,3.0,2.0,6546.0,22747.015613189316,0.3885483829437977,0.09167939073803487,-9.431717032995698,-3.2086967513427695,3.0,3.0,3.0,3.0,2.0,3.0,1.0,
X1,XRPUSDT,2024-02-14,X1,ok,False,,-1.1038274046854584,-2.290775419450341,0.3588070155587133,-1.8859063494668846,1.1869480147648825,0.7636760855421696,0.0,23.0,14.0,8.0,1.0,3215.0,3817.3040320922905,0.3914165885663894,0.09085351656098334,-3.2445700188771642,-1.1038274046855112,2.0,2.0,2.0,2.0,1.0,2.0,1.0,
X1,XRPUSDT,2024-02-15,X1,ok,False,,-0.23133688000003688,-0.12123688000000006,0.055499999999994,-0.05619999999999403,-0.11010000000003684,0.12053688000000003,0.0,28.0,21.0,7.0,0.0,552.0,602.6843999999999,0.0,0.09243027477959884,-0.6800232178785741,-0.2313368799999106,4.0,4.0,4.0,4.0,,4.0,1.0,
X1,XRPUSDT,2024-02-16,X1,ok,False,,-15.925587296358724,-12.82856176568975,1.2352787650261772,-11.30772420549499,-3.097025530668974,2.756116325220937,0.0,21.0,9.0,10.0,2.0,6060.0,13779.833581971596,0.27201604839340326,0.09648302585210394,-47.484522632735874,-15.925587296359259,3.0,3.0,3.0,3.0,2.0,3.0,1.0,
X1,XRPUSDT,2024-02-17,X1,ok,False,,-0.5406043990958486,-0.9461470108444907,0.27545420818900146,-0.6210006500681476,0.40554261174864215,0.6006005689653445,0.0,10.0,4.0,5.0,1.0,2753.808531761919,3002.689896341012,0.11379944934951956,0.08714893082975463,-1.5889863523386143,-0.5406043990954973,2.0,2.0,2.0,2.0,1.0,2.0,1.0,
X1,XRPUSDT,2024-02-18,X1,ok,False,,0.0,0.0,0.0,0.0,0.0,0.0,0.0,0.0,0.0,0.0,0.0,0.0,0.0,0.0,0.08728168428780973,0.0,0.0,,0.0,0.0,,,,1.0,
X1,XRPUSDT,2024-02-19,X1,ok,False,,-2.506812203960148,-1.7018869441309983,0.40208813986864606,-1.2064706493712303,-0.8049252598291499,0.8975044346284139,0.0,7.0,6.0,0.0,1.0,4021.4266234284078,4486.869898535395,0.23719076606340786,0.09696199053110141,-7.368481863093979,-2.506812203959996,1.0,1.0,1.0,1.0,1.0,1.0,1.0,
X1,XRPUSDT,2024-02-20,X1,ok,False,,-5.431054232156796,-12.904647771948646,1.9505454356700929,-8.932053347855259,7.4735935397918505,5.92313985976348,0.0,88.0,51.0,32.0,5.0,11528.0,29611.37205670544,1.5735425861647858,0.09790348898517459,-18.80791981037005,-5.431054232156987,8.0,8.0,8.0,8.0,5.0,8.0,1.0,
X1,XRPUSDT,2024-02-21,X1,ok,False,,-6.680370776738728,-11.90858351126325,2.0893893197587095,-9.496238710769791,5.228212734524522,4.501734120252168,0.0,110.0,33.0,74.0,3.0,6346.0,22506.157869716222,0.9137205616854178,0.0994691365814439,-19.781067273831432,-6.680370776738672,6.0,6.0,6.0,6.0,3.0,6.0,1.0,
X1,XRPUSDT,2024-02-22,X1,ok,False,,-3.165659023186167e-05,6.513739129748502e-05,-2.6182772003723577e-05,0.0004839699076468237,-9.67939815293467e-05,0.0003926497443456151,0.0,2.0,1.0,0.0,1.0,0.9679398152937538,0.5232682641478034,0.5236292573019171,0.0978783618058473,-9.620614667241741e-05,-3.165659023185441e-05,1.0,1.0,1.0,1.0,1.0,1.0,1.0,
X1,XRPUSDT,2024-02-23,X1,ok,False,,-4.694935680671928,-8.300538944258367,2.2885909640077773,-5.682744589478621,3.6056032635864397,4.906385318787524,0.0,52.0,40.0,8.0,4.0,6328.0,24528.46142384986,1.260061850092989,0.09258878797231913,-15.323183385188734,-4.694935680672139,8.0,8.0,8.0,8.0,4.0,8.0,1.0,
X1,XRPUSDT,2024-02-24,X1,ok,False,,-0.09515855999997158,-0.22895856000003478,0.04459999999999509,-0.17840000000002987,0.1338000000000632,0.09515856,0.0,36.0,1.0,35.0,0.0,446.0,475.7928,0.0,0.0930322863633248,-0.386554272293498,-0.09515855999995892,1.0,1.0,1.0,1.0,,1.0,1.0,
X1,XRPUSDT,2024-02-25,X1,ok,False,,0.0,0.0,0.0,0.0,0.0,0.0,0.0,0.0,0.0,0.0,0.0,0.0,0.0,0.0,0.09931073089060179,0.0,0.0,,0.0,0.0,,,,1.0,
