symbol,effective,detector,statistic
BICOUSDT,2024-02-01 05:58:00.010000+00:00,structural_breaks,scale
BICOUSDT,2024-02-01 08:02:00.010000+00:00,structural_breaks,scale
BICOUSDT,2024-02-01 11:13:00.010000+00:00,structural_breaks,scale
BICOUSDT,2024-02-01 20:23:00.010000+00:00,structural_breaks,scale
BICOUSDT,2024-02-01 22:36:00.010000+00:00,structural_breaks,scale
BICOUSDT,2024-02-02 11:00:04.010000+00:00,changepoint,volatility
BICOUSDT,2024-02-02 12:06:44.010000+00:00,changepoint,intensity
BICOUSDT,2024-02-02 13:38:00.010000+00:00,structural_breaks,scale
BICOUSDT,2024-02-02 15:59:00.010000+00:00,structural_breaks,scale
BICOUSDT,2024-02-02 23:02:00.010000+00:00,structural_breaks,scale
BICOUSDT,2024-02-03 00:53:24.010000+00:00,changepoint,spread
BICOUSDT,2024-02-03 09:46:44.010000+00:00,changepoint,volatility
BICOUSDT,2024-02-03 10:20:04.010000+00:00,changepoint,intensity
BICOUSDT,2024-02-03 14:13:00.010000+00:00,structural_breaks,scale
BICOUSDT,2024-02-03 16:20:00.010000+00:00,structural_breaks,scale
BICOUSDT,2024-02-03 19:46:44.010000+00:00,changepoint,spread
BICOUSDT,2024-02-03 22:00:04.010000+00:00,changepoint,volatility
BICOUSDT,2024-02-04 00:12:00.010000+00:00,structural_breaks,scale
BICOUSDT,2024-02-04 02:00:00.010000+00:00,structural_breaks,scale
BICOUSDT,2024-02-04 05:10:00.010000+00:00,structural_breaks,scale
BICOUSDT,2024-02-04 10:46:44.010000+00:00,changepoint,spread
BICOUSDT,2024-02-04 11:17:00.010000+00:00,structural_breaks,scale
BICOUSDT,2024-02-04 13:00:04.010000+00:00,changepoint,intensity
BICOUSDT,2024-02-04 15:07:00.010000+00:00,structural_breaks,scale
BICOUSDT,2024-02-04 15:13:24.010000+00:00,changepoint,autocorrelation
BICOUSDT,2024-02-04 19:13:00.010000+00:00,structural_breaks,scale
BICOUSDT,2024-02-05 01:13:00.010000+00:00,structural_breaks,scale
BICOUSDT,2024-02-05 04:21:00.010000+00:00,structural_breaks,scale
BICOUSDT,2024-02-05 15:22:00.010000+00:00,structural_breaks,scale
BICOUSDT,2024-02-05 15:40:08.010000+00:00,changepoint,autocorrelation
BICOUSDT,2024-02-05 18:27:00.010000+00:00,structural_breaks,scale
BICOUSDT,2024-02-05 20:25:00.010000+00:00,structural_breaks,scale
BICOUSDT,2024-02-05 22:10:00.010000+00:00,structural_breaks,scale
BICOUSDT,2024-02-06 03:18:00.010000+00:00,structural_breaks,scale
BICOUSDT,2024-02-06 03:20:09.010000+00:00,changepoint,intensity
BICOUSDT,2024-02-06 07:13:29.010000+00:00,changepoint,autocorrelation
BICOUSDT,2024-02-06 11:03:00.010000+00:00,structural_breaks,scale
BICOUSDT,2024-02-06 15:13:00.010000+00:00,structural_breaks,scale
BICOUSDT,2024-02-06 16:06:49.010000+00:00,changepoint,volatility
BICOUSDT,2024-02-06 20:13:00.010000+00:00,structural_breaks,scale
BICOUSDT,2024-02-06 22:16:00.010000+00:00,structural_breaks,scale
BICOUSDT,2024-02-07 00:03:00.010000+00:00,structural_breaks,scale
BICOUSDT,2024-02-07 04:33:00.010000+00:00,structural_breaks,scale
BICOUSDT,2024-02-07 07:40:10.010000+00:00,changepoint,autocorrelation
BICOUSDT,2024-02-07 08:13:30.010000+00:00,changepoint,volatility
BICOUSDT,2024-02-07 08:13:30.010000+00:00,changepoint,spread
BICOUSDT,2024-02-07 10:26:50.010000+00:00,changepoint,intensity
BICOUSDT,2024-02-07 11:37:00.010000+00:00,structural_breaks,dependence
BICOUSDT,2024-02-07 13:46:50.010000+00:00,changepoint,volatility
BICOUSDT,2024-02-07 13:55:00.010000+00:00,structural_breaks,scale
BICOUSDT,2024-02-07 19:02:00.010000+00:00,structural_breaks,scale
BICOUSDT,2024-02-07 23:09:00.010000+00:00,structural_breaks,scale
BICOUSDT,2024-02-08 01:24:00.010000+00:00,structural_breaks,dependence
BICOUSDT,2024-02-08 01:26:54.010000+00:00,changepoint,autocorrelation
BICOUSDT,2024-02-08 03:22:00.010000+00:00,structural_breaks,scale
BICOUSDT,2024-02-08 07:33:34.010000+00:00,changepoint,intensity
BICOUSDT,2024-02-08 09:46:54.010000+00:00,changepoint,volatility
BICOUSDT,2024-02-08 09:46:54.010000+00:00,changepoint,spread
BICOUSDT,2024-02-08 14:08:00.010000+00:00,structural_breaks,scale
BICOUSDT,2024-02-08 17:33:34.010000+00:00,changepoint,volatility
BICOUSDT,2024-02-08 18:06:54.010000+00:00,changepoint,autocorrelation
BICOUSDT,2024-02-08 19:25:00.010000+00:00,structural_breaks,scale
BICOUSDT,2024-02-09 00:46:54.010000+00:00,changepoint,spread
BICOUSDT,2024-02-09 01:20:14.010000+00:00,changepoint,autocorrelation
BICOUSDT,2024-02-09 03:00:14.010000+00:00,changepoint,intensity
BICOUSDT,2024-02-09 04:06:54.010000+00:00,changepoint,volatility
BICOUSDT,2024-02-09 04:35:00.010000+00:00,structural_breaks,scale
BICOUSDT,2024-02-09 09:06:54.010000+00:00,changepoint,spread
BICOUSDT,2024-02-09 10:46:54.010000+00:00,changepoint,autocorrelation
BICOUSDT,2024-02-09 14:23:00.010000+00:00,structural_breaks,scale
BICOUSDT,2024-02-09 15:13:34.010000+00:00,changepoint,intensity
BICOUSDT,2024-02-09 17:22:00.010000+00:00,structural_breaks,scale
BICOUSDT,2024-02-09 18:00:14.010000+00:00,changepoint,volatility
BICOUSDT,2024-02-09 19:09:00.010000+00:00,structural_breaks,dependence
BICOUSDT,2024-02-09 23:07:00.010000+00:00,structural_breaks,scale
BICOUSDT,2024-02-10 03:01:00.010000+00:00,structural_breaks,scale
BICOUSDT,2024-02-10 09:06:00.010000+00:00,structural_breaks,scale
BICOUSDT,2024-02-10 14:33:35.010000+00:00,changepoint,autocorrelation
BICOUSDT,2024-02-10 18:26:55.010000+00:00,changepoint,intensity
BICOUSDT,2024-02-10 20:26:00.010000+00:00,structural_breaks,scale
BICOUSDT,2024-02-11 00:10:00.010000+00:00,structural_breaks,scale
BICOUSDT,2024-02-11 02:23:00.010000+00:00,structural_breaks,scale
BICOUSDT,2024-02-11 12:43:00.010000+00:00,structural_breaks,scale
BICOUSDT,2024-02-11 15:00:15.010000+00:00,changepoint,autocorrelation
BICOUSDT,2024-02-11 17:53:00.010000+00:00,structural_breaks,scale
BICOUSDT,2024-02-11 20:00:15.010000+00:00,changepoint,volatility
BICOUSDT,2024-02-11 20:00:15.010000+00:00,changepoint,spread
BICOUSDT,2024-02-11 20:42:00.010000+00:00,structural_breaks,dependence
BICOUSDT,2024-02-11 22:37:00.010000+00:00,structural_breaks,scale
BICOUSDT,2024-02-12 02:37:00.010000+00:00,structural_breaks,scale
BICOUSDT,2024-02-12 07:40:15.010000+00:00,changepoint,autocorrelation
BICOUSDT,2024-02-12 10:59:00.010000+00:00,structural_breaks,scale
BICOUSDT,2024-02-12 17:06:55.010000+00:00,changepoint,intensity
BICOUSDT,2024-02-12 19:18:00.010000+00:00,structural_breaks,scale
BICOUSDT,2024-02-12 22:36:00.010000+00:00,structural_breaks,scale
BICOUSDT,2024-02-13 00:10:00.010000+00:00,structural_breaks,scale
BICOUSDT,2024-02-13 07:23:00.010000+00:00,structural_breaks,scale
BICOUSDT,2024-02-13 13:38:00.010000+00:00,structural_breaks,scale
BICOUSDT,2024-02-13 13:40:15.010000+00:00,changepoint,autocorrelation
BICOUSDT,2024-02-13 14:13:35.010000+00:00,changepoint,volatility
BICOUSDT,2024-02-13 15:20:15.010000+00:00,changepoint,intensity
BICOUSDT,2024-02-13 15:45:00.010000+00:00,structural_breaks,scale
BICOUSDT,2024-02-13 19:45:00.010000+00:00,structural_breaks,scale
BICOUSDT,2024-02-14 00:00:00.010000+00:00,structural_breaks,scale
BICOUSDT,2024-02-14 02:54:00.010000+00:00,structural_breaks,scale
BICOUSDT,2024-02-14 05:15:00.010000+00:00,structural_breaks,scale
BICOUSDT,2024-02-14 12:25:00.010000+00:00,structural_breaks,scale
BICOUSDT,2024-02-14 14:06:56.010000+00:00,changepoint,volatility
BICOUSDT,2024-02-14 14:43:00.010000+00:00,structural_breaks,scale
BICOUSDT,2024-02-14 15:13:36.010000+00:00,changepoint,intensity
BICOUSDT,2024-02-14 16:52:00.010000+00:00,structural_breaks,scale
BICOUSDT,2024-02-14 18:33:36.010000+00:00,changepoint,spread
BICOUSDT,2024-02-15 01:12:00.010000+00:00,structural_breaks,scale
BICOUSDT,2024-02-15 03:15:00.010000+00:00,structural_breaks,scale
BICOUSDT,2024-02-15 05:58:00.010000+00:00,structural_breaks,scale
BICOUSDT,2024-02-15 12:10:00.010000+00:00,structural_breaks,scale
BICOUSDT,2024-02-15 14:03:00.010000+00:00,structural_breaks,scale
BICOUSDT,2024-02-15 15:40:16.010000+00:00,changepoint,intensity
BICOUSDT,2024-02-15 15:47:00.010000+00:00,structural_breaks,scale
BICOUSDT,2024-02-15 18:41:00.010000+00:00,structural_breaks,scale
BICOUSDT,2024-02-15 19:33:36.010000+00:00,changepoint,volatility
BICOUSDT,2024-02-15 21:46:56.010000+00:00,changepoint,intensity
BICOUSDT,2024-02-15 21:58:00.010000+00:00,structural_breaks,scale
BICOUSDT,2024-02-15 23:53:00.010000+00:00,structural_breaks,scale
BICOUSDT,2024-02-16 02:49:00.010000+00:00,structural_breaks,scale
BICOUSDT,2024-02-16 04:26:56.010000+00:00,changepoint,spread
BICOUSDT,2024-02-16 04:41:00.010000+00:00,structural_breaks,scale
BICOUSDT,2024-02-16 09:33:00.010000+00:00,structural_breaks,scale
BICOUSDT,2024-02-16 10:33:36.010000+00:00,changepoint,autocorrelation
BICOUSDT,2024-02-16 11:30:00.010000+00:00,structural_breaks,scale
BICOUSDT,2024-02-16 14:26:56.010000+00:00,changepoint,spread
BICOUSDT,2024-02-16 15:00:16.010000+00:00,changepoint,intensity
BICOUSDT,2024-02-16 15:15:00.010000+00:00,structural_breaks,scale
BICOUSDT,2024-02-16 15:33:36.010000+00:00,changepoint,volatility
BICOUSDT,2024-02-16 18:29:00.010000+00:00,structural_breaks,scale
BICOUSDT,2024-02-16 22:47:00.010000+00:00,structural_breaks,scale
BICOUSDT,2024-02-17 03:59:00.010000+00:00,structural_breaks,scale
BICOUSDT,2024-02-17 04:20:16.010000+00:00,changepoint,volatility
BICOUSDT,2024-02-17 06:08:00.010000+00:00,structural_breaks,scale
BICOUSDT,2024-02-17 08:53:00.010000+00:00,structural_breaks,scale
BICOUSDT,2024-02-17 11:55:00.010000+00:00,structural_breaks,scale
BICOUSDT,2024-02-17 14:39:00.010000+00:00,structural_breaks,scale
BICOUSDT,2024-02-17 14:53:36.010000+00:00,changepoint,intensity
BICOUSDT,2024-02-17 18:00:00.010000+00:00,structural_breaks,scale
BICOUSDT,2024-02-17 23:43:00.010000+00:00,structural_breaks,scale
BICOUSDT,2024-02-18 01:26:56.010000+00:00,changepoint,volatility
BICOUSDT,2024-02-18 03:54:00.010000+00:00,structural_breaks,scale
BICOUSDT,2024-02-18 06:09:00.010000+00:00,structural_breaks,scale
BICOUSDT,2024-02-18 08:06:00.010000+00:00,structural_breaks,scale
BICOUSDT,2024-02-18 09:46:56.010000+00:00,changepoint,autocorrelation
BICOUSDT,2024-02-18 09:47:00.010000+00:00,structural_breaks,scale
BICOUSDT,2024-02-18 14:47:00.010000+00:00,structural_breaks,scale
BICOUSDT,2024-02-18 17:33:36.010000+00:00,changepoint,volatility
BICOUSDT,2024-02-19 00:25:00.010000+00:00,structural_breaks,scale
BICOUSDT,2024-02-19 01:20:17.010000+00:00,changepoint,intensity
BICOUSDT,2024-02-19 02:26:57.010000+00:00,changepoint,spread
BICOUSDT,2024-02-19 06:20:17.010000+00:00,changepoint,volatility
BICOUSDT,2024-02-19 10:46:57.010000+00:00,changepoint,intensity
BICOUSDT,2024-02-19 16:58:00.010000+00:00,structural_breaks,scale
BICOUSDT,2024-02-19 18:00:17.010000+00:00,changepoint,intensity
BICOUSDT,2024-02-19 18:33:37.010000+00:00,changepoint,spread
BICOUSDT,2024-02-19 19:06:00.010000+00:00,structural_breaks,scale
BICOUSDT,2024-02-20 00:47:00.010000+00:00,structural_breaks,scale
BICOUSDT,2024-02-20 02:40:00.010000+00:00,structural_breaks,scale
BICOUSDT,2024-02-20 03:26:57.010000+00:00,changepoint,volatility
BICOUSDT,2024-02-20 06:48:00.010000+00:00,structural_breaks,scale
BICOUSDT,2024-02-20 09:00:17.010000+00:00,changepoint,intensity
BICOUSDT,2024-02-20 09:51:00.010000+00:00,structural_breaks,scale
BICOUSDT,2024-02-20 12:13:00.010000+00:00,structural_breaks,scale
BICOUSDT,2024-02-20 14:14:00.010000+00:00,structural_breaks,scale
BICOUSDT,2024-02-20 15:06:57.010000+00:00,changepoint,volatility
BICOUSDT,2024-02-20 15:06:57.010000+00:00,changepoint,intensity
BICOUSDT,2024-02-20 16:23:00.010000+00:00,structural_breaks,scale
BICOUSDT,2024-02-20 18:23:00.010000+00:00,structural_breaks,scale
BICOUSDT,2024-02-20 20:40:17.010000+00:00,changepoint,intensity
BICOUSDT,2024-02-20 21:40:00.010000+00:00,structural_breaks,scale
BICOUSDT,2024-02-21 01:06:58.010000+00:00,changepoint,volatility
BICOUSDT,2024-02-21 02:46:58.010000+00:00,changepoint,spread
BICOUSDT,2024-02-21 03:54:00.010000+00:00,structural_breaks,scale
BICOUSDT,2024-02-21 06:10:00.010000+00:00,structural_breaks,scale
BICOUSDT,2024-02-21 08:53:38.010000+00:00,changepoint,intensity
BICOUSDT,2024-02-21 10:12:00.010000+00:00,structural_breaks,scale
BICOUSDT,2024-02-21 12:13:38.010000+00:00,changepoint,spread
BICOUSDT,2024-02-21 14:26:58.010000+00:00,changepoint,intensity
BICOUSDT,2024-02-21 15:00:18.010000+00:00,changepoint,volatility
BICOUSDT,2024-02-21 17:46:58.010000+00:00,changepoint,spread
BICOUSDT,2024-02-21 21:06:58.010000+00:00,changepoint,intensity
BICOUSDT,2024-02-21 22:13:00.010000+00:00,structural_breaks,scale
BICOUSDT,2024-02-21 23:20:18.010000+00:00,changepoint,spread
BICOUSDT,2024-02-22 01:34:00.010000+00:00,structural_breaks,dependence
BICOUSDT,2024-02-22 09:20:19.010000+00:00,changepoint,spread
BICOUSDT,2024-02-22 10:26:59.010000+00:00,changepoint,volatility
BICOUSDT,2024-02-22 11:00:19.010000+00:00,changepoint,intensity
BICOUSDT,2024-02-22 13:28:00.010000+00:00,structural_breaks,scale
BICOUSDT,2024-02-22 16:33:39.010000+00:00,changepoint,spread
BICOUSDT,2024-02-22 16:33:39.010000+00:00,changepoint,intensity
BICOUSDT,2024-02-22 17:06:59.010000+00:00,changepoint,volatility
BICOUSDT,2024-02-22 18:22:00.010000+00:00,structural_breaks,scale
BICOUSDT,2024-02-22 20:42:00.010000+00:00,structural_breaks,scale
BICOUSDT,2024-02-22 22:57:00.010000+00:00,structural_breaks,dependence
BICOUSDT,2024-02-23 01:02:00.010000+00:00,structural_breaks,scale
BICOUSDT,2024-02-23 02:33:41.010000+00:00,changepoint,intensity
BICOUSDT,2024-02-23 07:33:41.010000+00:00,changepoint,volatility
BICOUSDT,2024-02-23 08:07:01.010000+00:00,changepoint,spread
BICOUSDT,2024-02-23 13:40:21.010000+00:00,changepoint,intensity
BICOUSDT,2024-02-23 14:42:00.010000+00:00,structural_breaks,scale
BICOUSDT,2024-02-23 15:20:21.010000+00:00,changepoint,volatility
BICOUSDT,2024-02-23 17:33:41.010000+00:00,changepoint,spread
BICOUSDT,2024-02-23 17:50:00.010000+00:00,structural_breaks,scale
BICOUSDT,2024-02-23 19:13:41.010000+00:00,changepoint,intensity
BICOUSDT,2024-02-23 21:27:01.010000+00:00,changepoint,autocorrelation
BICOUSDT,2024-02-24 00:13:41.010000+00:00,changepoint,volatility
BICOUSDT,2024-02-24 02:07:00.010000+00:00,structural_breaks,scale
BICOUSDT,2024-02-24 10:13:41.010000+00:00,changepoint,volatility
BICOUSDT,2024-02-24 19:07:01.010000+00:00,changepoint,spread
BICOUSDT,2024-02-25 00:38:00.010000+00:00,structural_breaks,scale
BICOUSDT,2024-02-25 04:00:21.010000+00:00,changepoint,intensity
BICOUSDT,2024-02-25 04:33:41.010000+00:00,changepoint,volatility
BICOUSDT,2024-02-25 08:27:01.010000+00:00,changepoint,autocorrelation
BICOUSDT,2024-02-25 10:54:00.010000+00:00,structural_breaks,scale
BICOUSDT,2024-02-25 17:48:00.010000+00:00,structural_breaks,scale
BICOUSDT,2024-02-25 20:08:00.010000+00:00,structural_breaks,scale
