strategy,symbol,fee_group,method,net_usd_day_at_base,maker_turnover_usd_day,breakeven_maker_bp,best_published_maker_bp,mm_programme_maker_bp,published_tiers_that_would_pay,caveat
S0,BICOUSDT,altcoin,analytic,-43.4068,86661.1,-3.0088,0,-1,none,"Bybit's linear-perpetual schedule as published in 2026 (page last updated 2026-09-02, transcribed 2026-10-02), applied to data from February to April 2024, when the schedule may have differed. Volumes are 30-day derivatives volume in USDT; Pro levels require more than 20% of volume through the API."
S1,BICOUSDT,altcoin,re-run on the grid,-1.20428,1587.97,-inf,0,-1,none,"Bybit's linear-perpetual schedule as published in 2026 (page last updated 2026-09-02, transcribed 2026-10-02), applied to data from February to April 2024, when the schedule may have differed. Volumes are 30-day derivatives volume in USDT; Pro levels require more than 20% of volume through the API."
S2,BICOUSDT,altcoin,re-run on the grid,-1.21151,1589.34,-1.48149,0,-1,none,"Bybit's linear-perpetual schedule as published in 2026 (page last updated 2026-09-02, transcribed 2026-10-02), applied to data from February to April 2024, when the schedule may have differed. Volumes are 30-day derivatives volume in USDT; Pro levels require more than 20% of volume through the API."
S3,BICOUSDT,altcoin,re-run on the grid,-1.09683,1362.45,-inf,0,-1,none,"Bybit's linear-perpetual schedule as published in 2026 (page last updated 2026-09-02, transcribed 2026-10-02), applied to data from February to April 2024, when the schedule may have differed. Volumes are 30-day derivatives volume in USDT; Pro levels require more than 20% of volume through the API."
S4,BICOUSDT,altcoin,re-run on the grid,-0.649597,2441.71,-0.524917,0,-1,none,"Bybit's linear-perpetual schedule as published in 2026 (page last updated 2026-09-02, transcribed 2026-10-02), applied to data from February to April 2024, when the schedule may have differed. Volumes are 30-day derivatives volume in USDT; Pro levels require more than 20% of volume through the API."
X1,BICOUSDT,altcoin,analytic,-0.0572013,70.2369,-6.14406,0,-1,none,"Bybit's linear-perpetual schedule as published in 2026 (page last updated 2026-09-02, transcribed 2026-10-02), applied to data from February to April 2024, when the schedule may have differed. Volumes are 30-day derivatives volume in USDT; Pro levels require more than 20% of volume through the API."
S0,BTCUSDT,g1,analytic,-215673,6.87599e+08,-1.13662,0,-1,none,"Bybit's linear-perpetual schedule as published in 2026 (page last updated 2026-09-02, transcribed 2026-10-02), applied to data from February to April 2024, when the schedule may have differed. Volumes are 30-day derivatives volume in USDT; Pro levels require more than 20% of volume through the API."
S0,CRVUSDT,altcoin,analytic,-284.131,730030,-1.89205,0,-1,none,"Bybit's linear-perpetual schedule as published in 2026 (page last updated 2026-09-02, transcribed 2026-10-02), applied to data from February to April 2024, when the schedule may have differed. Volumes are 30-day derivatives volume in USDT; Pro levels require more than 20% of volume through the API."
S1,CRVUSDT,altcoin,re-run on the grid,0.61947,2569.15,inf,0,-1,base vip1 vip2 vip3 vip4 vip5 supreme_vip pro1_altcoin pro2_altcoin pro3_altcoin pro4_altcoin pro5_altcoin pro6_altcoin,"Bybit's linear-perpetual schedule as published in 2026 (page last updated 2026-09-02, transcribed 2026-10-02), applied to data from February to April 2024, when the schedule may have differed. Volumes are 30-day derivatives volume in USDT; Pro levels require more than 20% of volume through the API."
S4,CRVUSDT,altcoin,re-run on the grid,-2.07982,5812.31,0.617221,0,-1,supreme_vip pro1_altcoin pro2_altcoin pro3_altcoin pro4_altcoin pro5_altcoin pro6_altcoin,"Bybit's linear-perpetual schedule as published in 2026 (page last updated 2026-09-02, transcribed 2026-10-02), applied to data from February to April 2024, when the schedule may have differed. Volumes are 30-day derivatives volume in USDT; Pro levels require more than 20% of volume through the API."
X1,CRVUSDT,altcoin,analytic,-0.198526,491.286,-2.04094,0,-1,none,"Bybit's linear-perpetual schedule as published in 2026 (page last updated 2026-09-02, transcribed 2026-10-02), applied to data from February to April 2024, when the schedule may have differed. Volumes are 30-day derivatives volume in USDT; Pro levels require more than 20% of volume through the API."
S0,XRPUSDT,g1,analytic,-11425.7,3.27414e+07,-1.48968,0,-1,none,"Bybit's linear-perpetual schedule as published in 2026 (page last updated 2026-09-02, transcribed 2026-10-02), applied to data from February to April 2024, when the schedule may have differed. Volumes are 30-day derivatives volume in USDT; Pro levels require more than 20% of volume through the API."
S1,XRPUSDT,g1,re-run on the grid,70.7903,62036.2,inf,0,-1,base vip1 vip2 vip3 vip4 vip5 supreme_vip pro1_g1 pro2_g1 pro3_g1 pro4_g1 pro5_g1 pro6_g1,"Bybit's linear-perpetual schedule as published in 2026 (page last updated 2026-09-02, transcribed 2026-10-02), applied to data from February to April 2024, when the schedule may have differed. Volumes are 30-day derivatives volume in USDT; Pro levels require more than 20% of volume through the API."
S4,XRPUSDT,g1,re-run on the grid,-18.8707,209438,1.69698,0,-1,vip2 vip3 vip4 vip5 supreme_vip pro1_g1 pro2_g1 pro3_g1 pro4_g1 pro5_g1 pro6_g1,"Bybit's linear-perpetual schedule as published in 2026 (page last updated 2026-09-02, transcribed 2026-10-02), applied to data from February to April 2024, when the schedule may have differed. Volumes are 30-day derivatives volume in USDT; Pro levels require more than 20% of volume through the API."
X1,XRPUSDT,g1,analytic,-8.45797,23659.6,-1.57485,0,-1,none,"Bybit's linear-perpetual schedule as published in 2026 (page last updated 2026-09-02, transcribed 2026-10-02), applied to data from February to April 2024, when the schedule may have differed. Volumes are 30-day derivatives volume in USDT; Pro levels require more than 20% of volume through the API."
