strategy,symbol,path,fills,markout_bp_1s,markout_bp_5s,markout_bp_30s,markout_bp_60s,markout_bp_300s,markout_bp_600s,fill_level_t_5s,day_level_t_5s
S0,BICOUSDT,all passive,159602,-2.38718,-2.95481,-3.00439,-3.11802,-2.98813,-2.95544,-32.5363,-17.3931
S0,BICOUSDT,flatten,96,-3.8281,-4.28456,-9.82926,-5.8226,-23.092,-14.8782,,
S0,BICOUSDT,queue,94420,-1.50345,-2.05411,-2.10025,-2.299,-1.38024,-2.50126,,
S0,BICOUSDT,through,65182,-3.26326,-3.84773,-3.90071,-3.92997,-4.58213,-3.40569,,
S0,BTCUSDT,all passive,4.0153e+06,-1.02343,-1.1081,-1.13554,-1.14699,-1.12483,-1.14002,-293.965,-28.6137
S0,BTCUSDT,flatten,1467,-0.34391,-0.19668,-0.313021,0.599061,-1.77651,-1.69335,,
S0,BTCUSDT,queue,1.4956e+06,-0.663968,-0.721941,-0.719018,-0.708541,-0.672156,-0.670907,,
S0,BTCUSDT,through,2.5197e+06,-1.34176,-1.45008,-1.50442,-1.53529,-1.52573,-1.55547,,
S0,CRVUSDT,all passive,425619,-1.83556,-1.93209,-1.97329,-1.93975,-1.92321,-1.8906,-77.2084,-26.5016
S0,CRVUSDT,flatten,162,-1.33064,-2.02224,-1.31288,-1.85043,-2.81527,3.21778,,
S0,CRVUSDT,queue,260324,-1.20227,-1.3454,-1.23851,-1.17497,-1.03647,-1.04167,,
S0,CRVUSDT,through,165295,-2.536,-2.58099,-2.78598,-2.78562,-2.90398,-2.82955,,
S0,XRPUSDT,all passive,1.6125e+06,-1.42496,-1.50546,-1.53632,-1.57978,-1.53416,-1.46385,-61.3131,-7.40798
S0,XRPUSDT,flatten,284,-1.63324,-1.44082,-3.44146,5.77561,10.9147,15.1852,,
S0,XRPUSDT,queue,956614,-0.90185,-0.997569,-1.04715,-1.04685,-1.05443,-0.956085,,
S0,XRPUSDT,through,655887,-2.54018,-2.58822,-2.57916,-2.71593,-2.55689,-2.54636,,
S1,BICOUSDT,all passive,2499,-1.60499,-3.06134,-2.52128,-3.37009,-0.770566,-1.34652,-2.41113,-1.90375
S1,BICOUSDT,flatten,15,-4.46557,-7.07102,2.35982,1.85973,-2.05463,-7.77271,,
S1,BICOUSDT,queue,592,1.85134,4.29083,5.92946,6.78784,9.54437,9.61818,,
S1,BICOUSDT,through,1907,-2.33106,-4.60581,-4.29653,-5.50397,-2.93743,-3.64988,,
S1,CRVUSDT,all passive,1008,1.7028,0.0675426,0.738858,-0.982578,2.18413,3.10192,0.741933,0.0144642
S1,CRVUSDT,flatten,13,-1.96078,-2.91109,-1.70824,-1.28416,-1.28416,-1.28416,,
S1,CRVUSDT,queue,383,3.78764,3.45769,3.94145,4.27686,6.53558,4.95334,,
S1,CRVUSDT,through,625,0.791883,-1.4137,-0.660439,-3.28057,0.282861,2.29299,,
S1,XRPUSDT,all passive,2751,-0.385931,-1.15535,-5.41231,-6.65322,0.855572,1.59597,6.02382,0.526491
S1,XRPUSDT,flatten,13,-1.60073,-0.766211,0.994495,1.12478,1.12478,1.12478,,
S1,XRPUSDT,queue,870,-2.94285,-5.52467,-7.97763,-13.1255,-6.27246,-5.9287,,
S1,XRPUSDT,through,1881,0.380508,0.154357,-4.64335,-4.71315,2.99221,3.8515,,
S2,BICOUSDT,all passive,2499,-1.5973,-3.02524,-2.55385,-3.25029,-0.903521,-1.38361,-2.35882,-1.80883
S2,BICOUSDT,flatten,15,-4.51861,-7.05815,2.59026,1.84089,-2.14209,-7.96043,,
S2,BICOUSDT,queue,587,1.6373,3.86188,5.26899,6.1918,9.22189,9.50887,,
S2,BICOUSDT,through,1912,-2.27304,-4.46402,-4.18811,-5.22282,-3.01881,-3.65914,,
S2-twin,BICOUSDT,all passive,2499,-1.60499,-3.06134,-2.52128,-3.37009,-0.770566,-1.34652,-2.41113,-1.90375
S2-twin,BICOUSDT,flatten,15,-4.46557,-7.07102,2.35982,1.85973,-2.05463,-7.77271,,
S2-twin,BICOUSDT,queue,592,1.85134,4.29083,5.92946,6.78784,9.54437,9.61818,,
S2-twin,BICOUSDT,through,1907,-2.33106,-4.60581,-4.29653,-5.50397,-2.93743,-3.64988,,
S3,BICOUSDT,all passive,2134,-1.86425,-3.48326,-3.10755,-2.41629,-0.389199,-0.762598,-3.11725,-3.15582
S3,BICOUSDT,flatten,15,-4.3067,-6.46726,-0.874088,-0.322286,-2.84605,-5.90729,,
S3,BICOUSDT,queue,517,2.34831,5.29927,7.47613,9.46522,10.131,10.8368,,
S3,BICOUSDT,through,1617,-2.73052,-5.28928,-5.28395,-4.85958,-2.55256,-3.14788,,
S4,BICOUSDT,all passive,4103,-1.78549,-2.85274,-2.5274,-0.585869,-0.485112,3.62825,-4.16916,-2.92305
S4,BICOUSDT,flatten,16,-3.1768,-5.95217,3.76908,2.7124,3.05642,1.80069,,
S4,BICOUSDT,queue,1551,0.0341243,0.682821,0.905371,4.18106,0.0811312,1.96507,,
S4,BICOUSDT,through,2552,-2.49279,-4.22705,-3.86176,-2.43883,-0.705217,4.27474,,
S4,CRVUSDT,all passive,2539,0.260301,0.357571,0.550866,0.775472,-1.1143,-3.14751,1.02597,0.784901
S4,CRVUSDT,flatten,14,-0.850925,-1.77715,0.743105,1.49066,-1.66698,-3.74641,,
S4,CRVUSDT,queue,1122,1.04679,1.38651,2.15857,1.47936,-1.03137,-5.48791,,
S4,CRVUSDT,through,1417,-0.169299,-0.204464,-0.327303,0.390989,-1.1596,-1.86912,,
S4,XRPUSDT,all passive,9973,-0.528802,-1.07103,-0.960107,0.112483,0.19788,-5.78175,-5.88679,-0.412222
S4,XRPUSDT,flatten,22,-0.88286,-0.133894,1.84017,3.26179,2.21605,5.4182,,
S4,XRPUSDT,queue,4703,-0.997668,-1.47958,-1.72173,-1.51652,-1.18558,-1.92449,,
S4,XRPUSDT,through,5270,-0.126393,-0.720384,-0.306441,1.51059,1.38525,-9.09227,,
X1,BICOUSDT,all passive,134,-4.79428,-3.50818,-5.88099,-7.25873,-3.11995,-6.03771,-2.9685,-2.49651
X1,BICOUSDT,flatten,13,-3.80357,-4.01862,9.00537,16.4497,82.336,43.8241,,
X1,BICOUSDT,queue,79,-3.54681,-2.26427,-0.949553,6.30805,4.7983,-2.65672,,
X1,BICOUSDT,through,55,-6.22693,-4.93675,-11.5445,-22.8394,-12.2136,-9.92058,,
X1,CRVUSDT,all passive,290,-1.94798,-2.32789,-2.50322,-1.46596,-1.42334,-2.0424,-4.68679,-2.93969
X1,CRVUSDT,flatten,24,-1.28902,0.827779,2.32718,1.39808,3.13702,14.1601,,
X1,CRVUSDT,queue,176,-2.02213,-2.79022,-2.62218,-3.19251,-10.3444,-11.6368,,
X1,CRVUSDT,through,114,-1.86337,-1.80035,-2.36748,0.50408,8.75588,8.90506,,
X1,XRPUSDT,all passive,1756,-1.41612,-1.33704,-1.55057,-1.86978,-1.66337,-1.71393,-9.32725,-1.10049
X1,XRPUSDT,flatten,52,-1.18005,-0.786589,-0.657146,-0.249194,-2.01014,-2.38948,,
X1,XRPUSDT,queue,1180,-0.902925,-0.650595,-0.48172,-0.404289,3.08542,8.30929,,
X1,XRPUSDT,through,576,-2.12218,-2.28147,-3.02112,-3.88606,-8.19692,-15.5042,,
market-wide passive,BICOUSDT,benchmark,1.01071e+06,-0.903203,-1.36112,-1.7138,-2.19805,1.78722,-0.284,,
market-wide passive,BTCUSDT,benchmark,2.8909e+07,-0.601924,-0.647438,-0.53634,-0.584949,0.181451,0.594252,,
market-wide passive,CRVUSDT,benchmark,2.46838e+06,-0.209396,-0.478125,-1.26207,-1.49812,0.375097,1.69368,,
market-wide passive,XRPUSDT,benchmark,1.24642e+07,-0.12829,-0.468128,-1.18816,-1.83317,-0.0970646,-0.0965261,,
