placebo,seed,value,true_value
H2.1 shuffled state,0,-141.449,-91.8056
H2.1 shuffled state,1,10.9959,-91.8056
H2.1 shuffled state,2,-64.6406,-91.8056
H2.1 shuffled state,3,-139.637,-91.8056
H2.1 shuffled state,4,-60.4667,-91.8056
H2.1 shuffled state,5,-42.8555,-91.8056
H2.1 shuffled state,6,-238.345,-91.8056
H2.1 shuffled state,7,-122.572,-91.8056
H2.1 shuffled state,8,-37.1059,-91.8056
H2.1 shuffled state,9,-27.289,-91.8056
H2.1 shuffled state,10,28.8966,-91.8056
H2.1 shuffled state,11,-1.20909,-91.8056
H2.1 shuffled state,12,-293.512,-91.8056
H2.1 shuffled state,13,-260.624,-91.8056
H2.1 shuffled state,14,-119.234,-91.8056
H2.1 shuffled state,15,-49.2974,-91.8056
H2.1 shuffled state,16,6.21588,-91.8056
H2.1 shuffled state,17,-60.2503,-91.8056
H2.1 shuffled state,18,-82.7076,-91.8056
H2.1 shuffled state,19,-116.702,-91.8056
H2.1 shuffled state,20,-75.01,-91.8056
H2.1 shuffled state,21,-153.7,-91.8056
H2.1 shuffled state,22,-49.7086,-91.8056
H2.1 shuffled state,23,-50.1638,-91.8056
H2.1 shuffled state,24,-127.116,-91.8056
H2.1 shuffled state,25,-115.688,-91.8056
H2.1 shuffled state,26,-93.5432,-91.8056
H2.1 shuffled state,27,-18.2697,-91.8056
H2.1 shuffled state,28,-129.069,-91.8056
H2.1 shuffled state,29,-114.757,-91.8056
H2.1 shuffled state,30,-18.2786,-91.8056
H2.1 shuffled state,31,-78.1691,-91.8056
H2.1 shuffled state,32,-44.1086,-91.8056
H2.1 shuffled state,33,-124.104,-91.8056
H2.1 shuffled state,34,-12.9957,-91.8056
H2.1 shuffled state,35,-97.5135,-91.8056
H2.1 shuffled state,36,-102.761,-91.8056
H2.1 shuffled state,37,11.083,-91.8056
H2.1 shuffled state,38,-81.2271,-91.8056
H2.1 shuffled state,39,-127.184,-91.8056
H2.1 shuffled state,40,-102.144,-91.8056
H2.1 shuffled state,41,-66.1698,-91.8056
H2.1 shuffled state,42,-7.74495,-91.8056
H2.1 shuffled state,43,4.03434,-91.8056
H2.1 shuffled state,44,-216.562,-91.8056
H2.1 shuffled state,45,-34.0212,-91.8056
H2.1 shuffled state,46,-101.851,-91.8056
H2.1 shuffled state,47,-83.1494,-91.8056
H2.1 shuffled state,48,-98.0726,-91.8056
H2.1 shuffled state,49,-21.0811,-91.8056
H2.2 shuffled state,0,9.71126,-9.95591
H2.2 shuffled state,1,15.4916,-9.95591
H2.2 shuffled state,2,17.5642,-9.95591
H2.2 shuffled state,3,12.3468,-9.95591
H2.2 shuffled state,4,14.8245,-9.95591
H2.2 shuffled state,5,1.03556,-9.95591
H2.2 shuffled state,6,17.1768,-9.95591
H2.2 shuffled state,7,15.8871,-9.95591
H2.2 shuffled state,8,14.2523,-9.95591
H2.2 shuffled state,9,21.7163,-9.95591
H2.2 shuffled state,10,9.60568,-9.95591
H2.2 shuffled state,11,18.1359,-9.95591
H2.2 shuffled state,12,20.3406,-9.95591
H2.2 shuffled state,13,10.7233,-9.95591
H2.2 shuffled state,14,11.5132,-9.95591
H2.2 shuffled state,15,10.5887,-9.95591
H2.2 shuffled state,16,18.7552,-9.95591
H2.2 shuffled state,17,5.19483,-9.95591
H2.2 shuffled state,18,13.0952,-9.95591
H2.2 shuffled state,19,21.9605,-9.95591
H2.2 shuffled state,20,-0.663885,-9.95591
H2.2 shuffled state,21,7.52421,-9.95591
H2.2 shuffled state,22,20.8285,-9.95591
H2.2 shuffled state,23,6.5735,-9.95591
H2.2 shuffled state,24,6.5044,-9.95591
H2.2 shuffled state,25,16.6191,-9.95591
H2.2 shuffled state,26,17.1565,-9.95591
H2.2 shuffled state,27,8.73844,-9.95591
H2.2 shuffled state,28,-6.19579,-9.95591
H2.2 shuffled state,29,2.39596,-9.95591
H2.2 shuffled state,30,9.43304,-9.95591
H2.2 shuffled state,31,5.42234,-9.95591
H2.2 shuffled state,32,7.45189,-9.95591
H2.2 shuffled state,33,4.9123,-9.95591
H2.2 shuffled state,34,0.0531793,-9.95591
H2.2 shuffled state,35,8.26199,-9.95591
H2.2 shuffled state,36,31.8714,-9.95591
H2.2 shuffled state,37,7.0112,-9.95591
H2.2 shuffled state,38,18.6642,-9.95591
H2.2 shuffled state,39,4.3363,-9.95591
H2.2 shuffled state,40,11.0663,-9.95591
H2.2 shuffled state,41,0.932522,-9.95591
H2.2 shuffled state,42,15.3454,-9.95591
H2.2 shuffled state,43,2.50774,-9.95591
H2.2 shuffled state,44,18.4881,-9.95591
H2.2 shuffled state,45,12.1862,-9.95591
H2.2 shuffled state,46,12.0332,-9.95591
H2.2 shuffled state,47,10.3553,-9.95591
H2.2 shuffled state,48,0.736695,-9.95591
H2.2 shuffled state,49,6.72711,-9.95591
H3 shifted flags,0,0.57501,0.107444
H3 shifted flags,1,0.166375,0.107444
H3 shifted flags,2,0.0422575,0.107444
H3 shifted flags,3,-0.181601,0.107444
H3 shifted flags,4,0.212874,0.107444
H3 shifted flags,5,-0.231889,0.107444
H3 shifted flags,6,0.0681049,0.107444
H3 shifted flags,7,0.209184,0.107444
H3 shifted flags,8,0.331771,0.107444
H3 shifted flags,9,0.326867,0.107444
H3 shifted flags,10,0.157313,0.107444
H3 shifted flags,11,0.130579,0.107444
H3 shifted flags,12,0.64485,0.107444
H3 shifted flags,13,0.402841,0.107444
H3 shifted flags,14,0.21601,0.107444
H3 shifted flags,15,-0.0196159,0.107444
H3 shifted flags,16,0.321543,0.107444
H3 shifted flags,17,0.344815,0.107444
H3 shifted flags,18,0.0830158,0.107444
H3 shifted flags,19,0.182145,0.107444
H3 shifted flags,20,-0.0961755,0.107444
H3 shifted flags,21,0.0355105,0.107444
H3 shifted flags,22,0.0714734,0.107444
H3 shifted flags,23,0.0117163,0.107444
H3 shifted flags,24,0.21928,0.107444
H3 shifted flags,25,-0.181058,0.107444
H3 shifted flags,26,0.227059,0.107444
H3 shifted flags,27,0.0374379,0.107444
H3 shifted flags,28,0.233891,0.107444
H3 shifted flags,29,0.320494,0.107444
H3 shifted flags,30,0.214635,0.107444
H3 shifted flags,31,0.181581,0.107444
H3 shifted flags,32,-0.176748,0.107444
H3 shifted flags,33,-0.221803,0.107444
H3 shifted flags,34,0.09061,0.107444
H3 shifted flags,35,0.0820643,0.107444
H3 shifted flags,36,0.00234542,0.107444
H3 shifted flags,37,0.252663,0.107444
H3 shifted flags,38,0.0427388,0.107444
H3 shifted flags,39,-0.0749705,0.107444
H3 shifted flags,40,-0.103426,0.107444
H3 shifted flags,41,0.545031,0.107444
H3 shifted flags,42,-0.121157,0.107444
H3 shifted flags,43,0.182237,0.107444
H3 shifted flags,44,0.254023,0.107444
H3 shifted flags,45,0.386755,0.107444
H3 shifted flags,46,0.0681191,0.107444
H3 shifted flags,47,0.39274,0.107444
H3 shifted flags,48,-0.178546,0.107444
H3 shifted flags,49,0.604658,0.107444
