criterion,instruments,strategy,per_100_clip_day
A1,CAKEUSDT,S0,-142.03314839812708
A1,CAKEUSDT,S1,0.7423199587227494
A1,CAKEUSDT,G,0.005753413710721396
A1,CAKEUSDT,B3|pro1_altcoin,0.043879473593981984
A1,CAKEUSDT,B3|programme,0.6213696111932518
A2,ALICEUSDT ALGOUSDT JTOUSDT ZECUSDT GALAUSDT,S0,-181.23549718729043
A2,ALICEUSDT ALGOUSDT JTOUSDT ZECUSDT GALAUSDT,S1,-0.22826702423275702
A2,ALICEUSDT ALGOUSDT JTOUSDT ZECUSDT GALAUSDT,G,0.029851268737106605
A2,ALICEUSDT ALGOUSDT JTOUSDT ZECUSDT GALAUSDT,B3|pro1_altcoin,1.004694718184528
A2,ALICEUSDT ALGOUSDT JTOUSDT ZECUSDT GALAUSDT,B3|programme,2.53646506920818
