strategy,symbol,cell,net_usd_day,minus_default_usd_day,passive_fills_day,days,enters_a_verdict
S0,BICOUSDT,cancel=optimistic,-43.7615,-0.354713,12392.7,13,False
S0,BICOUSDT,cancel=pessimistic,-39.8455,3.56129,10689.8,13,True
S0,BICOUSDT,crossed=assume_filled,-57.7048,-14.298,14724.5,13,False
S0,BICOUSDT,default,-43.4068,0,12277.1,13,False
S0,BICOUSDT,feed=20ms,-45.304,-1.89723,12341.8,13,False
S0,BICOUSDT,feed=50ms,-47.2341,-3.82737,12431.5,13,False
S0,BICOUSDT,growth=all_ahead,-40.9991,2.40771,11418,13,False
S0,BICOUSDT,growth=none,-43.5561,-0.149364,12267.8,13,False
S0,BICOUSDT,latency=100ms,-45.4797,-2.07295,11817.1,13,False
S0,BICOUSDT,latency=1ms,-42.0046,1.4022,12220.6,13,False
S0,BICOUSDT,latency=250ms,-45.1809,-1.77409,11476.8,13,False
S0,BICOUSDT,latency=50ms,-46.9527,-3.54593,12411.3,13,False
S1,BICOUSDT,cancel=optimistic,-1.15703,0.0472465,194.692,13,False
S1,BICOUSDT,cancel=pessimistic,-1.24474,-0.0404667,188.615,13,True
S1,BICOUSDT,crossed=assume_filled,-1.50768,-0.303407,199.231,13,False
S1,BICOUSDT,default,-1.20428,0,192.231,13,False
S1,BICOUSDT,feed=20ms,-1.09748,0.106801,202.615,13,False
S1,BICOUSDT,feed=50ms,-1.3289,-0.124618,201.692,13,False
S1,BICOUSDT,growth=all_ahead,-1.22617,-0.0218945,186.615,13,False
S1,BICOUSDT,growth=none,-1.1681,0.0361783,191.769,13,False
S1,BICOUSDT,latency=100ms,-1.34905,-0.144772,204.154,13,False
S1,BICOUSDT,latency=1ms,-1.22008,-0.0158058,185.154,13,False
S1,BICOUSDT,latency=250ms,-1.0254,0.178877,213.538,13,False
S1,BICOUSDT,latency=50ms,-1.20232,0.00195892,200.846,13,False
S2,BICOUSDT,cancel=optimistic,-1.17727,0.0342392,194.308,13,False
S2,BICOUSDT,cancel=pessimistic,-1.24443,-0.0329161,188.846,13,True
S2,BICOUSDT,crossed=assume_filled,-1.5217,-0.310189,199.231,13,False
S2,BICOUSDT,default,-1.21151,0,192.231,13,False
S2,BICOUSDT,feed=20ms,-1.09824,0.113272,202.615,13,False
S2,BICOUSDT,feed=50ms,-1.32966,-0.118147,201.692,13,False
S2,BICOUSDT,growth=all_ahead,-1.2283,-0.0167944,186.846,13,False
S2,BICOUSDT,growth=none,-1.19287,0.0186365,191.923,13,False
S2,BICOUSDT,latency=100ms,-1.34974,-0.138231,204.154,13,False
S2,BICOUSDT,latency=1ms,-1.23677,-0.0252601,185,13,False
S2,BICOUSDT,latency=250ms,-1.0254,0.186108,213.538,13,False
S2,BICOUSDT,latency=50ms,-1.20308,0.00842931,200.846,13,False
S3,BICOUSDT,cancel=optimistic,-1.10062,-0.00378999,166,13,False
S3,BICOUSDT,cancel=pessimistic,-1.15248,-0.0556449,159.923,13,True
S3,BICOUSDT,crossed=assume_filled,-1.22133,-0.124492,169.308,13,False
S3,BICOUSDT,default,-1.09683,0,164.154,13,False
S3,BICOUSDT,feed=20ms,-0.986917,0.109917,171.154,13,False
S3,BICOUSDT,feed=50ms,-1.14677,-0.0499313,170.846,13,False
S3,BICOUSDT,growth=all_ahead,-1.08847,0.00835938,161.385,13,False
S3,BICOUSDT,growth=none,-1.11135,-0.0145193,162.923,13,False
S3,BICOUSDT,latency=100ms,-1.20366,-0.106825,173.154,13,False
S3,BICOUSDT,latency=1ms,-1.20889,-0.112057,155.923,13,False
S3,BICOUSDT,latency=250ms,-1.14071,-0.0438755,182.538,13,False
S3,BICOUSDT,latency=50ms,-1.18471,-0.0878734,168.923,13,False
S4,BICOUSDT,cancel=optimistic,-0.766901,-0.117304,315.615,13,False
S4,BICOUSDT,cancel=pessimistic,-0.750973,-0.101376,303.231,13,True
S4,BICOUSDT,crossed=assume_filled,-0.995279,-0.345682,318,13,False
S4,BICOUSDT,default,-0.649597,0,315.615,13,False
S4,BICOUSDT,feed=20ms,-0.753943,-0.104347,327.692,13,False
S4,BICOUSDT,feed=50ms,-1.03347,-0.383872,330.154,13,False
S4,BICOUSDT,growth=all_ahead,-0.814681,-0.165085,309.846,13,False
S4,BICOUSDT,growth=none,-0.560545,0.0890516,313.154,13,False
S4,BICOUSDT,latency=100ms,-0.716348,-0.0667513,327.692,13,False
S4,BICOUSDT,latency=1ms,-0.637294,0.0123024,305.308,13,False
S4,BICOUSDT,latency=250ms,-0.715871,-0.0662748,340.538,13,False
S4,BICOUSDT,latency=50ms,-0.856355,-0.206758,325.692,13,False
X1,BICOUSDT,cancel=optimistic,-0.0568297,0.000371632,10.2308,13,False
X1,BICOUSDT,cancel=pessimistic,-0.0630606,-0.0058593,10.1538,13,True
X1,BICOUSDT,crossed=assume_filled,-0.0685916,-0.0113903,11.2308,13,False
X1,BICOUSDT,default,-0.0572013,0,10.3077,13,False
X1,BICOUSDT,feed=20ms,-0.0768313,-0.0196301,15.8462,13,False
X1,BICOUSDT,feed=50ms,-0.0693069,-0.0121056,13.2308,13,False
X1,BICOUSDT,growth=all_ahead,-0.0686423,-0.011441,12.3077,13,False
X1,BICOUSDT,growth=none,-0.0574401,-0.000238793,10.4615,13,False
X1,BICOUSDT,latency=100ms,-0.0613853,-0.00418399,12.0769,13,False
X1,BICOUSDT,latency=1ms,-0.0599579,-0.00275662,10.2308,13,False
X1,BICOUSDT,latency=250ms,-0.174351,-0.11715,10.3077,13,False
X1,BICOUSDT,latency=50ms,-0.073717,-0.0165157,13.9231,13,False
