base,kind,window_min,margin_bp,label,per_100_clip_day,passive_fills_day,net_usd_day_pooled_sum,making_usd_day,days,takes_part,neighbourhood_median,chosen
S1,trailing,15.0,0,S1/trailing/W=15/mu=0,1.0759557200722403,49.6,0.21565810879695937,-0.1229505943383688,25.0,True,1.0432473356189171,True
S1,trailing,15.0,1,S1/trailing/W=15/mu=1,1.1927979581266985,42.76,0.23907726593916664,-0.10788057808381256,25.0,True,0.8731113113817568,False
S1,trailing,15.0,2,S1/trailing/W=15/mu=2,0.6080959260413308,36.88,0.12188309884016807,-0.08665999214027062,25.0,True,0.8731113113817568,False
S1,trailing,60.0,0,S1/trailing/W=60/mu=0,0.49736512570174796,47.24,0.09968888160490415,-0.07106085938922212,25.0,True,0.7642135744650369,False
S1,trailing,60.0,1,S1/trailing/W=60/mu=1,1.0105389511655938,36.8,0.20254636413792457,-0.0685611914749967,25.0,True,0.6320396792532731,False
S1,trailing,60.0,2,S1/trailing/W=60/mu=2,0.7356836715979199,28.32,0.14745602103305744,-0.0510697097907597,25.0,True,0.6838616754255965,False
S1,trailing,240.0,0,S1/trailing/W=240/mu=0,0.51788819776448,26.88,0.10380240303072577,-0.05486326155969319,25.0,True,0.507626661733114,False
S1,trailing,240.0,1,S1/trailing/W=240/mu=1,0.04556663421874762,15.56,0.009133102763000467,-0.023169798555429846,25.0,True,0.5749639385088765,False
S1,trailing,240.0,2,S1/trailing/W=240/mu=2,0.6320396792532731,10.76,0.1266822410714505,-0.021038425296086655,25.0,True,0.6838616754255965,False
S1,both,15.0,0,S1/both/W=15/mu=0,0.0,0.0,0.0,0.0,25.0,False,,False
S1,both,15.0,1,S1/both/W=15/mu=1,0.0,0.0,0.0,0.0,25.0,False,,False
S1,both,15.0,2,S1/both/W=15/mu=2,0.0,0.0,0.0,0.0,25.0,False,,False
S1,both,60.0,0,S1/both/W=60/mu=0,0.0,0.0,0.0,0.0,25.0,False,,False
S1,both,60.0,1,S1/both/W=60/mu=1,0.0,0.0,0.0,0.0,25.0,False,,False
S1,both,60.0,2,S1/both/W=60/mu=2,0.0,0.0,0.0,0.0,25.0,False,,False
S1,both,240.0,0,S1/both/W=240/mu=0,0.0,0.0,0.0,0.0,25.0,False,,False
S1,both,240.0,1,S1/both/W=240/mu=1,0.0,0.0,0.0,0.0,25.0,False,,False
S1,both,240.0,2,S1/both/W=240/mu=2,0.0,0.0,0.0,0.0,25.0,False,,False
S1,hours,,0,S1/hours/W=-/mu=0,0.0,0.0,0.0,0.0,25.0,False,,False
S1,hours,,1,S1/hours/W=-/mu=1,0.0,0.0,0.0,0.0,25.0,False,,False
S1,hours,,2,S1/hours/W=-/mu=2,0.0,0.0,0.0,0.0,25.0,False,,False
S1_touch,trailing,15.0,0,S1_touch/trailing/W=15/mu=0,-19.162228549411253,1303.36,-3.8407621170726953,-3.915472414998041,25.0,True,-18.029104400298106,False
S1_touch,trailing,15.0,1,S1_touch/trailing/W=15/mu=1,-18.122100830109652,1202.88,-3.6322851577821966,-3.6308056786796987,25.0,True,-17.203992329243313,False
S1_touch,trailing,15.0,2,S1_touch/trailing/W=15/mu=2,-16.471876688000062,1115.08,-3.301524132082605,-3.3498182199540736,25.0,True,-15.87300201873157,False
S1_touch,trailing,60.0,0,S1_touch/trailing/W=60/mu=0,-17.93610797048656,1176.56,-3.5950058649565024,-3.49184658103788,25.0,True,-16.60511765997482,False
S1_touch,trailing,60.0,1,S1_touch/trailing/W=60/mu=1,-15.274127349463079,1013.96,-3.0614544411622817,-3.0440624071734717,25.0,True,-15.274127349463079,False
S1_touch,trailing,60.0,2,S1_touch/trailing/W=60/mu=2,-13.874139707619008,891.12,-2.7808493181569083,-2.6726461142481726,25.0,True,-14.574133528541044,False
S1_touch,trailing,240.0,0,S1_touch/trailing/W=240/mu=0,-10.631360192269426,775.44,-2.13088604877733,-2.228490070433827,25.0,True,-12.952743770866253,False
S1_touch,trailing,240.0,1,S1_touch/trailing/W=240/mu=1,-6.5786983777532875,427.68,-1.3185948306466024,-1.270647124706066,25.0,True,-12.252749949944217,False
S1_touch,trailing,240.0,2,S1_touch/trailing/W=240/mu=2,-4.143943793945863,266.6,-0.8305872303957451,-0.8370420854659808,25.0,True,-10.226419042686148,False
S1_touch,both,15.0,0,S1_touch/both/W=15/mu=0,0.0,0.0,0.0,0.0,25.0,False,,False
S1_touch,both,15.0,1,S1_touch/both/W=15/mu=1,0.0,0.0,0.0,0.0,25.0,False,,False
S1_touch,both,15.0,2,S1_touch/both/W=15/mu=2,0.0,0.0,0.0,0.0,25.0,False,,False
S1_touch,both,60.0,0,S1_touch/both/W=60/mu=0,0.0,0.0,0.0,0.0,25.0,False,,False
S1_touch,both,60.0,1,S1_touch/both/W=60/mu=1,0.0,0.0,0.0,0.0,25.0,False,,False
S1_touch,both,60.0,2,S1_touch/both/W=60/mu=2,0.0,0.0,0.0,0.0,25.0,False,,False
S1_touch,both,240.0,0,S1_touch/both/W=240/mu=0,0.0,0.0,0.0,0.0,25.0,False,,False
S1_touch,both,240.0,1,S1_touch/both/W=240/mu=1,0.0,0.0,0.0,0.0,25.0,False,,False
S1_touch,both,240.0,2,S1_touch/both/W=240/mu=2,0.0,0.0,0.0,0.0,25.0,False,,False
S1_touch,hours,,0,S1_touch/hours/W=-/mu=0,0.0,0.0,0.0,0.0,25.0,False,,False
S1_touch,hours,,1,S1_touch/hours/W=-/mu=1,0.0,0.0,0.0,0.0,25.0,False,,False
S1_touch,hours,,2,S1_touch/hours/W=-/mu=2,0.0,0.0,0.0,0.0,25.0,False,,False
