strategy,cell,instruments,per_100_clip_day
S1,default,ALGOUSDT,0.43375476370271443
S1,default,ALICEUSDT,-5.017261973631793
S1,default,BICOUSDT,1.4781336109360137
S1,default,CAKEUSDT,0.7423199587227494
S1,default,GALAUSDT,-0.8129185153769038
S1,default,JTOUSDT,3.9566541450873562
S1,default,ZECUSDT,0.2984364590548427
S1,default,pooled basket,-0.06650252707350596
S1,pess,ALGOUSDT,-0.5414152214431107
S1,pess,ALICEUSDT,-4.830220288167303
S1,pess,BICOUSDT,1.863053612352776
S1,pess,CAKEUSDT,0.6293850267699841
S1,pess,GALAUSDT,-0.7693508428983338
S1,pess,JTOUSDT,4.437219181686047
S1,pess,ZECUSDT,1.2066992512855281
S1,pess,pooled basket,0.022052851205468942
S1,queue,ALGOUSDT,-0.39904109938295834
S1,queue,ALICEUSDT,-4.527438624073947
S1,queue,BICOUSDT,2.144268907335154
S1,queue,CAKEUSDT,0.3921450341054506
S1,queue,GALAUSDT,-0.788481891661206
S1,queue,JTOUSDT,4.1500045038066755
S1,queue,ZECUSDT,1.4617917163949201
S1,queue,pooled basket,0.04816327319815569
S1,cancel=optimistic,ALGOUSDT,-0.44041318829637804
S1,cancel=optimistic,ALICEUSDT,-5.01855754036759
S1,cancel=optimistic,CAKEUSDT,1.0263764568124438
S1,cancel=optimistic,GALAUSDT,-0.9300636150040769
S1,cancel=optimistic,JTOUSDT,3.8817458141794337
S1,cancel=optimistic,ZECUSDT,0.6868416511785321
S1,cancel=optimistic,pooled basket,-0.13234507024960557
S1,growth=none,ALGOUSDT,0.39916086048879124
S1,growth=none,ALICEUSDT,-4.384525866139979
S1,growth=none,CAKEUSDT,0.7616634090537909
S1,growth=none,GALAUSDT,-0.8178602770295201
S1,growth=none,JTOUSDT,3.786125300001863
S1,growth=none,ZECUSDT,0.5412640869026755
S1,growth=none,pooled basket,0.04763791887960403
S1,growth=all_ahead,ALGOUSDT,0.10054899809030524
S1,growth=all_ahead,ALICEUSDT,-4.171312636340218
S1,growth=all_ahead,CAKEUSDT,0.5050799660581771
S1,growth=all_ahead,GALAUSDT,-0.7899221344033959
S1,growth=all_ahead,JTOUSDT,3.639057544028634
S1,growth=all_ahead,ZECUSDT,0.7602471112671694
S1,growth=all_ahead,pooled basket,0.007283141450111706
S1,latency=1ms,ALGOUSDT,0.3538928156629368
S1,latency=1ms,ALICEUSDT,-5.701833154013398
S1,latency=1ms,CAKEUSDT,0.35147409673924523
S1,latency=1ms,GALAUSDT,-0.5860099575138624
S1,latency=1ms,JTOUSDT,3.9763922744181794
S1,latency=1ms,ZECUSDT,0.7007539591414105
S1,latency=1ms,pooled basket,-0.150888327594248
S1,latency=50ms,ALGOUSDT,0.13116830033731644
S1,latency=50ms,ALICEUSDT,-7.036675386457118
S1,latency=50ms,CAKEUSDT,1.3313670459689508
S1,latency=50ms,GALAUSDT,-1.2539551535151443
S1,latency=50ms,JTOUSDT,6.760064814314122
S1,latency=50ms,ZECUSDT,1.0062239992704336
S1,latency=50ms,pooled basket,0.1563656033197605
S1,latency=100ms,ALGOUSDT,-0.24316591300450774
S1,latency=100ms,ALICEUSDT,-6.439057807463031
S1,latency=100ms,CAKEUSDT,-0.7877591587237966
S1,latency=100ms,GALAUSDT,-0.843802085867373
S1,latency=100ms,JTOUSDT,8.05208041140321
S1,latency=100ms,ZECUSDT,-0.03001422013119944
S1,latency=100ms,pooled basket,-0.04861979563111578
S1,latency=250ms,ALGOUSDT,1.0534238496108816
S1,latency=250ms,ALICEUSDT,-8.568179545327435
S1,latency=250ms,CAKEUSDT,-0.9044808486388872
S1,latency=250ms,GALAUSDT,-2.0239377069414473
S1,latency=250ms,JTOUSDT,7.385992880806908
S1,latency=250ms,ZECUSDT,-0.5577360753498994
S1,latency=250ms,pooled basket,-0.6024862409733133
S1,feed=20ms,ALGOUSDT,-0.0839883210221819
S1,feed=20ms,ALICEUSDT,-7.601871009744504
S1,feed=20ms,CAKEUSDT,1.4728490571453001
S1,feed=20ms,GALAUSDT,-0.9010711519893871
S1,feed=20ms,JTOUSDT,4.6188993153225795
S1,feed=20ms,ZECUSDT,1.5837296619643946
S1,feed=20ms,pooled basket,-0.15190874138729973
S1,feed=50ms,ALGOUSDT,-0.46696189448756464
S1,feed=50ms,ALICEUSDT,-5.876902687046821
S1,feed=50ms,CAKEUSDT,-0.16150292024470028
S1,feed=50ms,GALAUSDT,-1.429260734662298
S1,feed=50ms,JTOUSDT,6.284138715417511
S1,feed=50ms,ZECUSDT,0.7016683815455432
S1,feed=50ms,pooled basket,-0.15813685657972207
G,default,ALGOUSDT,0.0
G,default,ALICEUSDT,0.0
G,default,BICOUSDT,-0.34748911170402375
G,default,CAKEUSDT,0.005753413710721396
G,default,GALAUSDT,0.0
G,default,JTOUSDT,0.0
G,default,ZECUSDT,0.14925634368553306
G,default,pooled basket,0.02583495956604241
G,pess,ALGOUSDT,0.0
G,pess,ALICEUSDT,0.0
G,pess,BICOUSDT,0.040920427702206795
G,pess,CAKEUSDT,0.005753413710721396
G,pess,GALAUSDT,0.0
G,pess,JTOUSDT,0.0
G,pess,ZECUSDT,0.15589144392775273
G,pess,pooled basket,0.02694080960641235
G,queue,ALGOUSDT,0.0
G,queue,ALICEUSDT,0.0
G,queue,BICOUSDT,0.14007269021647714
G,queue,CAKEUSDT,0.005753413710721396
G,queue,GALAUSDT,0.0
G,queue,JTOUSDT,0.0
G,queue,ZECUSDT,0.13893186674001334
G,queue,pooled basket,0.024114213408455785
G,cancel=optimistic,ALGOUSDT,0.0
G,cancel=optimistic,ALICEUSDT,0.0
G,cancel=optimistic,CAKEUSDT,0.005753413710721396
G,cancel=optimistic,GALAUSDT,0.0
G,cancel=optimistic,JTOUSDT,0.0
G,cancel=optimistic,ZECUSDT,0.02257894177218176
G,cancel=optimistic,pooled basket,0.004722059247150527
G,growth=none,ALGOUSDT,0.0
G,growth=none,ALICEUSDT,0.0
G,growth=none,CAKEUSDT,0.005753413710721396
G,growth=none,GALAUSDT,0.0
G,growth=none,JTOUSDT,0.0
G,growth=none,ZECUSDT,0.2723734669744312
G,growth=none,pooled basket,0.04635448011419211
G,growth=all_ahead,ALGOUSDT,0.0
G,growth=all_ahead,ALICEUSDT,0.0
G,growth=all_ahead,CAKEUSDT,0.005753413710721396
G,growth=all_ahead,GALAUSDT,0.0
G,growth=all_ahead,JTOUSDT,0.0
G,growth=all_ahead,ZECUSDT,0.18700012663500495
G,growth=all_ahead,pooled basket,0.03212559005762106
G,latency=1ms,ALGOUSDT,0.0
G,latency=1ms,ALICEUSDT,0.0
G,latency=1ms,CAKEUSDT,0.005753413710721396
G,latency=1ms,GALAUSDT,0.0
G,latency=1ms,JTOUSDT,0.0
G,latency=1ms,ZECUSDT,0.17854085336527362
G,latency=1ms,pooled basket,0.03071571117933251
G,latency=50ms,ALGOUSDT,0.0
G,latency=50ms,ALICEUSDT,0.0
G,latency=50ms,CAKEUSDT,0.005753413710721396
G,latency=50ms,GALAUSDT,0.0
G,latency=50ms,JTOUSDT,0.0
G,latency=50ms,ZECUSDT,0.0436506123080672
G,latency=50ms,pooled basket,0.008234004336464791
G,latency=100ms,ALGOUSDT,0.0
G,latency=100ms,ALICEUSDT,0.0
G,latency=100ms,CAKEUSDT,0.005753413710721396
G,latency=100ms,GALAUSDT,0.0
G,latency=100ms,JTOUSDT,0.0
G,latency=100ms,ZECUSDT,-0.2989745636902153
G,latency=100ms,pooled basket,-0.04887019166324898
G,latency=250ms,ALGOUSDT,0.0
G,latency=250ms,ALICEUSDT,0.0
G,latency=250ms,CAKEUSDT,0.006474155649554262
G,latency=250ms,GALAUSDT,0.0
G,latency=250ms,JTOUSDT,0.0
G,latency=250ms,ZECUSDT,-0.3116398817709657
G,latency=250ms,pooled basket,-0.05086095435356856
G,feed=20ms,ALGOUSDT,0.0
G,feed=20ms,ALICEUSDT,0.0
G,feed=20ms,CAKEUSDT,0.005753413710721396
G,feed=20ms,GALAUSDT,0.0
G,feed=20ms,JTOUSDT,0.0
G,feed=20ms,ZECUSDT,-0.193509624447802
G,feed=20ms,pooled basket,-0.03129270178951344
G,feed=50ms,ALGOUSDT,0.0
G,feed=50ms,ALICEUSDT,0.0
G,feed=50ms,CAKEUSDT,0.005753413710721396
G,feed=50ms,GALAUSDT,0.0
G,feed=50ms,JTOUSDT,0.0
G,feed=50ms,ZECUSDT,-0.13531594409761258
G,feed=50ms,pooled basket,-0.02159375506448185
