day,value,hypothesis
2024-02-26,-4.733821988209971,B1
2024-02-27,-2.350476234535915,B1
2024-02-28,-10.312015748347958,B1
2024-02-29,1.284447725779202,B1
2024-03-01,3.499983577812752,B1
2024-03-02,7.804712006752752,B1
2024-03-03,-1.4813771544174827,B1
2024-03-04,3.015592914620149,B1
2024-03-05,-1.7351349289487512,B1
2024-03-06,2.6448888066926273,B1
2024-03-07,-3.0511741627419475,B1
2024-03-08,2.8493873547524835,B1
2024-03-09,1.7004549788364838,B1
2024-02-26,4.733821988209971,B2
2024-02-27,1.9083494360113968,B2
2024-02-28,10.312015748347958,B2
2024-02-29,-0.7662758458879115,B2
2024-03-01,-2.9948023918867244,B2
2024-03-02,-7.410364384986658,B2
2024-03-03,1.3083404074186766,B2
2024-03-04,-3.041111007754962,B2
2024-03-05,1.462699179933156,B2
2024-03-06,-2.378388973899602,B2
2024-03-07,2.649921724047932,B2
2024-03-08,-2.8493873547524835,B2
2024-03-09,-1.7344311984866227,B2
2024-02-26,-0.46662880733450623,B3a
2024-02-27,-0.789924408908797,B3a
2024-02-28,-7.676190077576429,B3a
2024-02-29,2.0360972463238345,B3a
2024-03-01,4.330777453984411,B3a
2024-03-02,7.873019080504662,B3a
2024-03-03,-0.07215953997752116,B3a
2024-03-04,5.018941757688785,B3a
2024-03-05,-5.45343570339793,B3a
2024-03-06,1.9959632756169523,B3a
2024-03-07,-1.9802096743849325,B3a
2024-03-08,5.20343131485575,B3a
2024-03-09,0.9595830557250694,B3a
2024-02-26,1.9400633098842182,B3b
2024-02-27,-1.834809152283846,B3b
2024-02-28,-5.290991910874489,B3b
2024-02-29,3.6997828680585023,B3b
2024-03-01,4.245653048697681,B3b
2024-03-02,8.0823741286952,B3b
2024-03-03,-0.16047860140981327,B3b
2024-03-04,5.454430084697911,B3b
2024-03-05,-4.478886888202387,B3b
2024-03-06,5.920452845400305,B3b
2024-03-07,0.35914695113321754,B3b
2024-03-08,7.076774238447068,B3b
2024-03-09,3.8111614850970934,B3b
2024-04-08,-0.4218159980141028,B4
2024-04-09,2.7244371198759563,B4
2024-04-10,-10.230059730848438,B4
2024-04-11,-3.1749030227292567,B4
2024-04-12,-0.2939496366402442,B4
2024-04-13,27.83248756168892,B4
2024-04-14,-1.3891275283115876,B4
2024-04-15,-14.810501633483884,B4
2024-04-16,-5.404105565345354,B4
2024-04-17,-19.734832938316384,B4
2024-04-18,-2.6359675946616203,B4
2024-04-19,-7.622211188407208,B4
2024-04-20,-9.898933441015888,B4
2024-04-21,1.4240334501451781,B4
2024-04-22,1.4462344031003314,B4
2024-04-23,-7.948467853195477,B4
2024-04-24,14.962664141100177,B4
2024-04-25,2.0333646105795724,B4
2024-04-26,-6.119491198547027,B4
2024-04-27,-3.887414860744715,B4
2024-04-28,-11.762268101309763,B4
2024-04-29,6.275159063908454,B4
2024-04-30,19.04030548588309,B4
2024-05-01,-8.481601094892152,B4
2024-05-02,-9.84750530583587,B4
2024-05-03,6.0909068397206205,B4
2024-05-04,-2.2556319532597433,B4
2024-05-05,-7.028240264364623,B4
