symbol,variant,trades,net_per_trade_bp,total_bp,hit_rate,max_drawdown_bp,two_se_bp,vs_baseline_bp,paired_t,search_net_bp
ALL,baseline: fixed 10-minute clock,3383,6.892447504528353,23317.149907819417,0.5155187703221993,1623.705109019218,3.3421703700241823,0.0,,
ALL,oracle: perfect exit (not achievable),3383,115.97351245728854,392338.3926430071,0.9210759680756725,31.440936357030296,5.673369240194074,109.08106495276016,48.92508985096271,
ALL,xgboost: predicted exit time,3383,14.43477302376945,48832.83713941205,0.5033993496896246,1443.3941393684509,4.735390048801071,7.5423255192410945,4.617049927083708,
ALL,xgboost: filtered entries,2030,12.98209213754878,26353.647039224023,0.5374384236453202,1406.4885650397684,4.982844515932225,,,
ALL,xgboost: sized by predicted edge,3383,13.69968819233974,46346.045154685344,0.3576707064735442,903.9927521877689,3.704465812260966,6.80724068781139,4.744274764365592,
ALL,xgboost: filtered + predicted exit,2030,27.778436395298822,56390.22588245661,0.5433497536945813,1228.876482796597,7.394853346251405,,,
ALL,lightgbm: predicted exit time,3383,15.328636588037114,51856.77757732956,0.49512267218445166,2296.7976726810502,5.1042766359904785,8.436189083508761,4.572481220982621,
ALL,lightgbm: filtered entries,2030,10.435840686756027,21184.756594114733,0.5270935960591133,1213.7847475480667,4.980406002004239,,,
ALL,lightgbm: sized by predicted edge,3383,13.394414075967832,45313.302818999175,0.34614247709133905,890.356141618111,3.615414390235751,6.501966571439481,4.539739969001634,
ALL,lightgbm: filtered + predicted exit,2030,19.833125499097513,40261.24476316795,0.49901477832512314,1821.418917757086,7.834420405050125,,,
ALL,xgboost: filtered + take profit at 80 bp,2030,13.470157866945126,27344.420469898607,0.6556650246305419,1071.0884426371413,3.421688905616449,,,
ALL,lightgbm: filtered + take profit at 80 bp,2030,13.23628542986025,26869.659422616307,0.6551724137931034,1147.658572973145,3.4658094865696323,,,
ALL,control: take profit at 80 bp (chosen on search),3383,14.158771443526346,47899.12379344963,0.6361217853975761,1300.3886946516286,2.430737316075132,7.266323938997994,5.832625999377441,8.215372322457892
ALL,  take profit at 10 bp,3383,-10.2616018202442,,,,,,,-9.668445802525028
ALL,  take profit at 20 bp,3383,-4.530790290762827,,,,,,,-5.444825483913738
ALL,  take profit at 40 bp,3383,3.2881991374279966,,,,,,,1.8804134292814634
ALL,  take profit at 60 bp,3383,9.828252292795781,,,,,,,6.457080788353633
ALL,  take profit at 80 bp,3383,14.158771443526346,,,,,,,8.215372322457892
ALL,  take profit at 120 bp,3383,19.647243703253746,,,,,,,7.40171625483404
ALL,  take profit at 160 bp,3383,19.865836453244878,,,,,,,6.92969667678861
ALL,control: trailing stop at 60 bp (chosen on search),3383,0.6034225897630948,2041.37862116855,0.4221105527638191,3297.6801718450424,2.4016650715095698,-6.289024914765258,-5.454578780871549,-3.2270464078076704
ALL,  trailing stop at 10 bp,3383,-1.6777102748227968,,,,,,,-3.898871603650301
ALL,  trailing stop at 20 bp,3383,-1.6706504342576232,,,,,,,-3.7653798362023387
ALL,  trailing stop at 40 bp,3383,-0.2878962718758979,,,,,,,-4.007247726549699
ALL,  trailing stop at 60 bp,3383,0.6034225897630948,,,,,,,-3.2270464078076704
ALL,  trailing stop at 80 bp,3383,0.29267361328617136,,,,,,,-4.6187470390482055
ALL,  trailing stop at 120 bp,3383,-0.49829880206883714,,,,,,,-4.066765768672313
ALL,  trailing stop at 160 bp,3383,-1.065783657498018,,,,,,,-3.340218117813443
ALL,xgboost: per-trade take-profit level,3383,17.155864783998947,58038.290564268435,0.7076559266922849,1213.917484964375,2.753135143095234,10.263417279470593,9.037974094761124,
ALL,xgboost: hold through trigger when confident,3383,18.67046805491011,63162.1934297609,0.6361217853975761,1225.2269255682768,2.672848486469664,11.778020550381756,10.504756598316812,
ALL,xgboost: cut the dead ones early,3383,16.27958465094476,55073.83487414612,0.6387821460242389,1144.5390768226716,2.3430166702220796,9.387137146416407,7.300601585699397,
ALL,lightgbm: per-trade take-profit level,3383,17.462162337536476,59074.4951878859,0.7032219923145138,1204.7289412352984,2.7451467179485083,10.569714833008124,9.28928792020826,
ALL,lightgbm: hold through trigger when confident,3383,18.206055039217684,61591.08419767342,0.6361217853975761,1225.2269255682768,2.661365739540807,11.31360753468933,9.964561962187272,
ALL,lightgbm: cut the dead ones early,3383,15.873284895977092,53699.3228030905,0.6361217853975761,1238.839015230391,2.3488752326537017,8.980837391448738,6.980596003667481,
