day,ob500_status,ob500_bytes,ob200_status,ob200_bytes,prints_status,prints_bytes
2024-12-01,200,210936101,404,,200,34696868
2024-12-02,200,362757646,404,,200,75100329
2024-12-03,200,331008566,404,,200,59208443
2024-12-04,200,338111277,404,,200,72823038
2024-12-05,200,462662563,404,,200,178937127
2024-12-06,200,377347817,404,,200,86231023
2024-12-07,200,226666802,404,,200,34207102
2024-12-08,200,227057598,404,,200,36577636
2024-12-09,200,442684628,404,,200,116102292
2024-12-10,200,454220337,404,,200,105719029
2024-12-11,200,342677157,404,,200,82892969
2024-12-12,200,329987062,404,,200,80178621
2024-12-13,200,259221459,404,,200,55901464
2024-12-14,200,206082917,404,,200,37702085
2024-12-15,200,231131597,404,,200,56549066
2024-12-16,200,325329934,404,,200,99252359
2024-12-17,200,293981570,404,,200,72814163
2024-12-18,200,379879155,404,,200,133347474
2024-12-19,200,434755564,404,,200,149860242
2024-12-20,200,546086148,404,,200,164944887
2024-12-21,200,323414494,404,,200,55582774
2024-12-22,200,323045151,404,,200,59706011
2024-12-23,200,434129367,404,,200,96627692
2024-12-24,200,321912857,404,,200,80348310
2024-12-25,200,271995265,404,,200,56073865
2024-12-26,200,347022446,404,,200,74408782
2024-12-27,200,354624313,404,,200,82317803
2024-12-28,200,219323614,404,,200,28458434
2024-12-29,200,224054964,404,,200,38407481
2024-12-30,200,377295421,404,,200,92558359
2024-12-31,200,332449340,404,,200,69674792
2025-01-01,200,218095250,404,,200,33570891
2025-01-02,200,343030002,404,,200,71375339
2025-01-03,200,269341168,404,,200,46115088
2025-01-04,200,181553573,404,,200,24659023
2025-01-05,200,180809994,404,,200,27729529
2025-01-06,200,321389009,404,,200,76081784
2025-01-07,200,343701098,404,,200,94394913
2025-01-08,200,457165167,404,,200,105783548
2025-01-09,200,459007114,404,,200,100072394
2025-01-10,200,466163859,404,,200,101802268
2025-01-11,200,226161644,404,,200,24892236
2025-01-12,200,235022689,404,,200,28093226
2025-01-13,200,537270595,404,,200,129112969
2025-01-14,200,385924208,404,,200,77946563
2025-01-15,200,368453717,404,,200,74892440
2025-01-16,200,375261307,404,,200,68786603
2025-01-17,200,364916094,404,,200,78637963
2025-01-18,200,328488756,404,,200,53852696
2025-01-19,200,424361910,404,,200,106256235
2025-01-20,200,782648954,404,,200,311242935
2025-01-21,200,572942864,404,,200,132003555
2025-01-22,200,376966469,404,,200,69690058
2025-01-23,200,539784262,404,,200,226795251
2025-01-24,200,361849595,404,,200,69942116
2025-01-25,200,213241403,404,,200,27632729
2025-01-26,200,193625549,404,,200,26318167
2025-01-27,200,575656284,404,,200,131113645
2025-01-28,200,387543712,404,,200,73620145
2025-01-29,200,378480692,404,,200,76662789
2025-01-30,200,317177995,404,,200,57876889
2025-01-31,200,330765073,404,,200,64374446
2025-02-01,200,231320704,404,,200,34124659
2025-02-02,200,462518743,404,,200,96602499
2025-02-03,200,678516699,404,,200,213456135
2025-02-04,200,508669394,404,,200,106020567
2025-02-05,200,393409999,404,,200,61687919
2025-02-06,200,390906878,404,,200,63197749
2025-02-07,200,397975604,404,,200,80238067
2025-02-08,200,220670357,404,,200,23420938
2025-02-09,200,246704111,404,,200,36452779
2025-02-10,200,311949498,404,,200,50211503
2025-02-11,200,307981718,404,,200,52671932
2025-02-12,200,357927362,404,,200,76078705
2025-02-13,200,334639021,404,,200,53757034
2025-02-14,200,312140000,404,,200,49742764
2025-02-15,200,194296045,404,,200,18570840
2025-02-16,200,184720365,404,,200,21476132
2025-02-17,200,286457566,404,,200,37768306
2025-02-18,200,365934619,404,,200,63501619
2025-02-19,200,295134031,404,,200,44788229
2025-02-20,200,291273021,404,,200,44627409
2025-02-21,200,351786285,404,,200,88123288
2025-02-22,200,179672267,404,,200,21771457
2025-02-23,200,194931711,404,,200,17403840
2025-02-24,200,375408917,404,,200,71391197
2025-02-25,200,688175194,404,,200,154053001
2025-02-26,200,538818065,404,,200,145006144
2025-02-27,200,518923564,404,,200,100427807
2025-02-28,200,712158407,404,,200,206575125
2025-03-01,200,350748553,404,,200,51326663
2025-03-02,200,469033884,404,,200,131805010
2025-03-03,200,689305896,404,,200,181915843
2025-03-04,200,778641716,404,,200,190985442
2025-03-05,200,605243286,404,,200,111497901
2025-03-06,200,614238554,404,,200,122496445
2025-03-07,200,736567255,404,,200,232586198
2025-03-08,200,347327207,404,,200,43564438
2025-03-09,200,487840554,404,,200,92185162
2025-03-10,200,763620845,404,,200,168652310
2025-03-11,200,697336217,404,,200,149597572
2025-03-12,200,596239217,404,,200,119829662
2025-03-13,200,552508434,404,,200,85940329
2025-03-14,200,453766480,404,,200,76361535
2025-03-15,200,273873432,404,,200,22799540
2025-03-16,200,385104956,404,,200,61479939
2025-03-17,200,399457145,404,,200,57524510
2025-03-18,200,411880322,404,,200,56845449
2025-03-19,200,434427898,404,,200,77961110
2025-03-20,200,403227633,404,,200,70051316
2025-03-21,200,340371776,404,,200,43941714
2025-03-22,200,173117581,404,,200,13920708
2025-03-23,200,199468447,404,,200,26603713
2025-03-24,200,357511858,404,,200,65568834
2025-03-25,200,349666083,404,,200,56776296
2025-03-26,200,335501767,404,,200,52025635
2025-03-27,200,323503571,404,,200,48902943
2025-03-28,200,386698587,404,,200,67611011
2025-03-29,200,291922850,404,,200,46524988
2025-03-30,200,278943045,404,,200,39371333
2025-03-31,200,446951687,404,,200,72746730
2025-04-01,200,376409069,404,,200,65901520
2025-04-02,200,479611124,404,,200,131923277
2025-04-03,200,449545460,404,,200,75403022
2025-04-04,200,547544454,404,,200,116417622
2025-04-05,200,239036450,404,,200,29874140
2025-04-06,200,429697044,404,,200,88169685
2025-04-07,200,921992099,404,,200,225998068
2025-04-08,200,595934927,404,,200,107955885
2025-04-09,200,753539038,404,,200,208671172
2025-04-10,200,531287395,404,,200,100952174
2025-04-11,200,465844093,404,,200,90229157
2025-04-12,200,318989932,404,,200,49822781
2025-04-13,200,377579570,404,,200,63849238
2025-04-14,200,436320659,404,,200,73789418
2025-04-15,200,359299093,404,,200,65081969
2025-04-16,200,389609054,404,,200,64836548
2025-04-17,200,296618418,404,,200,44181915
2025-04-18,200,189557581,404,,200,16323800
2025-04-19,200,189930321,404,,200,22187969
2025-04-20,200,196876958,404,,200,25376941
2025-04-21,200,372785656,404,,200,81960359
2025-04-22,200,405622712,404,,200,102908365
2025-04-23,200,372680242,404,,200,76077338
2025-04-24,200,320665653,404,,200,51746888
2025-04-25,200,340907626,404,,200,62083937
2025-04-26,200,204539946,404,,200,21710536
2025-04-27,200,208894841,404,,200,26658361
2025-04-28,200,303681504,404,,200,57502721
2025-04-29,200,280361903,404,,200,48910881
2025-04-30,200,274657606,404,,200,49636719
2025-05-01,200,282662708,404,,200,58777047
2025-05-02,200,269024360,404,,200,50501841
2025-05-03,200,157315854,404,,200,21976124
2025-05-04,200,196606402,404,,200,29451502
2025-05-05,200,268147456,404,,200,49017256
2025-05-06,200,274963850,404,,200,47926299
2025-05-07,200,302442086,404,,200,55953442
2025-05-08,200,396334729,404,,200,94315053
2025-05-09,200,358680843,404,,200,60266822
2025-05-10,200,236053968,404,,200,35871908
2025-05-11,200,284673853,404,,200,48397187
2025-05-12,200,402310813,404,,200,88696074
2025-05-13,200,336898840,404,,200,56701156
2025-05-14,200,285740311,404,,200,42248308
2025-05-15,200,347362382,404,,200,61550815
2025-05-16,200,279907552,404,,200,39763655
2025-05-17,200,228054912,404,,200,26262404
2025-05-18,200,283602406,404,,200,63621021
2025-05-19,200,394981246,404,,200,86336219
2025-05-20,200,331027004,404,,200,77074094
2025-05-21,200,454957521,404,,200,138378330
2025-05-22,200,408108450,404,,200,82926602
2025-05-23,200,395097751,404,,200,95375495
2025-05-24,200,253638078,404,,200,45051277
2025-05-25,200,266745507,404,,200,54117664
2025-05-26,200,264883739,404,,200,51540800
2025-05-27,200,312694362,404,,200,82492257
2025-05-28,200,272750124,404,,200,52738839
2025-05-29,200,316380033,404,,200,70586966
2025-05-30,200,369475512,404,,200,80526116
2025-05-31,200,235859566,404,,200,36189344
2025-06-01,200,210125407,404,,200,32031999
2025-06-02,200,296449682,404,,200,50357698
2025-06-03,200,260369122,404,,200,45786730
2025-06-04,200,247498453,404,,200,38360049
2025-06-05,200,345931090,404,,200,77189404
2025-06-06,200,273874126,404,,200,49460395
2025-06-07,200,187017165,404,,200,26286256
2025-06-08,200,177337216,404,,200,23320162
2025-06-09,200,288970652,404,,200,61120080
2025-06-10,200,312877978,404,,200,48900647
2025-06-11,200,305158832,404,,200,47892763
2025-06-12,200,323172149,404,,200,62018417
2025-06-13,200,451001155,404,,200,90719801
2025-06-14,200,212719666,404,,200,28017277
2025-06-15,200,217941457,404,,200,27553362
2025-06-16,200,317138851,404,,200,58020919
2025-06-17,200,381244740,404,,200,69027225
2025-06-18,200,347411340,404,,200,54169527
2025-06-19,200,231413158,404,,200,28537934
2025-06-20,200,290599008,404,,200,58514860
2025-06-21,200,215540102,404,,200,38850575
2025-06-22,200,419607410,404,,200,99621613
2025-06-23,200,392297699,404,,200,94525462
2025-06-24,200,296676825,404,,200,52171095
2025-06-25,200,269922646,404,,200,51686149
2025-06-26,200,245994100,404,,200,40970475
2025-06-27,200,217846043,404,,200,37393956
2025-06-28,200,112289984,404,,200,10526107
2025-06-29,200,146172438,404,,200,25284009
2025-06-30,200,198561448,404,,200,35962432
2025-07-01,200,223583355,404,,200,39632588
2025-07-02,200,232132318,404,,200,53550214
2025-07-03,200,228673021,404,,200,46713735
2025-07-04,200,184670234,404,,200,36460197
2025-07-05,200,113733448,404,,200,11695098
2025-07-06,200,139902686,404,,200,23912067
2025-07-07,200,209553574,404,,200,32986794
2025-07-08,200,191897421,404,,200,30593591
2025-07-09,200,220857434,404,,200,48486439
2025-07-10,200,251693534,404,,200,65663899
2025-07-11,200,312799036,404,,200,61568994
2025-07-12,200,164769977,404,,200,22918077
2025-07-13,200,183320157,404,,200,33469725
2025-07-14,200,299409625,404,,200,71552894
2025-07-15,200,361729855,404,,200,93837544
2025-07-16,200,299841963,404,,200,61447987
2025-07-17,200,313479944,404,,200,62757995
2025-07-18,200,325745424,404,,200,63096300
2025-07-19,200,176467369,404,,200,20614835
2025-07-20,200,215759797,404,,200,31752129
2025-07-21,200,291377550,404,,200,51002686
2025-07-22,200,308727813,404,,200,58525755
2025-07-23,200,260303708,404,,200,45656927
2025-07-24,200,254500068,404,,200,44442319
2025-07-25,200,324479739,404,,200,79762437
2025-07-26,200,145351559,404,,200,17108798
2025-07-27,200,176768105,404,,200,24777162
2025-07-28,200,243553288,404,,200,39318008
2025-07-29,200,247494509,404,,200,41140650
2025-07-30,200,261784204,404,,200,48094009
2025-07-31,200,237458292,404,,200,43988735
2025-08-01,200,373623613,404,,200,83780140
2025-08-02,200,220760241,404,,200,36637071
2025-08-03,200,175014950,404,,200,25701184
2025-08-04,200,233887059,404,,200,40117510
2025-08-05,200,278894159,404,,200,50446749
2025-08-06,200,251776707,404,,200,37525955
2025-08-07,200,244402490,404,,200,45283694
2025-08-08,200,234104640,404,,200,32504582
2025-08-09,200,177125288,404,,200,25620165
2025-08-10,200,229264032,404,,200,44729995
2025-08-11,200,346801610,404,,200,76606138
2025-08-12,200,284779138,404,,200,49826905
2025-08-13,200,313423317,404,,200,69923529
2025-08-14,200,383193369,404,,200,102342497
2025-08-15,200,303765347,404,,200,49724506
2025-08-16,200,153316971,404,,200,16804193
2025-08-17,200,162699190,404,,200,20131137
2025-08-18,200,314197997,404,,200,55366941
2025-08-19,200,324298800,404,,200,57255063
2025-08-20,200,297395226,404,,200,48223494
2025-08-21,404,,200,155822135,200,40873327
2025-08-22,404,,200,194408245,200,72536765
2025-08-23,404,,200,113293357,200,26209992
2025-08-24,404,,200,154594274,200,57449672
2025-08-25,404,,200,245351000,200,76806702
2025-08-26,404,,200,223791665,200,57448075
2025-08-27,404,,200,189775944,200,52563899
2025-08-28,404,,200,164281625,200,41689931
2025-08-29,404,,200,216045132,200,70740401
2025-08-30,404,,200,111646468,200,23308323
2025-08-31,404,,200,121274592,200,25890632
2025-09-01,404,,200,206162515,200,57540946
2025-09-02,404,,200,202163011,200,65849900
2025-09-03,404,,200,160883484,200,40739321
2025-09-04,404,,200,164399797,200,44256148
2025-09-05,404,,200,181715833,200,73708285
2025-09-06,404,,200,89939044,200,16670761
2025-09-07,404,,200,89513068,200,18323321
2025-09-08,404,,200,139842118,200,40100506
2025-09-09,404,,200,150334643,200,48875974
2025-09-10,404,,200,150444960,200,53923413
2025-09-11,404,,200,136804611,200,48670888
2025-09-12,404,,200,137419941,200,45457533
2025-09-13,404,,200,91682349,200,22936027
2025-09-14,404,,200,95453125,200,21691957
2025-09-15,404,,200,148599848,200,47340011
2025-09-16,404,,200,132515267,200,37973946
2025-09-17,404,,200,151347138,200,63609265
2025-09-18,404,,200,127552596,200,39667616
2025-09-19,404,,200,116576139,200,29656224
2025-09-20,404,,200,67649228,200,11420327
2025-09-21,404,,200,70889313,200,12171098
2025-09-22,404,,200,168324217,200,68162925
2025-09-23,404,,200,147202885,200,41301590
2025-09-24,404,,200,142038103,200,37726494
2025-09-25,404,,200,208300261,200,72807362
2025-09-26,404,,200,177167611,200,50333375
2025-09-27,404,,200,81890496,200,14731967
2025-09-28,404,,200,105518554,200,27539568
2025-09-29,404,,200,142272990,200,42962590
2025-09-30,404,,200,162428328,200,47246877
2025-10-01,404,,200,169110931,200,61610225
2025-10-02,404,,200,166248925,200,59512338
2025-10-03,404,,200,169734074,200,69919346
2025-10-04,404,,200,102468197,200,24176638
2025-10-05,404,,200,153307679,200,71319895
2025-10-06,404,,200,177071973,200,66931764
2025-10-07,404,,200,184102914,200,76910651
2025-10-08,404,,200,185622361,200,62657277
2025-10-09,404,,200,180518468,200,73118435
2025-10-10,404,,200,294185551,200,297938570
2025-10-11,404,,200,273176897,200,109101522
2025-10-12,404,,200,245423131,200,122507958
2025-10-13,404,,200,236293280,200,92799106
2025-10-14,404,,200,266624561,200,132711627
2025-10-15,404,,200,236921578,200,88753946
2025-10-16,404,,200,261516519,200,120966786
2025-10-17,404,,200,282809659,200,128560025
2025-10-18,404,,200,128982095,200,34136994
2025-10-19,404,,200,156940305,200,60637846
2025-10-20,404,,200,197088891,200,80268815
2025-10-21,404,,200,236577079,200,129392994
2025-10-22,404,,200,230176424,200,95337518
2025-10-23,404,,200,179836497,200,72988464
2025-10-24,404,,200,161249896,200,68494905
2025-10-25,404,,200,92143101,200,25501477
2025-10-26,404,,200,128729291,200,50066073
2025-10-27,404,,200,173665200,200,59303844
2025-10-28,404,,200,181687737,200,72124661
2025-10-29,404,,200,197430549,200,98677749
2025-10-30,404,,200,233278410,200,112508655
2025-10-31,404,,200,194016557,200,86735006
2025-11-01,404,,200,105831285,200,24658030
2025-11-02,404,,200,127098158,200,34824483
2025-11-03,404,,200,248515142,200,115907970
2025-11-04,404,,200,332006476,200,171528504
2025-11-05,404,,200,269909673,200,113316796
2025-11-06,404,,200,258677965,200,99851420
2025-11-07,404,,200,274900834,200,103419548
2025-11-08,404,,200,172157846,200,43096916
2025-11-09,404,,200,183678942,200,63440421
2025-11-10,404,,200,212610155,200,69695108
2025-11-11,404,,200,230703079,200,74249471
2025-11-12,404,,200,226774791,200,74205376
2025-11-13,404,,200,285384724,200,114635963
2025-11-14,404,,200,355149934,200,154945410
2025-11-15,404,,200,195818535,200,52570330
2025-11-16,404,,200,236627172,200,74466401
2025-11-17,404,,200,301553900,200,116063918
2025-11-18,404,,200,311330778,200,132006907
2025-11-19,404,,200,291149238,200,112957835
2025-11-20,404,,200,316974919,200,140745685
2025-11-21,404,,200,441210418,200,222500102
2025-11-22,404,,200,244411499,200,64404280
2025-11-23,404,,200,238393134,200,80181129
2025-11-24,404,,200,297791459,200,112591574
2025-11-25,404,,200,283002602,200,76980814
2025-11-26,404,,200,235193110,200,80686072
2025-11-27,404,,200,193457102,200,53837191
2025-11-28,404,,200,211270022,200,69407740
2025-11-29,404,,200,141245723,200,27794893
2025-11-30,404,,200,147182965,200,33773944
2025-12-01,404,,200,289149302,200,128508526
2025-12-02,404,,200,246712688,200,111905157
2025-12-03,404,,200,275817590,200,107134276
2025-12-04,404,,200,234409189,200,77935892
2025-12-05,404,,200,229951821,200,82194730
2025-12-06,404,,200,138698833,200,31016658
2025-12-07,404,,200,190621524,200,64618803
2025-12-08,404,,200,232159214,200,72799714
2025-12-09,404,,200,234129758,200,81846072
2025-12-10,404,,200,232013162,200,86519695
2025-12-11,404,,200,245550251,200,89766254
2025-12-12,404,,200,212628153,200,69228302
2025-12-13,404,,200,107683329,200,17625475
2025-12-14,404,,200,159080529,200,44915744
2025-12-15,404,,200,243379051,200,96021553
2025-12-16,404,,200,249362977,200,87141807
2025-12-17,404,,200,265065176,200,128267804
2025-12-18,404,,200,272443814,200,135997355
2025-12-19,404,,200,251743400,200,107243097
2025-12-20,404,,200,104017136,200,20381126
2025-12-21,404,,200,141401622,200,39820124
2025-12-22,404,,200,235245723,200,91522553
2025-12-23,404,,200,209588604,200,72828045
2025-12-24,404,,200,171463802,200,48108413
2025-12-25,404,,200,131022065,200,31371303
2025-12-26,404,,200,195944425,200,67261605
2025-12-27,404,,200,97596281,200,11767451
2025-12-28,404,,200,107468071,200,16460944
2025-12-29,404,,200,205380585,200,76596339
2025-12-30,404,,200,175560612,200,56353910
2025-12-31,404,,200,154553382,200,40487791
