symbol,target,kind,model,fold,trades,gross_bp,cost_bp,net_bp,gross_per_trade_bp,net_per_trade_bp,hit_rate,trades_per_day,net_bp_per_day,max_drawdown_bp,drawdown_trades,profit_factor,days,return_over_drawdown,net_hit_rate
BTCUSDT,magnitude,regression,ridge,0,80.0,82.98578085596932,904.2302270647613,-821.2444462087919,1.0373222606996166,-10.265555577609899,0.5375,11.428571428571429,-117.32063517268456,818.7230657067589,79.0,0.3629885538283493,7.0,-1.0030796500155477,0.2375
BTCUSDT,magnitude,regression,ridge,1,101.0,167.26097414682263,1140.933269482513,-973.6722953356901,1.656049248978442,-9.640319755798913,0.5742574257425742,14.428571428571429,-139.09604219081288,975.9560853408888,77.0,0.362032561063616,7.0,-0.9976599459345541,0.27722772277227725
BTCUSDT,magnitude,regression,ridge,2,110.0,1066.6630180420545,1259.152128586911,-192.48911054485635,9.69693652765504,-1.7499010049532395,0.6454545454545455,15.714285714285714,-27.498444363550906,330.37264772795135,57.0,0.8327574884272674,7.0,-0.5826423944858881,0.2909090909090909
BTCUSDT,magnitude,regression,ridge,3,110.0,240.42481930786016,1239.6814118959637,-999.2565925881033,2.1856801755260014,-9.08415084171003,0.5727272727272728,15.714285714285714,-142.7509417983005,992.8775884760737,109.0,0.36146395434965656,7.0,-1.006424763924645,0.24545454545454545
BTCUSDT,magnitude,regression,ridge,4,107.0,860.6843067383077,1229.8047152318943,-369.1204084935869,8.043778567647735,-3.4497234438652984,0.5887850467289719,15.285714285714286,-52.731486927655276,421.70809025852185,65.0,0.6995607190736352,7.0,-0.8752983806103961,0.27102803738317754
BTCUSDT,magnitude,regression,ridge,5,118.0,751.0371065229103,1345.0517528504556,-594.0146463275454,6.364721241719579,-5.034022426504622,0.6016949152542372,16.857142857142858,-84.85923518964934,702.960490026464,84.0,0.5866081116323697,7.0,-0.8450185391005159,0.2627118644067797
BTCUSDT,magnitude,regression,ridge,6,104.0,63.46091347019612,1179.757693294646,-1116.29677982445,0.6102010910595781,-10.733622882927403,0.5384615384615384,14.857142857142858,-159.47096854634998,1178.5332048180596,96.0,0.5031017988645157,7.0,-0.9471916236732442,0.3557692307692308
BTCUSDT,magnitude,regression,xgboost_regressor,0,93.0,-724.5201528405337,1024.7284808341174,-1749.2486336746517,-7.790539277855201,-18.809125093275824,0.45161290322580644,13.285714285714286,-249.89266195352167,1751.5523152796304,92.0,0.16237772193491049,7.0,-0.9986847771631583,0.22580645161290322
BTCUSDT,magnitude,regression,xgboost_regressor,1,486.0,-319.5344932772514,5355.152882942593,-5674.687376219845,-0.6574783812289123,-11.676311473703384,0.4835390946502058,69.42857142857143,-810.6696251742635,5660.166858883019,485.0,0.2406237898962344,7.0,-1.002565386798454,0.2366255144032922
BTCUSDT,magnitude,regression,xgboost_regressor,2,901.0,-1316.634211229896,9926.245226060802,-11242.8794372907,-1.4613032311097625,-12.478223570799889,0.4583795782463929,128.71428571428572,-1606.1256338986714,11239.777601014928,900.0,0.13618410940891773,7.0,-1.0002759695419143,0.16759156492785793
BTCUSDT,magnitude,regression,xgboost_regressor,3,788.0,-800.1889325305173,8681.295243475535,-9481.484176006052,-1.0154681884905041,-12.032340324880776,0.4682741116751269,112.57142857142857,-1354.497739429436,9492.994597505338,785.0,0.15686903623316714,7.0,-0.9987874825608443,0.1713197969543147
BTCUSDT,magnitude,regression,xgboost_regressor,4,968.0,-965.5329649990913,10664.46146578298,-11629.994430782073,-0.9974514101230282,-12.01445705659305,0.43285123966942146,138.28571428571428,-1661.4277758260105,11626.892594506322,967.0,0.14888125963283758,7.0,-1.0002667811928716,0.1590909090909091
BTCUSDT,magnitude,regression,xgboost_regressor,5,328.0,-1357.1013025000566,3613.2922726342304,-4970.393575134287,-4.137503971036758,-15.153638948580143,0.4329268292682927,46.857142857142854,-710.0562250191839,4938.1913776464935,327.0,0.17953454240776084,7.0,-1.006521050932445,0.21951219512195122
BTCUSDT,magnitude,regression,xgboost_regressor,6,288.0,-138.4366388405508,3173.465444150478,-3311.902082991029,-0.48068277375191254,-11.499660010385519,0.5034722222222222,41.142857142857146,-473.1288689987185,3352.0333432419557,286.0,0.24551474107946225,7.0,-0.9880277860803994,0.2048611111111111
