symbol,strategy,target_per_day,fold,threshold,trades,gross_bp,cost_bp,net_bp,gross_per_trade_bp,net_per_trade_bp,hit_rate,trades_per_day,net_bp_per_day,max_drawdown_bp,drawdown_trades,profit_factor,days,return_over_drawdown,net_hit_rate
XRPUSDT,order_flow,5,0,0.8004376607513473,28.0,142.08214281403696,358.7311134413839,-216.6489706273469,5.074362243358463,-7.737463236690961,0.6071428571428571,4.0,-30.949852946763844,239.69202780691325,19.0,0.3745619727479294,7.0,-0.9038638982263985,0.17857142857142858
XRPUSDT,order_flow,10,0,0.7998776883651555,56.0,258.4899008320832,717.1449786375658,-458.6550778054826,4.6158910862872,-8.190269246526475,0.5892857142857143,8.0,-65.5221539722118,436.65078210979385,55.0,0.30177712561543946,7.0,-1.0503933500115794,0.25
XRPUSDT,order_flow,30,0,0.7960310753854924,175.0,719.1898349428093,2245.9041108085185,-1526.7142758657092,4.1096561996731955,-8.72408157637548,0.5028571428571429,25.0,-218.10203940938703,1702.2594256924267,157.0,0.3452245834567967,7.0,-0.8968752076345172,0.2
XRPUSDT,order_flow,50,0,0.7908643842047463,308.0,444.6364264624046,3943.883352329229,-3499.2469258668243,1.4436247612415734,-11.36119131774943,0.5064935064935064,44.0,-499.8924179809749,3488.2467583821312,307.0,0.13679267227198938,7.0,-1.0031534946483531,0.17857142857142858
XRPUSDT,order_flow,100,0,0.779838712367698,648.0,1227.8945731336778,8301.729797208916,-7073.835224075237,1.8948990326137003,-10.916412382832156,0.5200617283950617,92.57142857142857,-1010.5478891536053,7062.835390989195,647.0,0.1337711177382956,7.0,-1.0015574245295418,0.1712962962962963
XRPUSDT,order_flow,250,0,0.649792968854398,1722.0,1392.5934823696668,22070.50279076658,-20677.909308396913,0.8087070164748356,-12.008077414864642,0.4965156794425087,246.0,-2953.987044056702,20691.1004839745,1719.0,0.08625247980846097,7.0,-0.9993624710494348,0.11846689895470383
XRPUSDT,order_flow,5,1,0.8008218856443083,32.0,56.53499399559185,409.03637455472335,-352.50138055913146,1.7667185623622452,-11.015668142472858,0.53125,4.571428571428571,-50.357340079875925,423.2312522180839,28.0,0.27351634936574837,7.0,-0.8328812645846235,0.1875
XRPUSDT,order_flow,10,1,0.8003240373398973,64.0,205.7985438820504,817.1618793899931,-611.3633355079428,3.2156022481570377,-9.552552117311606,0.578125,9.142857142857142,-87.33761935827754,631.9151294701549,63.0,0.2806200271196842,7.0,-0.9674769711884502,0.265625
XRPUSDT,order_flow,30,1,0.7963026245026368,216.0,1100.9314356378281,2762.6689961623424,-1661.7375605245147,5.096904794619575,-7.693229446872754,0.5138888888888888,30.857142857142858,-237.39108007493067,1675.7023210715938,186.0,0.4358513539942936,7.0,-0.991666323802578,0.24537037037037038
XRPUSDT,order_flow,50,1,0.7911513684908598,358.0,704.8356172938029,4571.184581512525,-3866.3489642187224,1.968814573446377,-10.799857441951739,0.505586592178771,51.142857142857146,-552.3355663169604,3921.8072847031985,351.0,0.2361629525818428,7.0,-0.9858589888644482,0.22346368715083798
XRPUSDT,order_flow,100,1,0.7802544282134138,694.0,1574.0779636353782,8869.036358938001,-7294.958395302621,2.2681238669097668,-10.511467428389944,0.5273775216138329,99.14285714285714,-1042.1369136146602,7385.505998978109,685.0,0.2069639563688386,7.0,-0.9877398239622286,0.2132564841498559
XRPUSDT,order_flow,250,1,0.636560698849639,1786.0,2265.394038438678,22847.246676198665,-20581.852637759992,1.268417714691309,-11.523993638163489,0.5083986562150056,255.14285714285714,-2940.2646625371417,20563.665043922767,1784.0,0.15014856036763002,7.0,-1.000884452931828,0.16573348264277715
XRPUSDT,order_flow,5,2,0.8019038797249243,23.0,-69.32348385485378,293.3641584676909,-362.6876423225447,-3.014064515428425,-15.769027927067162,0.43478260869565216,3.2857142857142856,-51.8125203317921,349.81760959697016,22.0,0.10781626349245288,7.0,-1.0367906942718015,0.13043478260869565
XRPUSDT,order_flow,10,2,0.8013655948393192,56.0,81.49974548508308,713.3315160100886,-631.8317705250056,1.4553525979479123,-11.28271018794653,0.5178571428571429,8.0,-90.26168150357223,618.9617377994313,55.0,0.1872183601584729,7.0,-1.0207929374945381,0.25
XRPUSDT,order_flow,30,2,0.7974486158145218,205.0,1046.4551527959313,2616.3511330166884,-1569.8959802207569,5.104659281931372,-7.65802917180857,0.5024390243902439,29.285714285714285,-224.27085431725098,1572.458989658352,201.0,0.44279143708828994,7.0,-0.9983700627778204,0.25365853658536586
XRPUSDT,order_flow,50,2,0.7923630099906767,350.0,595.0475261002202,4459.309909237211,-3864.2623831369915,1.7001357888577722,-11.04074966610569,0.4857142857142857,50.0,-552.0374833052845,3853.6981037775795,348.0,0.2325849485658366,7.0,-1.0027413354847534,0.23142857142857143
XRPUSDT,order_flow,100,2,0.7819288740813297,668.0,1696.6733127023542,8517.594002888261,-6820.920690185908,2.5399301088358595,-10.210959117044773,0.5089820359281437,95.42857142857143,-974.4172414551297,6787.492695992355,667.0,0.24415161983726505,7.0,-1.0049249399875289,0.21107784431137724
XRPUSDT,order_flow,250,2,0.6269697039146536,1831.0,2274.1617062850605,23377.16948867046,-21103.0077823854,1.2420326085663902,-11.52540020883965,0.5128345166575642,261.57142857142856,-3014.7153974836287,21093.876417260624,1830.0,0.1498871438117887,7.0,-1.0004328917522862,0.16821409066084106
XRPUSDT,order_flow,5,3,0.8026412460856314,23.0,-32.35707973421627,292.0044232083493,-324.3615029425656,-1.406829553661577,-14.102674040981114,0.4782608695652174,3.2857142857142856,-46.337357563223655,318.2877187975746,20.0,0.1746567789586299,7.0,-1.0190826845846785,0.21739130434782608
XRPUSDT,order_flow,10,3,0.8020801162863536,63.0,83.39029162294295,799.9112548574979,-716.5209632345549,1.3236554225863961,-11.373348622770711,0.5079365079365079,9.0,-102.36013760493641,710.4556814865092,61.0,0.24364987909994854,7.0,-1.008537171150993,0.30158730158730157
XRPUSDT,order_flow,30,3,0.7977214026462304,257.0,944.8187512303152,3270.445663283067,-2325.6269120527513,3.676337553425351,-9.049131953512651,0.48638132295719844,36.714285714285715,-332.2324160075359,2316.4562360359314,256.0,0.38830777398721034,7.0,-1.00395892478958,0.2723735408560311
XRPUSDT,order_flow,50,3,0.7924935494142793,422.0,870.2628510863772,5364.523546438022,-4494.260695351646,2.0622342442805146,-10.649906861022858,0.4786729857819905,60.285714285714285,-642.0372421930923,4486.92319585477,421.0,0.2680131975593863,7.0,-1.0016353075763933,0.25355450236966826
XRPUSDT,order_flow,100,3,0.7818552875280749,725.0,1287.392041611613,9221.758165811014,-7934.366124199401,1.775713160843604,-10.943953274757796,0.5075862068965518,103.57142857142857,-1133.4808748856287,7923.366292525107,724.0,0.23011803086293323,7.0,-1.0013882775664014,0.24
XRPUSDT,order_flow,250,3,0.6167687285012939,1873.0,2498.7152239829807,23847.282734038396,-21348.567510055414,1.3340711286614952,-11.398060603339783,0.5141484249866525,267.57142857142856,-3049.795358579345,21335.733825265797,1872.0,0.18691591616560352,7.0,-1.0006015112906226,0.20234917245061398
XRPUSDT,order_flow,5,4,0.8032515210433073,26.0,-240.03944247156738,330.9048952921782,-570.9443377637455,-9.232286248906437,-21.9593976062979,0.46153846153846156,3.7142857142857144,-81.56347682339221,564.0008992595061,23.0,0.11710271715998168,7.0,-1.0123110415486138,0.19230769230769232
XRPUSDT,order_flow,10,4,0.8026508978271507,70.0,-61.61385810648105,889.2387792762471,-950.8526373827284,-0.8801979729497292,-13.583609105467549,0.4857142857142857,10.0,-135.83609105467548,964.674496271726,68.0,0.23866588109502987,7.0,-0.9856719971944772,0.3142857142857143
XRPUSDT,order_flow,30,4,0.7981668217865987,280.0,935.0360139775328,3559.2490656068276,-2624.213051629295,3.3394143356340455,-9.372189470104624,0.49642857142857144,40.0,-374.887578804185,2618.7574840951074,279.0,0.38926790814615514,7.0,-1.0020832656583596,0.2857142857142857
XRPUSDT,order_flow,50,4,0.7930874752283917,449.0,1019.6457838630206,5697.515362040904,-4677.869578177882,2.2709260219666385,-10.41841776877034,0.49443207126948774,64.14285714285714,-668.2670825968404,4676.08633838495,448.0,0.29847791424013226,7.0,-1.0003813530512244,0.26948775055679286
XRPUSDT,order_flow,100,4,0.782408505422544,741.0,1449.3080365853682,9404.349342747964,-7955.041306162597,1.9558812909384187,-10.735548321407013,0.5128205128205128,105.85714285714286,-1136.4344723089423,7953.25806636967,740.0,0.26115973355807365,7.0,-1.0002242150044731,0.25775978407557354
XRPUSDT,order_flow,250,4,0.6026636006078818,1902.0,2280.444020082995,24160.109301460452,-21879.665281377456,1.1989716193916904,-11.503504354036517,0.5162986330178759,271.7142857142857,-3125.6664687682082,21859.455311973856,1901.0,0.19803566978424605,7.0,-1.0009245413078764,0.22712933753943218
XRPUSDT,order_flow,5,5,0.8045360080833333,37.0,-264.4016125710516,468.910874377422,-733.3124869484735,-7.14598952894734,-19.819256404012798,0.4594594594594595,5.285714285714286,-104.75892670692478,777.088017797297,34.0,0.150921783101218,7.0,-0.9436672167807865,0.24324324324324326
XRPUSDT,order_flow,10,5,0.803885351577716,87.0,-113.27994230419985,1102.2686536619017,-1215.5485959661023,-1.3020683023471247,-13.971822942139108,0.4827586206896552,12.428571428571429,-173.6497994237289,1237.400176092996,78.0,0.2336417134202155,7.0,-0.9823407329746078,0.3103448275862069
XRPUSDT,order_flow,30,5,0.7992230346153614,336.0,1114.2384446703538,4256.058703203168,-3141.820258532814,3.316185847233196,-9.35065553134766,0.49702380952380953,48.0,-448.83146550468774,3127.179757951422,335.0,0.3882848769918368,7.0,-1.0046816945985169,0.3005952380952381
XRPUSDT,order_flow,50,5,0.7941848870789906,519.0,1233.2170355591343,6567.149149016377,-5333.932113457243,2.3761407236206824,-10.277325844811644,0.49903660886319845,74.14285714285714,-761.9903019224632,5347.370337334817,515.0,0.3191974685749992,7.0,-0.9974869472226844,0.28901734104046245
XRPUSDT,order_flow,100,5,0.7832102577283433,826.0,1552.171403643515,10452.367795468534,-8900.196391825019,1.8791421351616406,-10.775056164437068,0.5169491525423728,118.0,-1271.456627403574,8880.090747631712,825.0,0.2802193596881106,7.0,-1.002264125983022,0.2845036319612591
XRPUSDT,order_flow,250,5,0.6091653756273068,1923.0,1622.7394716816084,24342.67522930505,-22719.935757623443,0.8438582796056205,-11.814839187531692,0.500260010400416,274.7142857142857,-3245.7051082319203,22724.651418230333,1921.0,0.2173496172618862,7.0,-0.9997924869992458,0.25221008840353615
XRPUSDT,order_flow,5,6,0.8059088207238159,68.0,-396.4745559799004,861.3577967487979,-1257.832352728698,-5.830508176175006,-18.49753459895144,0.4117647058823529,9.714285714285714,-179.6903361040997,1361.421890109566,55.0,0.23637645540646524,7.0,-0.9239107743650785,0.25
XRPUSDT,order_flow,10,6,0.8051123578769583,146.0,-92.60059538341076,1881.0735571902756,-1973.6741525736863,-0.6342506533110326,-13.5183161135184,0.4726027397260274,20.857142857142858,-281.95345036766946,1973.759687935314,144.0,0.34241699445327645,7.0,-0.9999566637407022,0.3219178082191781
XRPUSDT,order_flow,30,6,0.8006570883236066,411.0,1163.5232774729252,5208.971085149184,-4045.447807676259,2.8309568794961684,-9.842938704808416,0.48418491484184917,58.714285714285715,-577.9211153823227,4046.44012403068,410.0,0.4319302798160972,7.0,-0.9997547680618012,0.30656934306569344
XRPUSDT,order_flow,50,6,0.7952238533993077,629.0,632.2520311261237,7948.455810794944,-7316.203779668821,1.0051701607728516,-11.631484546373324,0.48966613672496023,89.85714285714286,-1045.1719685241173,7291.480326665699,628.0,0.3292453201458807,7.0,-1.0033907316341109,0.29093799682034976
XRPUSDT,order_flow,100,6,0.7845919159362182,933.0,927.3957260074015,11795.596477556415,-10868.200751549013,0.9939932754634528,-11.64866104131727,0.5058949624866024,133.28571428571428,-1552.6001073641448,10843.47729854589,932.0,0.300035187139747,7.0,-1.0022800299500272,0.2947481243301179
XRPUSDT,order_flow,250,6,0.6262843600299564,1932.0,3350.3984690573943,24412.222945470254,-21061.824476412854,1.7341606982698727,-10.90156546398181,0.5,276.0,-3008.832068058979,21245.383798920204,1816.0,0.2909680773664405,7.0,-0.9913600373500111,0.2613871635610766
XRPUSDT,model_gated_by_rule,5,0,0.8003453161491259,30.0,90.3566163374062,384.349486623349,-293.99287028594273,3.011887211246873,-9.799762342864758,0.6,4.285714285714286,-41.99898146942039,288.5708523281867,28.0,0.18951882299685893,7.0,-1.0187892086605812,0.16666666666666666
XRPUSDT,model_gated_by_rule,10,0,0.7998029064844348,56.0,160.95217496713707,717.193766701475,-556.241591734338,2.874145981556019,-9.932885566684607,0.5714285714285714,8.0,-79.46308453347686,534.2372960386492,55.0,0.1739428560915464,7.0,-1.0411882432373216,0.21428571428571427
XRPUSDT,model_gated_by_rule,30,0,0.7954063048086446,190.0,555.9948682730798,2438.5050141897937,-1882.510145916714,2.9262887803846303,-9.907948136403759,0.4842105263157895,27.142857142857142,-268.9300208452449,2180.8311079263494,174.0,0.2820739095500257,7.0,-0.8632076730172402,0.17894736842105263
XRPUSDT,model_gated_by_rule,50,0,0.7899825900059201,329.0,1014.902196913972,4218.875369204919,-3203.9731722909464,3.084809109161009,-9.738520280519595,0.5075987841945289,47.0,-457.71045318442094,3501.078385639679,301.0,0.24906657523894532,7.0,-0.9151389427419379,0.17325227963525835
XRPUSDT,model_gated_by_rule,100,0,0.7783061289444677,671.0,2027.9370402988186,8603.530894426662,-6575.593854127843,3.0222608648268534,-9.799692778133894,0.5141579731743666,95.85714285714286,-939.3705505896918,7029.82156213366,633.0,0.19379256496723626,7.0,-0.9353855991946469,0.16095380029806258
XRPUSDT,model_gated_by_rule,250,0,0.6231899952756643,1733.0,1284.4526129473275,22234.687047180043,-20950.234434232712,0.7411728868709333,-12.088998519464923,0.5031736872475476,247.57142857142858,-2992.890633461816,20968.63123184298,1730.0,0.0902186056128255,7.0,-0.999122651478446,0.10559723023658396
XRPUSDT,model_gated_by_rule,5,1,0.8008180873166284,32.0,56.53499399559185,409.03637455472335,-352.50138055913146,1.7667185623622452,-11.015668142472858,0.53125,4.571428571428571,-50.357340079875925,423.2312522180839,28.0,0.27351634936574837,7.0,-0.8328812645846235,0.1875
XRPUSDT,model_gated_by_rule,10,1,0.8002626672724517,64.0,191.3158811816101,817.3731875091778,-626.0573063275677,2.989310643462658,-9.782145411368246,0.578125,9.142857142857142,-89.43675804679539,646.6091002897799,63.0,0.2575299212223518,7.0,-0.9682160459031557,0.265625
XRPUSDT,model_gated_by_rule,30,1,0.7959853598419624,209.0,863.5614970598701,2674.312477797115,-1810.7509807372453,4.1318731916740195,-8.663880290608828,0.507177033492823,29.857142857142858,-258.67871153389217,1794.9066660964118,207.0,0.36892929936814495,7.0,-1.0088273752279788,0.23923444976076555
XRPUSDT,model_gated_by_rule,50,1,0.7907049055475062,359.0,1057.2491746257763,4590.938031380396,-3533.68885675462,2.9449837733308533,-9.843144447784455,0.5013927576601671,51.285714285714285,-504.81269382208853,3550.8295630414577,355.0,0.2841699884227018,7.0,-0.9951727600600024,0.21727019498607242
XRPUSDT,model_gated_by_rule,100,1,0.779681942880571,687.0,1387.7946698114752,8783.26936561268,-7395.474695801204,2.0200795776004004,-10.764883108880937,0.529839883551674,98.14285714285714,-1056.4963851144578,7402.250260629406,682.0,0.1759563892592851,7.0,-0.9990846614759515,0.20232896652110627
XRPUSDT,model_gated_by_rule,250,1,0.6267935734270257,1784.0,2124.7174722870445,22845.530910889698,-20720.813438602654,1.1909851302057424,-11.614805739127048,0.5100896860986547,254.85714285714286,-2960.1162055146647,20693.205374992896,1783.0,0.14345700320980825,7.0,-1.0013341608083164,0.14405829596412556
XRPUSDT,model_gated_by_rule,5,2,0.801903887944609,23.0,-69.32348385485378,293.3641584676909,-362.6876423225447,-3.014064515428425,-15.769027927067162,0.43478260869565216,3.2857142857142856,-51.8125203317921,349.81760959697016,22.0,0.10781626349245288,7.0,-1.0367906942718015,0.13043478260869565
XRPUSDT,model_gated_by_rule,10,2,0.8013535337141017,54.0,9.714838478856732,687.9728678288918,-678.2580293500353,0.17990441627512468,-12.560333876852505,0.5,7.714285714285714,-96.89400419286218,665.3879966244608,53.0,0.14664568438655834,7.0,-1.0193421474250581,0.2222222222222222
XRPUSDT,model_gated_by_rule,30,2,0.79734837981228,193.0,873.3027224495333,2464.447225594787,-1591.1445031452536,4.524884572277375,-8.24427203702204,0.5077720207253886,27.571428571428573,-227.30635759217907,1593.7075125828487,189.0,0.39646571168998407,7.0,-0.9983917943428393,0.24870466321243523
XRPUSDT,model_gated_by_rule,50,2,0.7920858266750417,344.0,750.5090275863097,4389.33563689459,-3638.8266093082802,2.181712289495086,-10.577984329384536,0.48255813953488375,49.142857142857146,-519.8323727583257,3628.2623299488682,342.0,0.2696215708914252,7.0,-1.0029116636005646,0.22093023255813954
XRPUSDT,model_gated_by_rule,100,2,0.7816116915221742,650.0,809.1455596375896,8291.188153847597,-7482.042594210009,1.2448393225193686,-11.51083476032309,0.5061538461538462,92.85714285714286,-1068.863227744287,7448.614600016452,649.0,0.17606739167249186,7.0,-1.0044878136389932,0.19846153846153847
XRPUSDT,model_gated_by_rule,250,2,0.6181321948835357,1822.0,1843.0775806645154,23286.00757347399,-21442.929992809477,1.0115683757763532,-11.768896812738461,0.5109769484083425,260.2857142857143,-3063.2757132584966,21433.798627684693,1821.0,0.14737839379322706,7.0,-1.0004260264493197,0.15697036223929747
XRPUSDT,model_gated_by_rule,5,3,0.8026412892757631,23.0,-32.35707973421627,292.0044232083493,-324.3615029425656,-1.406829553661577,-14.102674040981114,0.4782608695652174,3.2857142857142856,-46.337357563223655,318.2877187975746,20.0,0.1746567789586299,7.0,-1.0190826845846785,0.21739130434782608
XRPUSDT,model_gated_by_rule,10,3,0.8020472154302543,59.0,42.10789551818437,749.2440028865414,-707.1361073683569,0.7136931443760063,-11.985357752006049,0.5084745762711864,8.428571428571429,-101.01944390976527,701.0708256203113,57.0,0.2220499356868769,7.0,-1.0086514536426172,0.288135593220339
XRPUSDT,model_gated_by_rule,30,3,0.7975847938215304,243.0,856.5769361459968,3093.481366797989,-2236.904430651992,3.525007967678999,-9.205368027374451,0.49794238683127573,34.714285714285715,-319.5577758074274,2227.733754635171,242.0,0.3650533713404793,7.0,-1.0041165942733237,0.2757201646090535
XRPUSDT,model_gated_by_rule,50,3,0.7923544265973195,405.0,1335.1277280756926,5155.232172901807,-3820.1044448261136,3.2966116742609692,-9.432356653891638,0.49135802469135803,57.857142857142854,-545.7292064037305,3812.7669453292356,404.0,0.32597131617176134,7.0,-1.0019244552845976,0.254320987654321
XRPUSDT,model_gated_by_rule,100,3,0.781603953724608,705.0,1774.0280574176732,8974.416916098067,-7200.388858680394,2.5163518544931534,-10.213317530043112,0.5163120567375886,100.71428571428571,-1028.626979811485,7189.389027006098,704.0,0.259507637689859,7.0,-1.0015300092445931,0.23404255319148937
XRPUSDT,model_gated_by_rule,250,3,0.6032324799722142,1867.0,2570.2899283393836,23766.18003430219,-21195.890105962804,1.3766951946113464,-11.352913822154688,0.5195500803427959,266.7142857142857,-3027.984300851829,21183.056421173234,1866.0,0.1865759100721317,7.0,-1.0006058466981536,0.19817889662560256
XRPUSDT,model_gated_by_rule,5,4,0.8032515281969138,25.0,-65.40994732537334,316.53335112494807,-381.94329845032144,-2.6163978930149336,-15.277731938012858,0.48,3.5714285714285716,-54.56332835004592,374.999859946082,22.0,0.16546184582986506,7.0,-1.0185158429265488,0.2
XRPUSDT,model_gated_by_rule,10,4,0.8026180967777723,64.0,73.37258520091981,811.5605044922702,-738.1879192913505,1.146446643764372,-11.53418623892735,0.5,9.142857142857142,-105.45541704162149,752.0097781803479,62.0,0.2671494052871678,7.0,-0.9816201074905668,0.3125
XRPUSDT,model_gated_by_rule,30,4,0.7980247850775583,265.0,1007.5024389489388,3367.5686096454674,-2360.0661706965284,3.801895996033731,-8.905910078100106,0.4981132075471698,37.857142857142854,-337.15231009950406,2354.610603162342,264.0,0.3971694802044433,7.0,-1.0023169722954866,0.29056603773584905
XRPUSDT,model_gated_by_rule,50,4,0.7929486651105694,432.0,1386.990534590086,5486.513701523342,-4099.523166933255,3.2106262374770513,-9.489636960493646,0.5046296296296297,61.714285714285715,-585.6461667047507,4097.739927140326,431.0,0.33995089701156533,7.0,-1.0004351764203283,0.27546296296296297
XRPUSDT,model_gated_by_rule,100,4,0.7822151491192711,721.0,1526.450183007539,9160.303649571146,-7633.853466563606,2.1171292413419405,-10.58786888566381,0.5062413314840499,103.0,-1090.5504952233723,7632.070226770677,720.0,0.2742598084799932,7.0,-1.0002336508627336,0.2510402219140083
XRPUSDT,model_gated_by_rule,250,4,0.5906914171838022,1887.0,1941.0250418077603,23983.693833830654,-22042.668792022894,1.0286301228446,-11.681329513525647,0.5103338632750397,269.57142857142856,-3148.952684574699,22035.35322063594,1886.0,0.19170456757963003,7.0,-1.0003319924719927,0.20932697403285638
XRPUSDT,model_gated_by_rule,5,5,0.8045360112276225,34.0,-53.87514514541765,429.3554323719098,-483.23057751732745,-1.5845630925122838,-14.212664044627278,0.47058823529411764,4.857142857142857,-69.03293964533249,527.006108366151,31.0,0.20843279384728144,7.0,-0.9169354393547002,0.23529411764705882
XRPUSDT,model_gated_by_rule,10,5,0.8038260259258793,85.0,140.81338847464318,1075.410332733203,-934.5969442585599,1.6566280997016845,-10.995258167747764,0.5176470588235295,12.142857142857142,-133.51384917979428,959.702582814654,75.0,0.28330710053420044,7.0,-0.9738401886108682,0.32941176470588235
XRPUSDT,model_gated_by_rule,30,5,0.7990240307431427,321.0,1183.6421395477405,4066.6261563355292,-2882.9840167877883,3.687358690179877,-8.981258619276598,0.5109034267912772,45.857142857142854,-411.8548595411126,2868.343516206396,320.0,0.39225551547521237,7.0,-1.0051041656965674,0.30218068535825543
XRPUSDT,model_gated_by_rule,50,5,0.7939447095449073,490.0,1788.850589062595,6205.9922870216105,-4417.141697959016,3.650715487882847,-9.01457489379391,0.5183673469387755,70.0,-631.0202425655737,4405.146162579366,485.0,0.37704900958590315,7.0,-1.0027230731823495,0.2938775510204082
XRPUSDT,model_gated_by_rule,100,5,0.7830736352757214,788.0,1689.6488822973636,9981.387090680197,-8291.738208382834,2.144224469920512,-10.522510416729485,0.5139593908629442,112.57142857142857,-1184.5340297689763,8271.632564189524,787.0,0.29678080224118736,7.0,-1.0024306742396119,0.28045685279187815
XRPUSDT,model_gated_by_rule,250,5,0.5989118910719641,1887.0,443.7688459407004,23881.17839012018,-23437.409544179478,0.23517161947042944,-12.420460807726274,0.5034446210916799,269.57142857142856,-3348.2013634542113,23437.511949393054,1885.0,0.19783288103249363,7.0,-0.999995630713115,0.2278749337572867
XRPUSDT,model_gated_by_rule,5,6,0.8059088553285836,60.0,-142.50504919531625,758.8536336820262,-901.3586828773425,-2.375084153255271,-15.022644714622375,0.45,8.571428571428571,-128.76552612533465,979.8886532472416,52.0,0.29455015131673307,7.0,-0.9198582715396698,0.26666666666666666
XRPUSDT,model_gated_by_rule,10,6,0.8050518374079032,134.0,283.4052733990114,1691.8276068436496,-1408.4223334446383,2.114964726858294,-10.51061442869133,0.4925373134328358,19.142857142857142,-201.20319049209118,1577.342293039164,115.0,0.44342376865580935,7.0,-0.8929084952961878,0.34328358208955223
XRPUSDT,model_gated_by_rule,30,6,0.8005862799774401,373.0,1217.9250258024103,4724.911727941506,-3506.9867021390955,3.265214546387159,-9.402109121016341,0.4879356568364611,53.285714285714285,-500.99810030558507,3631.792543174871,352.0,0.453994424979821,7.0,-0.9656351954160158,0.3109919571045576
XRPUSDT,model_gated_by_rule,50,6,0.7951635461837945,567.0,833.8215383781209,7166.707472041882,-6332.8859336637615,1.4705847237709362,-11.169110994115982,0.5008818342151675,81.0,-904.6979905233945,6308.162480660635,566.0,0.35099558485961224,7.0,-1.003919279675963,0.2892416225749559
XRPUSDT,model_gated_by_rule,100,6,0.7844379899756027,869.0,740.8593635434283,10980.364023654325,-10239.504660110895,0.852542420648364,-11.78308936721622,0.5028768699654775,124.14285714285714,-1462.7863800158423,10214.78120710777,868.0,0.2966152289814774,7.0,-1.002420360505218,0.28883774453394706
XRPUSDT,model_gated_by_rule,250,6,0.6199515381989877,1883.0,-805.8935410308015,23822.80859801535,-24628.702139046152,-0.4279838242330332,-13.079501932578944,0.4928305894848646,269.0,-3518.3860198637362,24663.58142874616,1882.0,0.208100049539174,7.0,-0.998585797857429,0.22782793414763675
XRPUSDT,logistic,5,0,0.7965617988656167,27.0,-242.5410122163143,363.8234193501759,-606.3644315664901,-8.983000452456086,-22.457941909870005,0.4444444444444444,3.857142857142857,-86.6234902237843,635.80576992912,22.0,0.22313313048068772,7.0,-0.9536944460791666,0.37037037037037035
XRPUSDT,logistic,10,0,0.7059933253137872,76.0,-798.4148485674203,987.9018059182554,-1786.3166544856758,-10.505458533781846,-23.504166506390472,0.5657894736842105,10.857142857142858,-255.1880934979537,1886.307373594173,58.0,0.23069694641259203,7.0,-0.9469912907576803,0.3815789473684211
XRPUSDT,logistic,30,0,0.5951694462984255,222.0,527.6295008330146,2844.240463362411,-2316.6109625293966,2.3767094632117773,-10.435184515898182,0.5135135135135135,31.714285714285715,-330.9444232184852,2330.5606906786284,210.0,0.31252678250781724,7.0,-0.9940144325762357,0.32432432432432434
XRPUSDT,logistic,50,0,0.547679527557382,363.0,-328.1628004616038,4641.409944116435,-4969.572744578038,-0.9040297533377515,-13.690283042914704,0.5316804407713499,51.857142857142854,-709.9389635111482,4962.379814554413,360.0,0.19454483667741626,7.0,-1.0014494920365684,0.26170798898071623
XRPUSDT,logistic,100,0,0.48089145304897357,619.0,1744.396285500149,7919.376477444707,-6174.980191944557,2.8180876987078336,-9.975735366630948,0.5121163166397416,88.42857142857143,-882.140027420651,6255.06062263737,561.0,0.28793774439108655,7.0,-0.9871974972707701,0.2407108239095315
XRPUSDT,logistic,250,0,0.36134189125870075,1622.0,335.8621999487271,20780.82227126441,-20444.96007131568,0.2070667077365765,-12.604784260983774,0.4759556103575832,231.71428571428572,-2920.708581616526,20455.82812721954,1621.0,0.09795919742165311,7.0,-0.999468706139088,0.13255240443896424
XRPUSDT,logistic,5,1,0.6997070540297368,97.0,63.13645592572236,1239.9278454382834,-1176.791389512561,0.6508912982033233,-12.131869994974855,0.4948453608247423,13.857142857142858,-168.11305564465155,1181.908479099019,95.0,0.40000548780187845,7.0,-0.995670485763535,0.3917525773195876
XRPUSDT,logistic,10,1,0.660169845300878,166.0,-426.1508957361338,2112.377493395432,-2538.5283891315657,-2.5671740706996014,-15.29233969356365,0.5662650602409639,23.714285714285715,-362.6469127330808,2625.287298019509,157.0,0.3201841388482755,7.0,-0.9669526040241793,0.39759036144578314
XRPUSDT,logistic,30,1,0.5745113020108875,431.0,-84.81637687216624,5485.525260616398,-5570.341637488564,-0.19678973752242748,-12.924226537096436,0.5127610208816705,61.57142857142857,-795.7630910697948,5558.578998550805,428.0,0.24647909120122288,7.0,-1.0021161233726865,0.29466357308584684
XRPUSDT,logistic,50,1,0.5382535848336965,625.0,1015.3025919085005,7954.192755697975,-6938.890163789475,1.624484147053601,-11.10222426206316,0.52,89.28571428571429,-991.2700233984964,6914.922224718174,624.0,0.2909550567844442,7.0,-1.0034661183875104,0.296
XRPUSDT,logistic,100,1,0.48635358335240064,893.0,1605.3870611324533,11377.196873259989,-9771.809812127536,1.797745869129287,-10.942676161397017,0.49048152295632697,127.57142857142857,-1395.9728303039337,9758.96394226137,892.0,0.29680641810432484,7.0,-1.0013163149225848,0.2721164613661814
XRPUSDT,logistic,250,1,0.3916022286095612,1631.0,822.7042908890419,20846.55480211135,-20023.850511222307,0.504417100483778,-12.277038940050463,0.4862047823421214,233.0,-2860.550073031758,19998.086445404922,1630.0,0.1423071302957168,7.0,-1.0012883265550292,0.1747394236664623
XRPUSDT,logistic,5,2,0.6794610132649439,102.0,13.747318113086095,1302.574315932542,-1288.8269978194564,0.1347776285596676,-12.635558802151534,0.5196078431372549,14.571428571428571,-184.11814254563663,1278.132165431105,91.0,0.3727644046328803,7.0,-1.0083675481124788,0.39215686274509803
XRPUSDT,logistic,10,2,0.6437270353608544,171.0,-504.3876681445622,2171.6638366105917,-2676.0515047551535,-2.94963548622551,-15.649424004416103,0.5614035087719298,24.428571428571427,-382.2930721078791,2728.6629608049757,159.0,0.2969914232552863,7.0,-0.9807189613354441,0.3684210526315789
XRPUSDT,logistic,30,2,0.5599738574160047,514.0,331.3511325843082,6533.59757556529,-6202.246442980982,0.6446520089188875,-12.066627320974673,0.5311284046692607,73.42857142857143,-886.0352061401402,6174.382857288709,513.0,0.2568800104083793,7.0,-1.0045127725857461,0.29571984435797666
XRPUSDT,logistic,50,2,0.5243945808112369,766.0,-7.563244666040646,9734.176089762219,-9741.73933442826,-0.009873687553577867,-12.717675371316265,0.5065274151436031,109.42857142857143,-1391.6770477754656,9730.73915914035,765.0,0.22394755593620108,7.0,-1.0011304562899084,0.2780678851174935
XRPUSDT,logistic,100,2,0.4716947891710471,1120.0,13.934007408756429,14245.329212348139,-14231.395204939383,0.012441078043532526,-12.706602861553021,0.48125,160.0,-2033.0564578484832,14226.000760668046,1119.0,0.19144150863832304,7.0,-1.0003791961185782,0.23214285714285715
XRPUSDT,logistic,250,2,0.38309192474250364,1726.0,1066.5103134111546,22014.055622877335,-20947.545309466175,0.6179086404467872,-12.13646889308585,0.4947856315179606,246.57142857142858,-2992.506472780882,20938.41394434134,1725.0,0.15618863201126773,7.0,-1.0004361058649958,0.17960602549246812
XRPUSDT,logistic,5,3,0.6853966433001526,128.0,246.07905016853448,1631.3192360457745,-1385.2401858772398,1.9224925794416756,-10.822188952165936,0.546875,18.285714285714285,-197.89145512531996,1376.4351931377794,125.0,0.4113371081725046,7.0,-1.0063969540907975,0.390625
XRPUSDT,logistic,10,3,0.642977820888018,227.0,-121.84535062715213,2878.5018345108756,-3000.347185138027,-0.5367636591504499,-13.217388480784258,0.5903083700440529,32.42857142857143,-428.62102644828957,3034.462636351437,225.0,0.34182502055934955,7.0,-0.9887573335704571,0.3744493392070485
XRPUSDT,logistic,30,3,0.5559775871772603,712.0,1910.2815619433995,9023.51426032241,-7113.232698379011,2.6829797218306175,-9.990495362891869,0.5491573033707865,101.71428571428571,-1016.1760997684302,7109.592911987324,711.0,0.343852402220371,7.0,-1.000511954261903,0.3258426966292135
XRPUSDT,logistic,50,3,0.5155335146389335,1046.0,2156.270975660228,13261.371690588418,-11105.10071492819,2.0614445273998356,-10.61673108501739,0.5095602294455067,149.42857142857142,-1586.4429592754557,11099.620324875674,1045.0,0.2972485813477892,7.0,-1.0004937457221157,0.2858508604206501
XRPUSDT,logistic,100,3,0.46189381097784277,1393.0,19.478390570111173,17677.075062328568,-17657.596671758456,0.013983051378399981,-12.675948795232202,0.48887293610911703,199.0,-2522.513810251208,17655.794442666964,1392.0,0.18317164820687948,7.0,-1.0001020757857906,0.23761665470208185
XRPUSDT,logistic,250,3,0.3635025933887747,1894.0,868.6087227023604,24095.47403252472,-23226.865309822362,0.4586107300434849,-12.263392455027647,0.5005279831045406,270.57142857142856,-3318.123615688909,23215.865478643296,1893.0,0.16787575469930072,7.0,-1.0004738066383605,0.19429778247096094
XRPUSDT,logistic,5,4,0.6673593922452199,150.0,640.9159660578416,1926.0837215619486,-1285.1677555041072,4.272773107052277,-8.567785036694048,0.5933333333333334,21.428571428571427,-183.59539364344388,1576.1485158545524,133.0,0.5161051456959724,7.0,-0.8153849352244056,0.4533333333333333
XRPUSDT,logistic,10,4,0.6274381184849158,270.0,211.16708565595735,3428.9686205008697,-3217.801534844912,0.7821003172442865,-11.917783462388563,0.5518518518518518,38.57142857142857,-459.68593354927316,3272.3516571784508,252.0,0.33559327489517055,7.0,-0.9833299938245104,0.3592592592592593
XRPUSDT,logistic,30,4,0.5482668270612829,866.0,1491.5954507574438,10965.248483949637,-9473.653033192193,1.7223965944081336,-10.939553156111078,0.5300230946882217,123.71428571428571,-1353.379004741742,9484.914255657757,865.0,0.31156781861908034,7.0,-0.9988127227972728,0.28983833718244806
XRPUSDT,logistic,50,4,0.5061048563738945,1272.0,2564.367561704673,16145.719627078211,-13581.35206537354,2.0160122340445543,-10.67716357340687,0.5141509433962265,181.71428571428572,-1940.19315219622,13592.613287839087,1271.0,0.2797924976628306,7.0,-0.9991715189546647,0.2861635220125786
XRPUSDT,logistic,100,4,0.4510757937711718,1649.0,-1043.071511991563,20900.768679435583,-21943.84019142714,-0.6325479150949442,-13.30736215368535,0.4802910855063675,235.57142857142858,-3134.83431306102,21942.261318207697,1647.0,0.16779756857079564,7.0,-1.0000719558115068,0.22741055184960582
XRPUSDT,logistic,250,4,0.33915482866430513,2003.0,-160.03744126699863,25432.838567966624,-25592.876009233616,-0.07989887232501179,-12.7772720964721,0.4762855716425362,286.14285714285717,-3656.125144176231,25589.24469707933,2002.0,0.1611761949912606,7.0,-1.0001419077505909,0.20968547179231153
XRPUSDT,logistic,5,5,0.6507053629002184,190.0,774.33373185904,2445.5926289676704,-1671.2588971086302,4.075440693994947,-8.796099458466475,0.5842105263157895,27.142857142857142,-238.7512710155186,1732.59818842197,183.0,0.4883309128856883,7.0,-0.9645969320969873,0.3894736842105263
XRPUSDT,logistic,10,5,0.6124479665695043,467.0,885.5719188553504,5916.569488009092,-5030.997569153743,1.896299612109958,-10.77301406671037,0.5524625267665952,66.71428571428571,-718.7139384505347,5049.043325688869,460.0,0.35549322997706423,7.0,-0.9964259057862879,0.3683083511777302
XRPUSDT,logistic,30,5,0.5401577967575526,1322.0,986.5599532551723,16701.814224576865,-15715.254271321694,0.746263202159737,-11.887484320213082,0.49848714069591527,188.85714285714286,-2245.0363244745276,15711.475302728526,1321.0,0.25650138862281263,7.0,-1.0002405228357207,0.2866868381240545
XRPUSDT,logistic,50,5,0.5001305398067347,1668.0,1833.0135409861023,21089.825717636464,-19256.812176650365,1.0989289814065362,-11.54485142485034,0.4958033573141487,238.28571428571428,-2750.9731680929094,19272.852366120347,1666.0,0.2594290139264533,7.0,-0.9991677314200684,0.2637889688249401
XRPUSDT,logistic,100,5,0.4434963708394886,1952.0,-1159.8685662568573,24691.004589517186,-25850.873155774047,-0.5941949622217507,-13.243275182261295,0.4805327868852459,278.85714285714283,-3692.9818793962922,25832.590331621443,1951.0,0.18574601344012837,7.0,-1.0007077425808988,0.2387295081967213
XRPUSDT,logistic,250,5,0.3312097589868218,2067.0,1482.8004944551362,26170.103724807002,-24687.303230351867,0.7173684056386725,-11.943542927117496,0.502177068214804,295.2857142857143,-3526.757604335981,24679.931183665434,2066.0,0.21663678925715502,7.0,-1.0002987061281319,0.2370585389453314
XRPUSDT,logistic,5,6,0.6309123070156255,373.0,550.7747120827007,4798.358145485244,-4247.583433402543,1.476607807192227,-11.387623145851322,0.517426273458445,53.285714285714285,-606.7976333432205,4228.896745580995,365.0,0.4288427023233039,7.0,-1.0044188091944015,0.3806970509383378
XRPUSDT,logistic,10,6,0.5917333092299188,704.0,1038.962701112321,8896.209518998368,-7857.246817886047,1.4757992913527287,-11.1608619572245,0.546875,100.57142857142857,-1122.4638311265783,7795.091305454831,703.0,0.4059521178689909,7.0,-1.0079736734305755,0.36079545454545453
XRPUSDT,logistic,30,6,0.5291106222975921,1371.0,1868.2754906034174,17320.669080851818,-15452.3935902484,1.3627100587916976,-11.27089248012283,0.5025528811086798,195.85714285714286,-2207.4847986069144,15493.709634271776,1319.0,0.33002577740197514,7.0,-0.9973333665727164,0.2946754194018964
XRPUSDT,logistic,50,6,0.4870270327203195,1731.0,1926.309651799798,21856.483164421,-19930.173512621204,1.1128305325244356,-11.513676206020337,0.5054881571346043,247.28571428571428,-2847.167644660172,19880.13762661878,1730.0,0.29353103539792497,7.0,-1.00251687825015,0.28191796649335643
XRPUSDT,logistic,100,6,0.4231787995465624,2036.0,1053.5224751597834,25771.72192551461,-24718.199450354827,0.517447188192428,-12.140569474634,0.4955795677799607,290.85714285714283,-3531.1713500506894,24742.011686546906,2031.0,0.25697909254459844,7.0,-0.9990375788155889,0.25
XRPUSDT,logistic,250,6,0.3137493585608822,2104.0,1480.7612199706714,26587.402748035634,-25106.641528064963,0.7037838497959464,-11.932814414479546,0.4928707224334601,300.57142857142856,-3586.663075437852,25058.217116527845,2103.0,0.248524528949832,7.0,-1.001932476333489,0.25285171102661597
XRPUSDT,breakout,5,0,0.8867481240685801,45.0,-117.09643313227382,575.4991918828738,-692.5956250151479,-2.602142958494974,-15.391013889225508,0.4222222222222222,6.428571428571429,-98.94223214502112,685.2645082294069,44.0,0.30534430844779786,7.0,-1.010698229220543,0.26666666666666666
XRPUSDT,breakout,10,0,0.8808001718321283,91.0,-115.51965011082454,1164.3048353870886,-1279.8244854979127,-1.2694467045145554,-14.064005335141898,0.4175824175824176,13.0,-182.83206935684467,1260.8411181456713,76.0,0.252933773042107,7.0,-1.01505611379502,0.24175824175824176
XRPUSDT,breakout,30,0,0.8717252148303254,158.0,-88.4124498139117,2020.1255951320531,-2108.5380449459653,-0.5595724671766563,-13.345177499658009,0.4620253164556962,22.571428571428573,-301.2197207065665,2116.041320318036,157.0,0.2756288029613351,7.0,-0.9964540978949584,0.25949367088607594
XRPUSDT,breakout,50,0,0.857404195641429,291.0,501.1519772587689,3717.972924278506,-3216.8209470197366,1.7221717431572814,-11.054367515531741,0.4742268041237113,41.57142857142857,-459.5458495742481,3211.352090430075,290.0,0.2933040089930237,7.0,-1.001702976327622,0.2508591065292096
XRPUSDT,breakout,100,0,0.8336942912468357,482.0,1298.3618473856136,6161.412280340197,-4863.050432954583,2.693696778808327,-10.089316250943119,0.46680497925311204,68.85714285714286,-694.7214904220833,5071.827989737336,427.0,0.30972300012448317,7.0,-0.9588358364666139,0.21161825726141079
XRPUSDT,breakout,250,0,0.3333333669696994,1530.0,150.0447694366045,19600.74972960405,-19450.704960167444,0.09806847675595065,-12.71287905893297,0.4562091503267974,218.57142857142858,-2778.6721371667777,19457.938333762737,1529.0,0.09794079837989127,7.0,-0.9996282559091709,0.12745098039215685
XRPUSDT,breakout,5,1,0.8850851287847957,91.0,36.12963020196875,1158.1521174080845,-1122.0224872061156,0.39702890331833796,-12.329917441825446,0.43956043956043955,13.0,-160.2889267437308,1150.27068801349,79.0,0.37964446496825444,7.0,-0.9754421275776758,0.31868131868131866
XRPUSDT,breakout,10,1,0.878619025239005,171.0,-170.87304597926354,2177.4621460618873,-2348.335192041151,-0.9992575788261026,-13.732954339421935,0.4269005847953216,24.428571428571427,-335.47645600587873,2338.014202507589,157.0,0.2951824417121845,7.0,-1.004414425507977,0.2982456140350877
XRPUSDT,breakout,30,1,0.8621576525776762,429.0,148.93934950728175,5461.81846421655,-5312.879114709267,0.34717797087944463,-12.384333600720902,0.47086247086247085,61.285714285714285,-758.9827306727524,5289.699265232616,425.0,0.27498063710886617,7.0,-1.0043820732170927,0.2703962703962704
XRPUSDT,breakout,50,1,0.853668866605011,505.0,533.3624843127745,6427.327030302201,-5893.964545989427,1.0561633352728208,-11.671216922751341,0.4534653465346535,72.14285714285714,-841.9949351413468,5862.70654289709,504.0,0.29191504183768474,7.0,-1.0053316676970994,0.2613861386138614
XRPUSDT,breakout,100,1,0.8288572193168542,668.0,1847.524266085883,8512.030493598744,-6664.50622751286,2.7657548893501245,-9.976805729809671,0.46407185628742514,95.42857142857143,-952.0723182161229,6637.067329583831,666.0,0.3439037303726847,7.0,-1.0041341900822256,0.25748502994011974
XRPUSDT,breakout,250,1,0.33333336694443405,1604.0,942.9312249921809,20506.22930434325,-19563.298079351072,0.587862359720811,-12.196569874907153,0.47256857855361595,229.14285714285714,-2794.7568684787248,19563.369042038517,1603.0,0.15704143365424986,7.0,-0.9999963726755197,0.1708229426433915
XRPUSDT,breakout,5,2,0.8831764980439034,96.0,97.55214826901877,1218.7051291447074,-1121.1529808756886,1.0161682111356123,-11.678676884121757,0.46875,13.714285714285714,-160.1647115536698,1080.1627066764213,93.0,0.3929029045185973,7.0,-1.0379482405251625,0.3229166666666667
XRPUSDT,breakout,10,2,0.8761437087586801,182.0,-149.46961429691214,2313.32356556546,-2462.7931798623717,-0.8212616170160008,-13.531830658584461,0.4340659340659341,26.0,-351.82759712319597,2444.4690167495633,181.0,0.2966453884953886,7.0,-1.0074961731923173,0.2967032967032967
XRPUSDT,breakout,30,2,0.8577809861263335,509.0,387.0866339542054,6470.696738410765,-6083.61010445656,0.760484546078989,-11.95208271995395,0.4636542239685658,72.71428571428571,-869.0871577795086,6067.005595853875,508.0,0.2679340816247166,7.0,-1.00273685401148,0.2593320235756385
XRPUSDT,breakout,50,2,0.8495359028718323,517.0,527.8335964082759,6572.254971530299,-6044.421375122023,1.0209547319309011,-11.691337282634475,0.46034816247582205,73.85714285714286,-863.4887678745747,6027.81686651934,516.0,0.2794956116729854,7.0,-1.002754647158395,0.26499032882011603
XRPUSDT,breakout,100,2,0.8235845309483498,754.0,1673.7014382446248,9593.545491779794,-7919.844053535169,2.219763180695789,-10.503771954290675,0.46021220159151194,107.71428571428571,-1131.406293362167,7903.239544932492,753.0,0.3160962800871815,7.0,-1.0021009749873169,0.2440318302387268
XRPUSDT,breakout,250,2,0.33333336691395354,1646.0,1269.0038650803335,20999.25280666912,-19730.24894158879,0.7709622509601054,-11.986785505217977,0.4793438639125152,235.14285714285714,-2818.6069916555416,19730.46267311171,1645.0,0.16071836488041868,7.0,-0.9999891674348209,0.181044957472661
XRPUSDT,breakout,5,3,0.8825536252511477,142.0,469.05460544691306,1797.6682164053323,-1328.6136109584193,3.303201446809247,-9.356433879988868,0.49295774647887325,20.285714285714285,-189.80194442263132,1300.4668440298487,134.0,0.48156737600882915,7.0,-1.021643586730247,0.3591549295774648
XRPUSDT,breakout,10,3,0.8753418085560779,342.0,427.56578858818614,4334.98699496956,-3907.421206381374,1.250192364292942,-11.42520820579349,0.4678362573099415,48.857142857142854,-558.2030294830535,3892.6760633500435,341.0,0.3431013605576348,7.0,-1.0037879193622499,0.30701754385964913
XRPUSDT,breakout,30,3,0.8482189833031328,670.0,403.3523044530282,8496.443333685038,-8093.091029232008,0.6020183648552659,-12.079240342137325,0.4597014925373134,95.71428571428571,-1156.1558613188583,8094.487209143567,668.0,0.27875481491884463,7.0,-0.9998275147176733,0.27761194029850744
XRPUSDT,breakout,50,3,0.8482189833031328,670.0,403.3523044530282,8496.443333685038,-8093.091029232008,0.6020183648552659,-12.079240342137325,0.4597014925373134,95.71428571428571,-1156.1558613188583,8094.487209143567,668.0,0.27875481491884463,7.0,-0.9998275147176733,0.27761194029850744
XRPUSDT,breakout,100,3,0.8219207800264648,947.0,1557.8488359059374,12017.314383255552,-10459.465547349613,1.6450357295733236,-11.044842183051333,0.46673706441393875,135.28571428571428,-1494.2093639070877,10438.87195215624,945.0,0.3046984057341021,7.0,-1.0019727797493598,0.2565997888067582
XRPUSDT,breakout,250,3,0.33333336690367926,1729.0,1622.2334904274026,21994.482536696793,-20372.249046269386,0.9382495606867568,-11.7826772968591,0.47657605552342397,247.0,-2910.321292324198,20359.41536147983,1728.0,0.22021915469984354,7.0,-1.000630356253443,0.20821283979178715
XRPUSDT,breakout,5,4,0.8817422282795193,169.0,323.3005949745069,2144.663305780597,-1821.3627108060907,1.9130212720385025,-10.777294146781601,0.46745562130177515,24.142857142857142,-260.1946729722987,1780.3724366068234,166.0,0.42166693825920615,7.0,-1.0230234266473985,0.33136094674556216
XRPUSDT,breakout,10,4,0.8743013256662328,293.0,286.3578544016011,3717.1734214751255,-3430.815567073524,0.9773305610976147,-11.709268147008615,0.43686006825938567,41.857142857142854,-490.116509581932,3416.0704240421946,292.0,0.37381391628706034,7.0,-1.0043164048748976,0.29692832764505117
XRPUSDT,breakout,30,4,0.8465251795930486,774.0,656.8022185933484,9811.266690781726,-9154.464472188378,0.8485816777691839,-11.827473478279558,0.45478036175710596,110.57142857142857,-1307.780638884054,9128.537878146104,773.0,0.29285810550615016,7.0,-1.0028401694102997,0.26744186046511625
XRPUSDT,breakout,50,4,0.8465251795930486,774.0,656.8022185933484,9811.266690781726,-9154.464472188378,0.8485816777691839,-11.827473478279558,0.45478036175710596,110.57142857142857,-1307.780638884054,9128.537878146104,773.0,0.29285810550615016,7.0,-1.0028401694102997,0.26744186046511625
XRPUSDT,breakout,100,4,0.8197919095392548,1114.0,1862.102838137502,14123.062297095072,-12260.959458957568,1.6715465333370754,-11.006247270159397,0.45691202872531417,159.14285714285714,-1751.5656369939384,12248.119363272603,1113.0,0.30394489220281123,7.0,-1.0010483320176866,0.25314183123877915
XRPUSDT,breakout,250,4,0.3333333668900622,1829.0,1382.6373880655124,23217.208905094103,-21834.57151702859,0.755952645197109,-11.937983333531214,0.47785675232367414,261.2857142857143,-3119.2245024326558,21806.984539361325,1828.0,0.22103282441174416,7.0,-1.0012650523788593,0.21541826134499725
XRPUSDT,breakout,5,5,0.8807958616803512,240.0,421.6048774259134,3035.0257108301694,-2613.420833404256,1.756686989274639,-10.889253472517733,0.4875,34.285714285714285,-373.34583334346513,2633.880315392552,238.0,0.4069932950566443,7.0,-0.9922321899485221,0.3375
XRPUSDT,breakout,10,5,0.8730932476260509,391.0,224.79288495427664,4947.537226081162,-4722.744341126885,0.5749178643331884,-12.078630028457507,0.45012787723785164,55.857142857142854,-674.6777630181265,4723.793140686113,389.0,0.347947818628752,7.0,-0.9997779751297333,0.2915601023017903
XRPUSDT,breakout,30,5,0.8445788077339998,1099.0,1344.9533001711593,13888.478570947285,-12543.525270776128,1.2237973613932296,-11.413580774136605,0.4713375796178344,157.0,-1791.932181539447,12539.613689138567,1097.0,0.28809384618769723,7.0,-1.0003119379699033,0.26660600545950863
XRPUSDT,breakout,50,5,0.8445788077339998,1099.0,1344.9533001711593,13888.478570947285,-12543.525270776128,1.2237973613932296,-11.413580774136605,0.4713375796178344,157.0,-1791.932181539447,12539.613689138567,1097.0,0.28809384618769723,7.0,-1.0003119379699033,0.26660600545950863
XRPUSDT,breakout,100,5,0.8173604406319055,1318.0,1310.4343715739737,16677.49198819967,-15367.057616625694,0.994259765989358,-11.659376036893546,0.4575113808801214,188.28571428571428,-2195.293945232242,15352.44636757269,1317.0,0.2846873285781021,7.0,-1.0009517212243038,0.24430955993930198
XRPUSDT,breakout,250,5,0.3333333668738538,1915.0,1057.2786308506159,24235.46001187824,-23178.18138102763,0.5521037236817837,-12.103488971815993,0.48093994778067883,273.57142857142856,-3311.1687687182325,23167.18121650702,1914.0,0.23268522277313344,7.0,-1.0004748166994426,0.2297650130548303
XRPUSDT,breakout,5,6,0.8777262750383277,312.0,1011.0048875740899,3946.4200842721307,-2935.415196698041,3.2404002806861856,-9.40838204069885,0.4935897435897436,44.57142857142857,-419.3450280997202,3034.3910545809804,291.0,0.48884506347611884,7.0,-0.9673819701868958,0.34615384615384615
XRPUSDT,breakout,10,6,0.8692126900057865,478.0,487.1929399537041,6038.925205755881,-5551.732265802176,1.019232091953356,-11.614502648121707,0.4497907949790795,68.28571428571429,-793.1046094003108,5563.022936991978,477.0,0.3979417581703706,7.0,-0.9979704072196569,0.3117154811715481
XRPUSDT,breakout,30,6,0.8384616393523104,1064.0,-530.4110401331934,13442.403075558943,-13972.814115692136,-0.4985066166665352,-13.132344093695616,0.450187969924812,152.0,-1996.1163022417336,13997.449508623078,1063.0,0.2899299248574895,7.0,-0.9982400084446981,0.27631578947368424
XRPUSDT,breakout,50,6,0.8384616393523104,1064.0,-530.4110401331934,13442.403075558943,-13972.814115692136,-0.4985066166665352,-13.132344093695616,0.450187969924812,152.0,-1996.1163022417336,13997.449508623078,1063.0,0.2899299248574895,7.0,-0.9982400084446981,0.27631578947368424
XRPUSDT,breakout,100,6,0.809815293880569,1446.0,624.5619042396065,18265.664641263164,-17641.102737023557,0.43192386185311654,-12.199932736530814,0.45712309820193636,206.57142857142858,-2520.157533860508,17715.045377636456,1443.0,0.29729175835243676,7.0,-0.9958259976739182,0.2475795297372061
XRPUSDT,breakout,250,6,0.33333336681895376,1773.0,2803.4812848585984,22408.506296717704,-19605.025011859107,1.5812077184763669,-11.057543717912637,0.49238578680203043,253.28571428571428,-2800.7178588370152,19677.54097735847,1721.0,0.3037773860863324,7.0,-0.9963147851866856,0.25549915397631134
