symbol,model,cooldown,fold,confidence,trades,gross_bp,cost_bp,net_bp,gross_per_trade_bp,net_per_trade_bp,hit_rate
BTCUSDT,tcn,0,0,0.7,53.0,-70.79197044251941,618.1959366117289,-688.9879070542484,-1.3356975555192343,-12.999771831212232,0.39622641509433965
BTCUSDT,tcn,24,0,0.7,39.0,-317.87735705032935,464.3888257442465,-782.2661827945758,-8.150701462828957,-20.058107251142967,0.3076923076923077
BTCUSDT,tcn,120,0,0.7,29.0,-210.97565349871485,346.6996539032783,-557.6753074019932,-7.275022534438443,-19.230183013861836,0.3448275862068966
BTCUSDT,tcn,0,1,0.64,101.0,-1087.8654663317752,1130.8618300642283,-2218.7272963960036,-10.770945211205696,-21.967596994019836,0.45544554455445546
BTCUSDT,tcn,24,1,0.64,71.0,-630.7149274306477,798.3550443703077,-1429.0699718009553,-8.883308837051375,-20.127746081703595,0.4507042253521127
BTCUSDT,tcn,120,1,0.64,49.0,-419.5332616591577,554.0157234618741,-973.5489851210319,-8.561903299166483,-19.8683466351231,0.40816326530612246
BTCUSDT,tcn,0,2,0.62,156.0,-533.058934130672,1736.3975077664586,-2269.4564418971304,-3.41704444955559,-14.547797704468785,0.47435897435897434
BTCUSDT,tcn,24,2,0.62,118.0,-43.66843982023995,1316.5824568981466,-1360.250896718387,-0.3700715239003386,-11.52754997218972,0.5169491525423728
BTCUSDT,tcn,120,2,0.62,83.0,-252.19664397997232,926.6679048316206,-1178.864548811593,-3.0385137828912328,-14.203187335079434,0.4578313253012048
BTCUSDT,tcn,0,3,0.66,150.0,69.68071804554023,1690.231646612985,-1620.5509285674448,0.46453812030360153,-10.803672857116299,0.5733333333333334
BTCUSDT,tcn,24,3,0.66,107.0,447.765318641406,1212.869342082163,-765.1040234407571,4.18472260412529,-7.1505048919696925,0.6074766355140186
BTCUSDT,tcn,120,3,0.66,73.0,242.23342615332876,831.2192328154264,-588.9858066620977,3.318266111689435,-8.068298721398598,0.6027397260273972
BTCUSDT,tcn,0,4,0.7,168.0,206.2789228848292,1867.7078797227205,-1661.4289568378915,1.2278507314573166,-9.889458076416021,0.5059523809523809
BTCUSDT,tcn,24,4,0.7,126.0,260.24887033877064,1398.6847179897932,-1138.4358476510224,2.0654672249108783,-9.035205140087479,0.49206349206349204
BTCUSDT,tcn,120,4,0.7,86.0,623.2257986253534,957.0998122088096,-333.8740135834563,7.2468116119227135,-3.882255971900655,0.5465116279069767
BTCUSDT,tcn,0,5,0.94,71.0,341.521713106227,834.8014694320917,-493.27975632586475,4.810164973327141,-6.947602201772743,0.4788732394366197
BTCUSDT,tcn,24,5,0.94,53.0,189.6619341132814,633.7360661404322,-444.0741320271509,3.5785270587411584,-8.37875720805945,0.4716981132075472
BTCUSDT,tcn,120,5,0.94,46.0,-140.65822650506578,550.0428442999613,-690.701070805027,-3.0577875327188213,-15.015240669674501,0.391304347826087
BTCUSDT,tcn,0,6,0.84,157.0,-620.9677263412434,1799.1882775873742,-2420.156003928618,-3.9552084480333973,-15.415006394449795,0.5031847133757962
BTCUSDT,tcn,24,6,0.84,122.0,-572.1592111421407,1413.750538931332,-1985.9097500734729,-4.689829599525744,-16.27794877109404,0.4672131147540984
BTCUSDT,tcn,120,6,0.84,87.0,-112.87208718115615,998.1297157854398,-1111.001802966596,-1.2973803124270822,-12.770135666282712,0.4827586206896552
