symbol,model,features,cooldown,fold,confidence,trades,gross_bp,cost_bp,net_bp,gross_per_trade_bp,net_per_trade_bp,hit_rate
BTCUSDT,xgboost,wide,0,0,0.76,56.0,-43.911041760980766,617.8571755511717,-661.7682173121524,-0.7841257457317994,-11.817289594859863,0.5892857142857143
BTCUSDT,xgboost,wide,24,0,0.76,45.0,-63.2326239084171,496.65526855645993,-559.887892464877,-1.4051694201870466,-12.441953165886156,0.5555555555555556
BTCUSDT,xgboost,wide,120,0,0.76,32.0,55.16753697037312,353.3485733008057,-298.18103633043256,1.72398553032416,-9.318157385326018,0.53125
BTCUSDT,xgboost,wide,0,1,0.74,83.0,-141.13693562919678,920.4155196700173,-1061.5524552992142,-1.700445007580684,-12.789788618062822,0.5903614457831325
BTCUSDT,xgboost,wide,24,1,0.74,62.0,-276.7651139888046,686.7333284819947,-963.4984424707993,-4.4639534514323325,-15.54029745920644,0.5806451612903226
BTCUSDT,xgboost,wide,120,1,0.74,43.0,199.01055189035452,476.3489418027676,-277.3383899124131,4.628152369543129,-6.449729997963096,0.6511627906976745
BTCUSDT,xgboost,wide,0,2,0.82,200.0,-268.54298378639487,2210.0145051814047,-2478.5574889677996,-1.3427149189319743,-12.392787444838998,0.48
BTCUSDT,xgboost,wide,24,2,0.82,172.0,-47.31608141816508,1901.0513032212907,-1948.3673846394558,-0.27509349661723886,-11.327717352554975,0.48255813953488375
BTCUSDT,xgboost,wide,120,2,0.82,120.0,214.69795029923583,1326.246117822236,-1111.548167523,1.7891495858269653,-9.262901396025,0.49166666666666664
BTCUSDT,xgboost,wide,0,3,0.8,259.0,-161.09737214151346,2866.3698986034215,-3027.467270744935,-0.6219975758359593,-11.689062821409015,0.4864864864864865
BTCUSDT,xgboost,wide,24,3,0.8,205.0,-87.80799828484777,2270.479339966743,-2358.2873382515904,-0.4283316989504769,-11.503840674398003,0.4926829268292683
BTCUSDT,xgboost,wide,120,3,0.8,132.0,-50.28504232505932,1462.3096808981595,-1512.5947232232188,-0.3809472903413585,-11.459050933509234,0.5303030303030303
BTCUSDT,xgboost,wide,0,4,0.82,658.0,-512.0017279954868,7265.339909119331,-7777.341637114818,-0.7781181276527155,-11.819668141511881,0.49544072948328266
BTCUSDT,xgboost,wide,24,4,0.82,506.0,-525.7851881856802,5587.026675550083,-6112.811863735763,-1.039101162422293,-12.080655857185302,0.49209486166007904
BTCUSDT,xgboost,wide,120,4,0.82,284.0,-131.39883201509218,3142.112559141082,-3273.511391156174,-0.46267194371511333,-11.526448560409063,0.4894366197183099
BTCUSDT,xgboost,wide,0,5,0.84,429.0,-81.60141258554353,4733.20584928224,-4814.807261867783,-0.1902130829499849,-11.223326950740754,0.46386946386946387
BTCUSDT,xgboost,wide,24,5,0.84,335.0,-146.86618498961656,3696.263469369178,-3843.129654358794,-0.43840652235706434,-11.472028818981475,0.4537313432835821
BTCUSDT,xgboost,wide,120,5,0.84,202.0,-163.54229199677093,2231.4475853887625,-2394.989877385533,-0.8096153069147075,-11.856385531611549,0.46534653465346537
BTCUSDT,xgboost,wide,0,6,0.88,602.0,-559.640662043068,6636.588591697614,-7196.229253740681,-0.9296356512343322,-11.953869192260267,0.49169435215946844
BTCUSDT,xgboost,wide,24,6,0.88,461.0,-232.6213550920208,5081.18016752853,-5313.80152262055,-0.504601637943646,-11.52668443084718,0.4945770065075922
BTCUSDT,xgboost,wide,120,6,0.88,263.0,-229.2075739585429,2898.1398624430467,-3127.3474364015897,-0.8715116880552962,-11.891054891260797,0.4790874524714829
